circle	tool	M3743.320 1500.517 C3775.035 1454.248 3838.254 1442.451 3884.522 1474.167 C3930.791 1505.883 3942.588 1569.102 3910.872 1615.370 C3879.156 1661.638 3815.937 1673.436 3769.669 1641.720 C3723.401 1610.004 3711.604 1546.785 3743.320 1500.517 Z
circle	svg	M1245.260 3546.250 C1194.540 3549.730 1156.250 3593.670 1159.730 3644.390 C1163.210 3695.100 1207.150 3733.400 1257.870 3729.910 C1308.590 3726.430 1346.880 3682.490 1343.390 3631.770 C1339.910 3581.060 1295.970 3542.760 1245.260 3546.250 Z
circle	tool	M1844.142 4650.910 C1849.165 4637.172 1864.374 4630.107 1878.112 4635.130 C1891.850 4640.154 1898.915 4655.363 1893.892 4669.101 C1888.869 4682.839 1873.659 4689.904 1859.921 4684.880 C1846.183 4679.857 1839.119 4664.648 1844.142 4650.910 Z
circle	svg	M1882.890 1058.090 C1886.830 1061.540 1892.830 1061.130 1896.280 1057.190 C1899.730 1053.240 1899.320 1047.240 1895.370 1043.790 C1891.420 1040.350 1885.430 1040.750 1881.980 1044.700 C1878.530 1048.650 1878.940 1054.650 1882.890 1058.090 Z
circle	tool	M1624.850 4607.486 C1610.208 4591.695 1611.139 4567.023 1626.931 4552.381 C1642.722 4537.738 1667.394 4538.670 1682.036 4554.461 C1696.679 4570.253 1695.747 4594.925 1679.956 4609.567 C1664.164 4624.209 1639.492 4623.278 1624.850 4607.486 Z
circle	svg	M30.100 1478.020 C15.520 1493.600 16.320 1518.040 31.900 1532.620 C47.470 1547.210 71.910 1546.400 86.490 1530.830 C101.080 1515.260 100.270 1490.810 84.700 1476.230 C69.130 1461.650 44.680 1462.450 30.100 1478.020 Z
circle	tool	M1708.818 4471.651 C1694.539 4470.139 1681.444 4463.017 1672.416 4451.851 C1663.387 4440.686 1659.164 4426.390 1660.675 4412.111 C1662.186 4397.831 1669.308 4384.737 1680.474 4375.708 C1691.640 4366.679 1705.935 4362.456 1720.215 4363.968 C1734.495 4365.479 1747.589 4372.601 1756.618 4383.767 C1765.646 4394.932 1769.869 4409.228 1768.358 4423.507 C1766.847 4437.787 1759.725 4450.881 1748.559 4459.910 C1737.393 4468.939 1723.098 4473.162 1708.818 4471.651 Z
circle	svg	M4523.770 1116.390 C4524.270 1109.040 4518.710 1102.680 4511.370 1102.190 C4504.020 1101.690 4497.670 1107.250 4497.170 1114.590 C4496.680 1121.940 4502.230 1128.290 4509.580 1128.790 C4516.920 1129.280 4523.280 1123.730 4523.770 1116.390 Z
circle	tool	M3398.839 4194.476 C3398.602 4199.049 3394.704 4202.564 3390.131 4202.328 C3385.558 4202.092 3382.043 4198.193 3382.279 4193.620 C3382.516 4189.048 3386.414 4185.532 3390.987 4185.769 C3395.560 4186.005 3399.075 4189.904 3398.839 4194.476 Z
circle	svg	M1039.160 2526.880 C916.950 2436.930 744.970 2463.080 655.030 2585.290 C565.080 2707.490 591.240 2879.470 713.440 2969.420 C835.650 3059.360 1007.630 3033.210 1097.570 2911.010 C1187.520 2788.800 1161.360 2616.820 1039.160 2526.880 Z
circle	tool	M2930.765 3092.022 C2879.133 3068.604 2856.261 3007.763 2879.679 2956.131 C2903.097 2904.499 2963.938 2881.626 3015.570 2905.045 C3067.202 2928.463 3090.074 2989.303 3066.656 3040.935 C3043.238 3092.568 2982.398 3115.440 2930.765 3092.022 Z
circle	svg	M1979.140 886.170 C2001.900 904.070 2034.860 900.130 2052.770 877.380 C2070.670 854.620 2066.730 821.650 2043.970 803.750 C2021.210 785.850 1988.250 789.790 1970.350 812.550 C1952.450 835.310 1956.380 868.270 1979.140 886.170 Z
circle	tool	M1638.284 17.963 C1641.072 22.309 1642.019 27.585 1640.917 32.629 C1639.815 37.674 1636.754 42.074 1632.407 44.862 C1628.061 47.650 1622.785 48.597 1617.741 47.495 C1612.696 46.393 1608.296 43.332 1605.508 38.985 C1602.720 34.639 1601.773 29.363 1602.875 24.318 C1603.978 19.274 1607.039 14.874 1611.385 12.086 C1615.731 9.298 1621.007 8.351 1626.052 9.453 C1631.096 10.555 1635.497 13.616 1638.284 17.963 Z
circle	svg	M2930.800 4127.330 C2956.920 4114.450 2967.660 4082.840 2954.790 4056.720 C2941.910 4030.600 2910.300 4019.860 2884.180 4032.730 C2858.060 4045.600 2847.320 4077.220 2860.190 4103.340 C2873.070 4129.460 2904.680 4140.200 2930.800 4127.330 Z
circle	tool	M4538.778 3470.227 C4539.369 3466.545 4542.833 3464.039 4546.514 3464.631 C4550.196 3465.222 4552.701 3468.685 4552.110 3472.367 C4551.519 3476.049 4548.055 3478.554 4544.374 3477.963 C4540.692 3477.372 4538.187 3473.908 4538.778 3470.227 Z
circle	svg	M2726.600 3813.800 C2736.480 3823.700 2752.520 3823.720 2762.410 3813.840 C2772.310 3803.960 2772.330 3787.920 2762.450 3778.020 C2752.570 3768.130 2736.540 3768.110 2726.640 3777.990 C2716.740 3787.870 2716.720 3803.900 2726.600 3813.800 Z
circle	tool	M381.807 1542.182 C377.177 1544.635 371.763 1545.149 366.754 1543.610 C361.746 1542.071 357.554 1538.606 355.101 1533.976 C352.648 1529.347 352.134 1523.932 353.673 1518.924 C355.212 1513.916 358.677 1509.724 363.307 1507.270 C367.936 1504.817 373.351 1504.303 378.359 1505.842 C383.367 1507.381 387.559 1510.847 390.013 1515.476 C392.466 1520.106 392.980 1525.520 391.441 1530.529 C389.902 1535.537 386.436 1539.729 381.807 1542.182 Z
circle	svg	M4031.520 4558.960 C3970.960 4430.270 3817.540 4375.030 3688.850 4435.590 C3560.150 4496.140 3504.920 4649.560 3565.470 4778.250 C3626.030 4906.950 3779.450 4962.180 3908.140 4901.630 C4036.830 4841.070 4092.070 4687.650 4031.520 4558.960 Z
circle	tool	M1027.632 2372.661 C967.336 2304.610 973.621 2200.565 1041.672 2140.268 C1109.722 2079.972 1213.768 2086.257 1274.065 2154.308 C1334.361 2222.358 1328.075 2326.404 1260.025 2386.701 C1191.975 2446.997 1087.929 2440.711 1027.632 2372.661 Z
circle	svg	M678.410 2721.270 C673.660 2696.150 649.440 2679.640 624.320 2684.400 C599.210 2689.160 582.700 2713.370 587.450 2738.490 C592.210 2763.610 616.430 2780.110 641.540 2775.360 C666.660 2770.600 683.170 2746.390 678.410 2721.270 Z
circle	tool	M4075.083 1704.384 C3983.910 1623.042 3975.940 1483.191 4057.282 1392.018 C4138.624 1300.845 4278.475 1292.875 4369.648 1374.217 C4460.821 1455.559 4468.791 1595.410 4387.449 1686.583 C4306.107 1777.756 4166.256 1785.726 4075.083 1704.384 Z
circle	svg	M53.900 3788.200 C26.530 3758.920 -19.390 3757.380 -48.660 3784.750 C-77.940 3812.120 -79.480 3858.040 -52.110 3887.320 C-24.740 3916.590 21.180 3918.140 50.450 3890.760 C79.730 3863.390 81.270 3817.470 53.900 3788.200 Z
circle	tool	M3971.830 2966.142 C3969.452 2963.279 3969.844 2959.031 3972.707 2956.652 C3975.570 2954.274 3979.818 2954.666 3982.197 2957.529 C3984.575 2960.392 3984.183 2964.641 3981.320 2967.019 C3978.457 2969.397 3974.208 2969.005 3971.830 2966.142 Z
circle	svg	M5071.090 1726.230 C5106.190 1677.270 5094.960 1609.130 5046.010 1574.030 C4997.050 1538.920 4928.910 1550.150 4893.810 1599.110 C4858.700 1648.060 4869.930 1716.210 4918.890 1751.310 C4967.840 1786.410 5035.990 1775.190 5071.090 1726.230 Z
circle	tool	M2672.736 4407.775 C2670.809 4404.592 2671.826 4400.449 2675.010 4398.521 C2678.193 4396.594 2682.336 4397.612 2684.263 4400.795 C2686.191 4403.978 2685.173 4408.121 2681.990 4410.049 C2678.807 4411.976 2674.664 4410.958 2672.736 4407.775 Z
circle	svg	M2279.630 2205.690 C2280.530 2212.660 2286.900 2217.580 2293.870 2216.690 C2300.830 2215.790 2305.760 2209.420 2304.860 2202.450 C2303.970 2195.490 2297.600 2190.560 2290.630 2191.460 C2283.660 2192.350 2278.740 2198.720 2279.630 2205.690 Z
circle	tool	M3294.360 1742.516 C3298.192 1749.974 3295.253 1759.127 3287.795 1762.959 C3280.337 1766.792 3271.185 1763.853 3267.352 1756.395 C3263.519 1748.937 3266.458 1739.784 3273.916 1735.952 C3281.374 1732.119 3290.527 1735.058 3294.360 1742.516 Z
circle	svg	M2726.420 4105.770 C2725.910 4108.950 2728.080 4111.930 2731.260 4112.430 C2734.430 4112.930 2737.420 4110.770 2737.920 4107.590 C2738.420 4104.420 2736.250 4101.430 2733.080 4100.930 C2729.900 4100.430 2726.920 4102.600 2726.420 4105.770 Z
circle	tool	M3340.567 3326.994 C3357.140 3386.205 3322.575 3447.640 3263.364 3464.213 C3204.152 3480.786 3142.717 3446.221 3126.144 3387.009 C3109.572 3327.798 3144.137 3266.363 3203.348 3249.790 C3262.559 3233.217 3323.994 3267.783 3340.567 3326.994 Z
circle	svg	M73.390 3582.280 C84.170 3579.540 90.700 3568.590 87.970 3557.810 C85.230 3547.020 74.280 3540.500 63.500 3543.230 C52.720 3545.960 46.190 3556.920 48.920 3567.700 C51.650 3578.480 62.610 3585.010 73.390 3582.280 Z
circle	tool	M4452.703 289.811 C4446.634 291.295 4440.511 287.578 4439.027 281.510 C4437.543 275.441 4441.260 269.318 4447.329 267.834 C4453.398 266.350 4459.521 270.066 4461.005 276.135 C4462.489 282.204 4458.772 288.327 4452.703 289.811 Z
circle	svg	M4861.650 4096.970 C4862.350 4092.180 4859.050 4087.740 4854.270 4087.030 C4849.490 4086.320 4845.040 4089.620 4844.330 4094.400 C4843.620 4099.180 4846.930 4103.630 4851.710 4104.340 C4856.490 4105.050 4860.940 4101.750 4861.650 4096.970 Z
circle	tool	M4865.928 4209.951 C4778.223 4164.262 4744.162 4056.124 4789.851 3968.418 C4835.540 3880.713 4943.677 3846.652 5031.383 3892.341 C5119.089 3938.030 5153.150 4046.167 5107.461 4133.873 C5061.772 4221.578 4953.634 4255.640 4865.928 4209.951 Z
circle	svg	M2289.380 2018.370 C2292.320 2018.940 2295.170 2017.010 2295.740 2014.060 C2296.310 2011.120 2294.380 2008.270 2291.440 2007.700 C2288.490 2007.130 2285.640 2009.060 2285.070 2012.000 C2284.500 2014.950 2286.430 2017.800 2289.380 2018.370 Z
circle	tool	M2826.905 1858.387 C2925.552 1846.105 3015.477 1916.118 3027.759 2014.765 C3040.041 2113.412 2970.028 2203.338 2871.381 2215.620 C2772.734 2227.901 2682.808 2157.888 2670.526 2059.241 C2658.245 1960.594 2728.258 1870.669 2826.905 1858.387 Z
circle	svg	M2701.610 1653.540 C2675.430 1766.360 2745.670 1879.040 2858.490 1905.210 C2971.310 1931.390 3083.990 1861.150 3110.170 1748.330 C3136.340 1635.510 3066.100 1522.830 2953.280 1496.650 C2840.460 1470.480 2727.780 1540.720 2701.610 1653.540 Z
circle	tool	M661.273 1224.019 C658.937 1226.835 655.578 1228.608 651.935 1228.947 C648.292 1229.286 644.664 1228.164 641.848 1225.828 C639.032 1223.492 637.259 1220.133 636.920 1216.490 C636.581 1212.847 637.703 1209.219 640.039 1206.403 C642.375 1203.587 645.734 1201.814 649.377 1201.475 C653.020 1201.136 656.648 1202.258 659.464 1204.594 C662.280 1206.930 664.053 1210.289 664.392 1213.932 C664.731 1217.575 663.609 1221.203 661.273 1224.019 Z
circle	svg	M2003.100 3752.240 C2091.160 3700.630 2120.710 3587.400 2069.100 3499.350 C2017.480 3411.290 1904.260 3381.740 1816.200 3433.350 C1728.140 3484.970 1698.590 3598.190 1750.210 3686.250 C1801.820 3774.310 1915.050 3803.860 2003.100 3752.240 Z
circle	tool	M3771.118 962.211 C3768.624 968.123 3761.809 970.894 3755.897 968.400 C3749.985 965.906 3747.214 959.091 3749.708 953.179 C3752.202 947.267 3759.017 944.496 3764.929 946.990 C3770.841 949.484 3773.612 956.299 3771.118 962.211 Z
circle	svg	M3788.900 4484.720 C3838.820 4517.880 3906.180 4504.300 3939.340 4454.380 C3972.510 4404.450 3958.920 4337.100 3909.000 4303.930 C3859.080 4270.770 3791.720 4284.350 3758.560 4334.280 C3725.390 4384.200 3738.980 4451.550 3788.900 4484.720 Z
circle	tool	M690.419 3302.227 C688.052 3298.243 689.363 3293.094 693.347 3290.727 C697.331 3288.360 702.480 3289.670 704.847 3293.655 C707.214 3297.639 705.903 3302.787 701.919 3305.154 C697.935 3307.521 692.787 3306.211 690.419 3302.227 Z
circle	svg	M427.200 3250.670 C346.730 3306.660 326.880 3417.290 382.870 3497.760 C438.860 3578.240 549.490 3598.090 629.970 3542.100 C710.450 3486.110 730.290 3375.480 674.300 3295.000 C618.310 3214.520 507.680 3194.670 427.200 3250.670 Z
circle	tool	M1504.740 2825.418 C1530.208 2804.595 1567.735 2808.361 1588.558 2833.830 C1609.381 2859.298 1605.615 2896.825 1580.147 2917.648 C1554.678 2938.471 1517.151 2934.705 1496.328 2909.237 C1475.505 2883.768 1479.271 2846.242 1504.740 2825.418 Z
circle	svg	M2835.570 3172.590 C2838.220 3172.890 2840.610 3170.980 2840.910 3168.320 C2841.210 3165.670 2839.300 3163.280 2836.640 3162.980 C2833.990 3162.690 2831.600 3164.600 2831.300 3167.250 C2831.010 3169.900 2832.920 3172.290 2835.570 3172.590 Z
circle	tool	M1583.779 3072.548 C1650.060 3066.191 1708.946 3114.769 1715.304 3181.050 C1721.662 3247.332 1673.084 3306.218 1606.802 3312.576 C1540.520 3318.933 1481.634 3270.355 1475.277 3204.074 C1468.919 3137.792 1517.497 3078.906 1583.779 3072.548 Z
circle	svg	M3136.880 232.080 C3146.080 255.240 3172.320 266.560 3195.480 257.370 C3218.650 248.170 3229.970 221.930 3220.770 198.770 C3211.570 175.600 3185.340 164.280 3162.170 173.480 C3139.010 182.670 3127.680 208.910 3136.880 232.080 Z
circle	tool	M2949.681 1321.550 C2949.833 1322.929 2949.431 1324.313 2948.563 1325.395 C2947.695 1326.478 2946.432 1327.172 2945.053 1327.324 C2943.673 1327.476 2942.290 1327.074 2941.207 1326.206 C2940.125 1325.338 2939.431 1324.075 2939.279 1322.696 C2939.127 1321.317 2939.529 1319.933 2940.397 1318.850 C2941.265 1317.768 2942.527 1317.074 2943.907 1316.922 C2945.286 1316.770 2946.669 1317.172 2947.752 1318.040 C2948.835 1318.908 2949.529 1320.171 2949.681 1321.550 Z
circle	svg	M1332.280 4446.990 C1338.520 4439.080 1337.160 4427.610 1329.250 4421.370 C1321.340 4415.130 1309.860 4416.490 1303.630 4424.400 C1297.390 4432.320 1298.740 4443.790 1306.660 4450.030 C1314.570 4456.260 1326.040 4454.910 1332.280 4446.990 Z
circle	tool	M4729.648 3733.025 C4767.634 3778.754 4761.356 3846.619 4715.627 3884.605 C4669.898 3922.591 4602.033 3916.314 4564.047 3870.585 C4526.061 3824.855 4532.338 3756.990 4578.067 3719.004 C4623.797 3681.018 4691.662 3687.296 4729.648 3733.025 Z
circle	svg	M1722.330 2409.260 C1725.440 2409.690 1728.310 2407.510 1728.740 2404.400 C1729.170 2401.290 1727.000 2398.420 1723.890 2397.990 C1720.770 2397.560 1717.900 2399.730 1717.470 2402.840 C1717.040 2405.960 1719.220 2408.830 1722.330 2409.260 Z
circle	tool	M453.351 1855.734 C456.631 1856.886 459.319 1859.295 460.823 1862.429 C462.327 1865.564 462.524 1869.167 461.371 1872.447 C460.218 1875.727 457.810 1878.415 454.676 1879.919 C451.541 1881.423 447.938 1881.620 444.658 1880.467 C441.378 1879.314 438.690 1876.906 437.186 1873.772 C435.682 1870.637 435.485 1867.034 436.638 1863.754 C437.790 1860.474 440.199 1857.786 443.333 1856.282 C446.468 1854.778 450.071 1854.581 453.351 1855.734 Z
circle	svg	M530.490 1313.220 C527.240 1314.730 525.820 1318.600 527.330 1321.850 C528.840 1325.110 532.710 1326.520 535.960 1325.010 C539.220 1323.500 540.630 1319.640 539.120 1316.380 C537.610 1313.130 533.750 1311.710 530.490 1313.220 Z
circle	tool	M3326.100 2487.707 C3293.881 2555.889 3212.489 2585.042 3144.307 2552.823 C3076.125 2520.604 3046.972 2439.212 3079.191 2371.030 C3111.411 2302.848 3192.802 2273.695 3260.984 2305.914 C3329.166 2338.134 3358.319 2419.525 3326.100 2487.707 Z
circle	svg	M1500.670 4118.270 C1477.850 4077.760 1426.520 4063.420 1386.020 4086.240 C1345.520 4109.050 1331.180 4160.380 1353.990 4200.880 C1376.800 4241.390 1428.130 4255.730 1468.640 4232.910 C1509.140 4210.100 1523.480 4158.770 1500.670 4118.270 Z
circle	tool	M2277.523 3663.497 C2272.852 3657.925 2273.584 3649.622 2279.155 3644.952 C2284.727 3640.282 2293.030 3641.013 2297.700 3646.585 C2302.371 3652.157 2301.639 3660.459 2296.067 3665.130 C2290.496 3669.800 2282.193 3669.069 2277.523 3663.497 Z
circle	svg	M2334.980 1504.820 C2333.770 1501.210 2329.870 1499.260 2326.260 1500.460 C2322.650 1501.670 2320.700 1505.570 2321.900 1509.180 C2323.100 1512.790 2327.010 1514.740 2330.620 1513.540 C2334.230 1512.340 2336.180 1508.430 2334.980 1504.820 Z
circle	tool	M1980.714 3980.283 C1970.456 3999.892 1952.829 4014.624 1931.710 4021.236 C1910.591 4027.849 1887.710 4025.802 1868.101 4015.544 C1848.491 4005.287 1833.760 3987.660 1827.147 3966.541 C1820.534 3945.422 1822.582 3922.541 1832.839 3902.931 C1843.096 3883.322 1860.724 3868.590 1881.843 3861.978 C1902.962 3855.365 1925.843 3857.412 1945.452 3867.670 C1965.061 3877.927 1979.793 3895.554 1986.406 3916.673 C1993.019 3937.792 1990.971 3960.673 1980.714 3980.283 Z
circle	svg	M2657.240 3583.020 C2674.430 3588.420 2692.750 3578.870 2698.160 3561.670 C2703.560 3544.480 2694.000 3526.160 2676.810 3520.760 C2659.610 3515.350 2641.300 3524.910 2635.890 3542.100 C2630.490 3559.300 2640.050 3577.620 2657.240 3583.020 Z
circle	tool	M1607.151 83.531 C1622.020 71.501 1643.825 73.802 1655.856 88.671 C1667.886 103.540 1665.585 125.345 1650.716 137.375 C1635.847 149.406 1614.041 147.104 1602.011 132.236 C1589.981 117.367 1592.282 95.561 1607.151 83.531 Z
circle	svg	M294.960 4926.780 C302.700 4926.480 308.740 4919.970 308.450 4912.230 C308.160 4904.490 301.640 4898.450 293.900 4898.740 C286.160 4899.040 280.120 4905.550 280.420 4913.290 C280.710 4921.030 287.220 4927.070 294.960 4926.780 Z
circle	tool	M320.367 4771.755 C318.103 4773.747 314.653 4773.527 312.661 4771.263 C310.670 4768.999 310.890 4765.549 313.154 4763.557 C315.418 4761.565 318.868 4761.785 320.860 4764.049 C322.852 4766.313 322.631 4769.764 320.367 4771.755 Z
circle	svg	M2338.020 1093.620 C2266.270 1070.820 2189.620 1110.500 2166.820 1182.250 C2144.020 1254.000 2183.700 1330.650 2255.450 1353.450 C2327.200 1376.250 2403.850 1336.570 2426.650 1264.820 C2449.450 1193.070 2409.770 1116.420 2338.020 1093.620 Z
circle	tool	M823.843 2195.890 C824.203 2191.130 828.355 2187.564 833.115 2187.925 C837.875 2188.286 841.441 2192.437 841.080 2197.197 C840.719 2201.958 836.568 2205.524 831.808 2205.163 C827.048 2204.802 823.482 2200.650 823.843 2195.890 Z
circle	svg	M1259.680 1959.610 C1114.190 1988.280 1019.490 2129.470 1048.170 2274.960 C1076.850 2420.450 1218.040 2515.140 1363.530 2486.460 C1509.020 2457.790 1603.710 2316.600 1575.030 2171.110 C1546.350 2025.620 1405.160 1930.930 1259.680 1959.610 Z
circle	tool	M1607.896 2708.827 C1611.762 2710.196 1613.787 2714.439 1612.419 2718.305 C1611.051 2722.171 1606.807 2724.197 1602.941 2722.828 C1599.075 2721.460 1597.050 2717.217 1598.418 2713.351 C1599.786 2709.484 1604.029 2707.459 1607.896 2708.827 Z
circle	svg	M533.820 1723.850 C525.870 1724.760 520.160 1731.950 521.070 1739.900 C521.980 1747.850 529.170 1753.560 537.120 1752.640 C545.070 1751.730 550.780 1744.550 549.870 1736.600 C548.960 1728.650 541.770 1722.940 533.820 1723.850 Z
circle	tool	M1498.963 1928.320 C1498.052 1935.225 1491.716 1940.084 1484.811 1939.174 C1477.906 1938.263 1473.047 1931.927 1473.958 1925.022 C1474.869 1918.117 1481.205 1913.258 1488.110 1914.168 C1495.015 1915.079 1499.874 1921.415 1498.963 1928.320 Z
circle	svg	M2696.030 3672.580 C2718.450 3690.070 2750.810 3686.070 2768.300 3663.640 C2785.790 3641.220 2781.790 3608.870 2759.360 3591.380 C2736.940 3573.890 2704.590 3577.890 2687.100 3600.310 C2669.610 3622.730 2673.610 3655.090 2696.030 3672.580 Z
circle	tool	M4230.864 1087.044 C4233.171 1086.503 4235.598 1086.900 4237.613 1088.148 C4239.627 1089.397 4241.063 1091.394 4241.604 1093.701 C4242.146 1096.008 4241.748 1098.436 4240.500 1100.450 C4239.252 1102.464 4237.254 1103.900 4234.947 1104.442 C4232.640 1104.983 4230.212 1104.586 4228.198 1103.338 C4226.184 1102.089 4224.748 1100.092 4224.207 1097.785 C4223.665 1095.478 4224.062 1093.050 4225.311 1091.036 C4226.559 1089.021 4228.557 1087.586 4230.864 1087.044 Z
circle	svg	M3670.300 1390.630 C3738.920 1367.170 3775.530 1292.540 3752.080 1223.920 C3728.620 1155.310 3653.990 1118.690 3585.370 1142.150 C3516.760 1165.600 3480.140 1240.240 3503.600 1308.850 C3527.050 1377.470 3601.690 1414.080 3670.300 1390.630 Z
circle	tool	M1148.924 31.958 C1152.090 33.705 1153.241 37.688 1151.494 40.855 C1149.747 44.021 1145.764 45.172 1142.598 43.425 C1139.431 41.678 1138.280 37.695 1140.027 34.529 C1141.774 31.362 1145.757 30.211 1148.924 31.958 Z
circle	svg	M3565.650 895.140 C3609.910 801.060 3569.530 688.920 3475.450 644.660 C3381.380 600.400 3269.230 640.780 3224.970 734.860 C3180.720 828.930 3221.100 941.080 3315.170 985.340 C3409.250 1029.590 3521.390 989.210 3565.650 895.140 Z
circle	tool	M1078.271 3117.935 C1069.835 3115.547 1064.932 3106.772 1067.321 3098.336 C1069.709 3089.900 1078.484 3084.997 1086.920 3087.385 C1095.357 3089.774 1100.259 3098.549 1097.871 3106.985 C1095.482 3115.421 1086.707 3120.324 1078.271 3117.935 Z
circle	svg	M2593.650 4912.630 C2575.830 4956.810 2597.200 5007.070 2641.380 5024.890 C2685.560 5042.710 2735.820 5021.340 2753.640 4977.160 C2771.460 4932.980 2750.090 4882.720 2705.910 4864.900 C2661.730 4847.090 2611.470 4868.450 2593.650 4912.630 Z
circle	tool	M2229.446 558.887 C2218.557 562.085 2207.138 555.850 2203.940 544.961 C2200.742 534.073 2206.977 522.653 2217.866 519.455 C2228.754 516.257 2240.174 522.492 2243.372 533.381 C2246.570 544.270 2240.335 555.689 2229.446 558.887 Z
circle	svg	M2785.890 2939.400 C2706.330 2981.140 2675.680 3079.480 2717.420 3159.030 C2759.170 3238.590 2857.500 3269.240 2937.060 3227.490 C3016.610 3185.750 3047.270 3087.420 3005.520 3007.860 C2963.780 2928.310 2865.440 2897.650 2785.890 2939.400 Z
circle	tool	M151.129 3959.373 C32.969 3931.939 -40.579 3813.911 -13.144 3695.750 C14.290 3577.590 132.318 3504.042 250.478 3531.477 C368.639 3558.911 442.186 3676.939 414.752 3795.100 C387.317 3913.260 269.289 3986.808 151.129 3959.373 Z
circle	svg	M4101.460 2142.290 C4102.980 2136.930 4099.880 2131.350 4094.530 2129.830 C4089.170 2128.300 4083.590 2131.400 4082.060 2136.760 C4080.530 2142.110 4083.640 2147.690 4088.990 2149.220 C4094.350 2150.750 4099.930 2147.650 4101.460 2142.290 Z
circle	tool	M3008.196 1092.480 C2993.935 1088.508 2981.836 1079.034 2974.560 1066.142 C2967.285 1053.249 2965.429 1037.995 2969.400 1023.734 C2973.372 1009.473 2982.846 997.374 2995.739 990.098 C3008.631 982.823 3023.885 980.967 3038.146 984.938 C3052.407 988.910 3064.506 998.384 3071.782 1011.277 C3079.058 1024.169 3080.914 1039.424 3076.942 1053.684 C3072.970 1067.945 3063.496 1080.044 3050.604 1087.320 C3037.711 1094.596 3022.457 1096.452 3008.196 1092.480 Z
circle	svg	M117.770 767.400 C116.850 764.600 113.840 763.080 111.050 764.000 C108.260 764.910 106.740 767.920 107.660 770.710 C108.570 773.500 111.580 775.020 114.370 774.110 C117.160 773.190 118.680 770.190 117.770 767.400 Z
circle	tool	M3521.813 2665.387 C3562.665 2604.055 3645.502 2587.452 3706.835 2628.304 C3768.167 2669.156 3784.770 2751.993 3743.918 2813.326 C3703.065 2874.658 3620.228 2891.261 3558.896 2850.409 C3497.563 2809.557 3480.961 2726.720 3521.813 2665.387 Z
circle	svg	M3567.160 3414.270 C3576.240 3417.950 3586.570 3413.570 3590.250 3404.500 C3593.930 3395.420 3589.550 3385.090 3580.480 3381.410 C3571.400 3377.730 3561.060 3382.110 3557.390 3391.180 C3553.710 3400.260 3558.090 3410.600 3567.160 3414.270 Z
circle	tool	M3239.988 4338.386 C3253.662 4356.728 3249.878 4382.683 3231.536 4396.357 C3213.194 4410.032 3187.239 4406.247 3173.565 4387.905 C3159.891 4369.563 3163.675 4343.608 3182.017 4329.934 C3200.359 4316.260 3226.314 4320.044 3239.988 4338.386 Z
circle	svg	M4139.550 1785.620 C4157.480 1754.610 4146.880 1714.940 4115.880 1697.010 C4084.870 1679.080 4045.200 1689.680 4027.270 1720.680 C4009.340 1751.690 4019.940 1791.360 4050.940 1809.290 C4081.950 1827.220 4121.620 1816.620 4139.550 1785.620 Z
circle	tool	M1947.236 4520.349 C1952.448 4524.885 1952.997 4532.787 1948.462 4538.000 C1943.926 4543.213 1936.024 4543.762 1930.811 4539.226 C1925.598 4534.691 1925.049 4526.788 1929.584 4521.575 C1934.120 4516.362 1942.023 4515.813 1947.236 4520.349 Z
circle	svg	M1128.840 3076.680 C1124.650 3076.740 1121.290 3080.200 1121.360 3084.400 C1121.420 3088.600 1124.880 3091.950 1129.080 3091.880 C1133.270 3091.820 1136.630 3088.370 1136.560 3084.170 C1136.500 3079.970 1133.040 3076.620 1128.840 3076.680 Z
circle	tool	M4568.773 2374.035 C4538.123 2301.431 4572.134 2217.727 4644.738 2187.077 C4717.342 2156.427 4801.046 2190.438 4831.696 2263.042 C4862.346 2335.646 4828.335 2419.350 4755.731 2450.000 C4683.127 2480.650 4599.423 2446.639 4568.773 2374.035 Z
circle	svg	M1827.030 4926.280 C1788.680 4956.520 1782.100 5012.130 1812.340 5050.490 C1842.580 5088.850 1898.190 5095.420 1936.550 5065.180 C1974.900 5034.940 1981.480 4979.330 1951.240 4940.970 C1921.000 4902.620 1865.390 4896.040 1827.030 4926.280 Z
circle	tool	M3251.780 512.540 C3253.614 511.477 3255.796 511.187 3257.844 511.734 C3259.893 512.280 3261.640 513.617 3262.702 515.452 C3263.765 517.286 3264.055 519.468 3263.509 521.516 C3262.962 523.564 3261.625 525.312 3259.790 526.374 C3257.956 527.436 3255.774 527.726 3253.726 527.180 C3251.678 526.634 3249.930 525.297 3248.868 523.462 C3247.806 521.628 3247.516 519.446 3248.062 517.398 C3248.608 515.349 3249.945 513.602 3251.780 512.540 Z
circle	svg	M4597.010 3785.010 C4647.170 3822.760 4718.440 3812.690 4756.190 3762.530 C4793.930 3712.370 4783.870 3641.110 4733.710 3603.360 C4683.550 3565.610 4612.290 3575.670 4574.540 3625.830 C4536.790 3676.000 4546.850 3747.260 4597.010 3785.010 Z
circle	tool	M970.677 3125.079 C1023.319 3127.564 1063.979 3172.254 1061.494 3224.897 C1059.008 3277.539 1014.318 3318.199 961.676 3315.713 C909.033 3313.227 868.373 3268.537 870.859 3215.895 C873.345 3163.253 918.035 3122.593 970.677 3125.079 Z
circle	svg	M4939.480 2302.930 C4926.150 2300.850 4913.650 2309.960 4911.570 2323.300 C4909.480 2336.630 4918.600 2349.120 4931.930 2351.210 C4945.260 2353.290 4957.760 2344.180 4959.840 2330.850 C4961.930 2317.520 4952.810 2305.020 4939.480 2302.930 Z
circle	tool	M3537.548 1781.981 C3544.513 1785.579 3547.243 1794.141 3543.646 1801.106 C3540.048 1808.071 3531.486 1810.801 3524.521 1807.204 C3517.556 1803.607 3514.826 1795.044 3518.423 1788.079 C3522.020 1781.114 3530.583 1778.384 3537.548 1781.981 Z
circle	svg	M1572.190 2968.890 C1468.490 3059.070 1457.520 3216.250 1547.700 3319.950 C1637.880 3423.660 1795.060 3434.620 1898.760 3344.440 C2002.470 3254.260 2013.430 3097.090 1923.250 2993.380 C1833.070 2889.680 1675.900 2878.710 1572.190 2968.890 Z
circle	tool	M4649.937 282.774 C4673.620 277.768 4698.322 282.375 4718.608 295.581 C4738.895 308.788 4753.104 329.512 4758.110 353.195 C4763.116 376.878 4758.510 401.580 4745.303 421.866 C4732.097 442.153 4711.372 456.362 4687.689 461.368 C4664.006 466.374 4639.304 461.767 4619.018 448.561 C4598.732 435.354 4584.522 414.630 4579.516 390.947 C4574.510 367.264 4579.117 342.562 4592.323 322.276 C4605.530 301.989 4626.254 287.780 4649.937 282.774 Z
circle	svg	M3658.920 3757.620 C3691.180 3734.150 3698.300 3688.970 3674.830 3656.710 C3651.360 3624.450 3606.180 3617.330 3573.920 3640.800 C3541.660 3664.270 3534.530 3709.450 3558.010 3741.710 C3581.480 3773.970 3626.660 3781.100 3658.920 3757.620 Z
circle	tool	M4889.871 725.114 C4908.439 782.495 4903.451 844.902 4876.006 898.606 C4848.560 952.310 4800.905 992.912 4743.523 1011.480 C4686.142 1030.047 4623.735 1025.059 4570.031 997.614 C4516.326 970.168 4475.725 922.513 4457.157 865.131 C4438.590 807.750 4443.577 745.343 4471.023 691.639 C4498.469 637.935 4546.124 597.333 4603.505 578.765 C4660.887 560.198 4723.294 565.186 4776.998 592.631 C4830.702 620.077 4871.304 667.732 4889.871 725.114 Z
circle	svg	M4794.830 2106.120 C4806.790 2106.010 4816.390 2096.230 4816.280 2084.270 C4816.170 2072.300 4806.390 2062.700 4794.430 2062.810 C4782.470 2062.920 4772.860 2072.700 4772.970 2084.660 C4773.080 2096.620 4782.860 2106.230 4794.830 2106.120 Z
circle	tool	M953.353 1081.044 C945.323 1063.798 952.793 1043.308 970.039 1035.278 C987.285 1027.248 1007.775 1034.719 1015.805 1051.964 C1023.835 1069.210 1016.364 1089.700 999.119 1097.730 C981.873 1105.760 961.383 1098.290 953.353 1081.044 Z
circle	svg	M2400.640 4371.590 C2446.280 4431.370 2531.740 4442.840 2591.520 4397.200 C2651.310 4351.560 2662.770 4266.100 2617.130 4206.320 C2571.490 4146.530 2486.030 4135.070 2426.250 4180.710 C2366.470 4226.350 2355.000 4311.810 2400.640 4371.590 Z
circle	tool	M2186.929 3581.584 C2187.788 3579.211 2190.408 3577.983 2192.782 3578.842 C2195.155 3579.700 2196.383 3582.321 2195.524 3584.694 C2194.665 3587.068 2192.045 3588.296 2189.671 3587.437 C2187.298 3586.578 2186.070 3583.957 2186.929 3581.584 Z
circle	svg	M2926.310 4219.920 C2916.260 4241.080 2925.270 4266.380 2946.430 4276.430 C2967.590 4286.480 2992.890 4277.480 3002.950 4256.310 C3013.000 4235.150 3003.990 4209.850 2982.830 4199.800 C2961.670 4189.750 2936.360 4198.750 2926.310 4219.920 Z
circle	tool	M4418.502 2620.442 C4381.509 2623.377 4349.140 2595.768 4346.204 2558.775 C4343.268 2521.781 4370.877 2489.412 4407.871 2486.476 C4444.864 2483.541 4477.233 2511.150 4480.169 2548.143 C4483.105 2585.137 4455.496 2617.506 4418.502 2620.442 Z
circle	svg	M491.190 1013.790 C524.670 992.700 534.710 948.460 513.620 914.980 C492.530 881.500 448.290 871.460 414.810 892.550 C381.330 913.640 371.290 957.880 392.380 991.360 C413.470 1024.840 457.710 1034.880 491.190 1013.790 Z
circle	tool	M4294.131 4535.407 C4198.284 4529.186 4125.627 4446.443 4131.848 4350.597 C4138.069 4254.750 4220.811 4182.093 4316.658 4188.314 C4412.505 4194.535 4485.162 4277.277 4478.941 4373.124 C4472.720 4468.971 4389.977 4541.627 4294.131 4535.407 Z
circle	svg	M1177.010 336.760 C1173.450 340.350 1173.470 346.140 1177.050 349.700 C1180.640 353.270 1186.430 353.250 1189.990 349.660 C1193.560 346.080 1193.540 340.290 1189.960 336.720 C1186.370 333.160 1180.580 333.180 1177.010 336.760 Z
circle	tool	M2275.312 1267.585 C2280.400 1267.505 2284.590 1271.565 2284.670 1276.654 C2284.750 1281.742 2280.689 1285.931 2275.601 1286.011 C2270.513 1286.091 2266.323 1282.031 2266.244 1276.943 C2266.164 1271.855 2270.224 1267.665 2275.312 1267.585 Z
circle	svg	M1007.650 4240.450 C1006.790 4245.780 1010.420 4250.800 1015.750 4251.650 C1021.080 4252.510 1026.090 4248.880 1026.950 4243.550 C1027.800 4238.220 1024.180 4233.210 1018.850 4232.350 C1013.520 4231.500 1008.500 4235.120 1007.650 4240.450 Z
circle	tool	M262.812 2458.451 C257.734 2447.274 262.678 2434.097 273.855 2429.019 C285.032 2423.942 298.209 2428.886 303.287 2440.063 C308.365 2451.240 303.420 2464.417 292.243 2469.495 C281.067 2474.573 267.889 2469.628 262.812 2458.451 Z
circle	svg	M3864.020 3711.240 C3837.210 3686.440 3795.380 3688.070 3770.590 3714.880 C3745.790 3741.690 3747.420 3783.520 3774.230 3808.320 C3801.030 3833.110 3842.870 3831.480 3867.660 3804.680 C3892.460 3777.870 3890.830 3736.040 3864.020 3711.240 Z
circle	tool	M1314.302 2057.097 C1314.395 2058.531 1313.914 2059.944 1312.966 2061.024 C1312.017 2062.104 1310.679 2062.763 1309.245 2062.856 C1307.810 2062.949 1306.398 2062.468 1305.318 2061.520 C1304.238 2060.571 1303.579 2059.233 1303.486 2057.798 C1303.393 2056.364 1303.873 2054.952 1304.822 2053.872 C1305.770 2052.792 1307.109 2052.133 1308.543 2052.040 C1309.977 2051.947 1311.390 2052.427 1312.470 2053.376 C1313.550 2054.324 1314.209 2055.663 1314.302 2057.097 Z
circle	svg	M4241.820 1290.250 C4278.540 1240.550 4268.020 1170.500 4218.320 1133.780 C4168.620 1097.060 4098.560 1107.590 4061.840 1157.290 C4025.120 1206.990 4035.650 1277.040 4085.350 1313.760 C4135.050 1350.480 4205.100 1339.960 4241.820 1290.250 Z
circle	tool	M1838.009 181.568 C1827.939 180.917 1820.304 172.225 1820.955 162.155 C1821.607 152.085 1830.298 144.449 1840.368 145.101 C1850.439 145.752 1858.074 154.444 1857.422 164.514 C1856.771 174.584 1848.079 182.220 1838.009 181.568 Z
circle	svg	M50.140 3831.950 C29.740 3856.150 32.820 3892.300 57.020 3912.700 C81.210 3933.090 117.370 3930.010 137.760 3905.810 C158.160 3881.620 155.080 3845.470 130.880 3825.070 C106.680 3804.670 70.530 3807.750 50.140 3831.950 Z
circle	tool	M3334.877 1645.442 C3337.258 1644.515 3339.940 1645.694 3340.867 1648.075 C3341.794 1650.457 3340.615 1653.138 3338.234 1654.066 C3335.853 1654.993 3333.171 1653.814 3332.244 1651.433 C3331.317 1649.051 3332.496 1646.369 3334.877 1645.442 Z
circle	svg	M40.210 1486.430 C37.820 1485.430 35.070 1486.560 34.080 1488.960 C33.080 1491.350 34.210 1494.090 36.610 1495.090 C39.000 1496.090 41.740 1494.950 42.740 1492.560 C43.740 1490.170 42.600 1487.420 40.210 1486.430 Z
circle	tool	M4515.918 4188.534 C4577.733 4307.796 4531.163 4454.588 4411.901 4516.402 C4292.639 4578.217 4145.848 4531.647 4084.033 4412.385 C4022.218 4293.123 4068.788 4146.331 4188.050 4084.517 C4307.312 4022.702 4454.104 4069.272 4515.918 4188.534 Z
circle	svg	M678.610 1711.580 C659.750 1694.020 630.220 1695.080 612.670 1713.940 C595.110 1732.800 596.170 1762.330 615.030 1779.890 C633.890 1797.450 663.420 1796.390 680.980 1777.520 C698.530 1758.660 697.480 1729.140 678.610 1711.580 Z
circle	tool	M3830.897 4375.583 C3816.086 4389.332 3792.933 4388.471 3779.185 4373.660 C3765.436 4358.849 3766.297 4335.697 3781.108 4321.948 C3795.919 4308.199 3819.071 4309.060 3832.820 4323.871 C3846.569 4338.682 3845.707 4361.834 3830.897 4375.583 Z
circle	svg	M577.780 370.970 C467.000 294.180 314.950 321.730 238.150 432.510 C161.360 543.290 188.920 695.350 299.700 772.140 C410.480 848.940 562.530 821.380 639.330 710.600 C716.120 599.820 688.560 447.760 577.780 370.970 Z
circle	tool	M2074.594 2771.813 C2044.075 2865.270 1943.572 2916.290 1850.116 2885.771 C1756.660 2855.251 1705.639 2754.748 1736.159 2661.292 C1766.678 2567.836 1867.181 2516.815 1960.637 2547.335 C2054.094 2577.855 2105.114 2678.357 2074.594 2771.813 Z
circle	svg	M1846.610 2063.510 C1729.670 2081.360 1649.340 2190.620 1667.180 2307.560 C1685.020 2424.500 1794.290 2504.840 1911.230 2487.000 C2028.170 2469.160 2108.510 2359.890 2090.660 2242.950 C2072.820 2126.010 1963.560 2045.670 1846.610 2063.510 Z
circle	tool	M3819.888 4351.173 C3807.032 4320.995 3821.074 4286.108 3851.253 4273.252 C3881.431 4260.395 3916.318 4274.438 3929.174 4304.616 C3942.030 4334.795 3927.988 4369.681 3897.809 4382.538 C3867.631 4395.394 3832.744 4381.351 3819.888 4351.173 Z
circle	svg	M2990.230 809.940 C3026.650 829.440 3071.990 815.710 3091.490 779.290 C3110.980 742.870 3097.260 697.530 3060.840 678.040 C3024.420 658.540 2979.080 672.260 2959.580 708.680 C2940.090 745.110 2953.810 790.440 2990.230 809.940 Z
circle	tool	M3563.594 495.455 C3557.485 472.940 3570.785 449.736 3593.301 443.627 C3615.816 437.519 3639.020 450.819 3645.128 473.334 C3651.237 495.850 3637.937 519.054 3615.421 525.162 C3592.906 531.271 3569.702 517.970 3563.594 495.455 Z
circle	svg	M687.600 4380.550 C652.910 4396.570 637.780 4437.680 653.800 4472.370 C669.820 4507.060 710.930 4522.190 745.620 4506.170 C780.300 4490.150 795.440 4449.040 779.410 4414.350 C763.390 4379.660 722.280 4364.530 687.600 4380.550 Z
circle	tool	M197.331 3944.080 C159.157 3965.740 110.652 3952.352 88.993 3914.178 C67.333 3876.004 80.721 3827.500 118.895 3805.840 C157.069 3784.181 205.574 3797.568 227.233 3835.742 C248.893 3873.916 235.505 3922.421 197.331 3944.080 Z
circle	svg	M4096.160 4002.430 C4083.670 3988.910 4062.590 3988.080 4049.070 4000.570 C4035.550 4013.060 4034.710 4034.140 4047.200 4047.660 C4059.690 4061.180 4080.780 4062.020 4094.300 4049.530 C4107.820 4037.040 4108.650 4015.950 4096.160 4002.430 Z
circle	tool	M155.383 1956.983 C180.337 1975.475 185.575 2010.694 167.083 2035.648 C148.591 2060.602 113.372 2065.840 88.418 2047.348 C63.464 2028.856 58.226 1993.637 76.718 1968.683 C95.210 1943.729 130.429 1938.491 155.383 1956.983 Z
circle	svg	M127.550 1244.760 C127.220 1239.730 122.880 1235.910 117.850 1236.240 C112.810 1236.560 109.000 1240.910 109.320 1245.940 C109.650 1250.970 113.990 1254.790 119.020 1254.470 C124.060 1254.140 127.870 1249.800 127.550 1244.760 Z
circle	tool	M2563.845 368.528 C2592.992 309.090 2664.805 284.535 2724.243 313.682 C2783.681 342.830 2808.236 414.643 2779.089 474.081 C2749.941 533.519 2678.128 558.074 2618.690 528.926 C2559.252 499.779 2534.697 427.966 2563.845 368.528 Z
circle	svg	M4323.240 974.940 C4329.260 981.700 4339.630 982.290 4346.390 976.270 C4353.150 970.240 4353.740 959.880 4347.710 953.120 C4341.690 946.360 4331.320 945.760 4324.570 951.790 C4317.810 957.820 4317.210 968.180 4323.240 974.940 Z
circle	tool	M2772.319 3094.919 C2784.297 3095.966 2793.160 3106.525 2792.113 3118.504 C2791.066 3130.482 2780.507 3139.345 2768.529 3138.298 C2756.550 3137.251 2747.688 3126.692 2748.734 3114.714 C2749.781 3102.735 2760.340 3093.873 2772.319 3094.919 Z
circle	svg	M4639.170 2246.560 C4578.660 2251.300 4533.440 2304.190 4538.180 2364.700 C4542.910 2425.210 4595.800 2470.430 4656.320 2465.690 C4716.830 2460.950 4762.040 2408.060 4757.310 2347.550 C4752.570 2287.040 4699.680 2241.820 4639.170 2246.560 Z
circle	tool	M1682.359 2093.202 C1613.275 2131.411 1526.297 2106.383 1488.088 2037.300 C1449.878 1968.217 1474.906 1881.239 1543.989 1843.030 C1613.072 1804.820 1700.050 1829.848 1738.260 1898.931 C1776.470 1968.014 1751.442 2054.992 1682.359 2093.202 Z
circle	svg	M3988.030 2292.310 C3974.240 2306.830 3974.830 2329.770 3989.350 2343.560 C4003.870 2357.340 4026.810 2356.750 4040.600 2342.230 C4054.380 2327.720 4053.790 2304.770 4039.270 2290.990 C4024.760 2277.200 4001.810 2277.790 3988.030 2292.310 Z
circle	tool	M1708.013 1942.402 C1707.360 1988.009 1669.859 2024.452 1624.251 2023.799 C1578.644 2023.146 1542.202 1985.644 1542.855 1940.037 C1543.508 1894.430 1581.009 1857.987 1626.616 1858.640 C1672.223 1859.293 1708.666 1896.795 1708.013 1942.402 Z
circle	svg	M283.460 4105.840 C255.640 4143.840 263.890 4197.200 301.890 4225.020 C339.880 4252.840 393.240 4244.580 421.060 4206.590 C448.880 4168.590 440.630 4115.230 402.630 4087.410 C364.630 4059.590 311.270 4067.840 283.460 4105.840 Z
circle	tool	M334.943 2050.367 C366.069 2016.472 418.779 2014.227 452.674 2045.353 C486.569 2076.479 488.814 2129.189 457.688 2163.084 C426.562 2196.979 373.852 2199.224 339.957 2168.098 C306.062 2136.972 303.818 2084.262 334.943 2050.367 Z
circle	svg	M1389.620 3269.530 C1311.300 3209.900 1199.480 3225.050 1139.850 3303.370 C1080.220 3381.690 1095.380 3493.520 1173.700 3553.140 C1252.010 3612.770 1363.840 3597.620 1423.470 3519.300 C1483.090 3440.980 1467.940 3329.150 1389.620 3269.530 Z
circle	tool	M1705.858 2094.745 C1758.565 2148.290 1757.884 2234.425 1704.339 2287.131 C1650.793 2339.837 1564.659 2339.157 1511.952 2285.611 C1459.246 2232.065 1459.926 2145.931 1513.472 2093.225 C1567.018 2040.518 1653.152 2041.199 1705.858 2094.745 Z
circle	svg	M1853.680 4706.040 C1852.660 4703.940 1850.130 4703.060 1848.040 4704.080 C1845.940 4705.100 1845.060 4707.630 1846.080 4709.730 C1847.100 4711.830 1849.620 4712.700 1851.720 4711.680 C1853.820 4710.670 1854.700 4708.140 1853.680 4706.040 Z
circle	tool	M624.335 4142.696 C679.145 4242.400 642.750 4367.658 543.046 4422.467 C443.342 4477.276 318.084 4440.882 263.275 4341.178 C208.466 4241.474 244.860 4116.216 344.564 4061.407 C444.268 4006.597 569.526 4042.992 624.335 4142.696 Z
circle	svg	M4659.550 2459.940 C4712.560 2466.580 4760.900 2428.990 4767.540 2375.980 C4774.170 2322.980 4736.580 2274.630 4683.580 2268.000 C4630.570 2261.370 4582.230 2298.960 4575.590 2351.960 C4568.960 2404.970 4606.550 2453.310 4659.550 2459.940 Z
circle	tool	M4556.274 1683.918 C4513.320 1737.704 4434.897 1746.485 4381.111 1703.530 C4327.325 1660.576 4318.544 1582.153 4361.498 1528.367 C4404.453 1474.581 4482.876 1465.800 4536.662 1508.754 C4590.448 1551.708 4599.229 1630.132 4556.274 1683.918 Z
circle	svg	M4547.750 3691.070 C4548.040 3686.430 4544.510 3682.440 4539.880 3682.150 C4535.240 3681.860 4531.250 3685.380 4530.960 3690.020 C4530.670 3694.650 4534.190 3698.650 4538.830 3698.940 C4543.460 3699.230 4547.460 3695.700 4547.750 3691.070 Z
circle	tool	M120.326 4696.638 C163.766 4693.764 201.311 4726.648 204.185 4770.088 C207.060 4813.528 174.175 4851.073 130.735 4853.947 C87.296 4856.822 49.751 4823.937 46.876 4780.497 C44.002 4737.058 76.887 4699.513 120.326 4696.638 Z
circle	svg	M3852.300 4.680 C3852.760 -0.420 3849.010 -4.930 3843.910 -5.390 C3838.810 -5.850 3834.310 -2.090 3833.850 3.010 C3833.390 8.100 3837.140 12.610 3842.240 13.070 C3847.340 13.530 3851.840 9.770 3852.300 4.680 Z
circle	tool	M515.329 896.519 C519.655 899.804 520.498 905.974 517.213 910.299 C513.927 914.624 507.758 915.467 503.433 912.182 C499.107 908.897 498.264 902.728 501.549 898.402 C504.835 894.077 511.004 893.234 515.329 896.519 Z
circle	svg	M523.630 3174.850 C513.810 3181.320 511.100 3194.510 517.560 3204.330 C524.030 3214.140 537.220 3216.860 547.040 3210.390 C556.850 3203.930 559.570 3190.730 553.100 3180.920 C546.640 3171.100 533.440 3168.390 523.630 3174.850 Z
circle	tool	M2434.593 2436.178 C2364.736 2480.269 2272.363 2459.381 2228.272 2389.523 C2184.181 2319.666 2205.069 2227.293 2274.926 2183.203 C2344.784 2139.112 2437.157 2160.000 2481.247 2229.857 C2525.338 2299.714 2504.450 2392.087 2434.593 2436.178 Z
circle	svg	M3779.940 3551.840 C3781.270 3548.320 3779.480 3544.390 3775.950 3543.060 C3772.430 3541.740 3768.490 3543.530 3767.170 3547.050 C3765.850 3550.580 3767.640 3554.510 3771.160 3555.830 C3774.690 3557.160 3778.620 3555.370 3779.940 3551.840 Z
circle	tool	M4465.276 1880.551 C4481.647 1855.457 4515.262 1848.385 4540.357 1864.756 C4565.451 1881.127 4572.523 1914.742 4556.152 1939.837 C4539.781 1964.931 4506.166 1972.003 4481.071 1955.632 C4455.977 1939.261 4448.905 1905.646 4465.276 1880.551 Z
circle	svg	M1517.990 3343.500 C1523.970 3339.310 1525.420 3331.070 1521.230 3325.090 C1517.050 3319.120 1508.810 3317.660 1502.830 3321.850 C1496.850 3326.040 1495.400 3334.280 1499.580 3340.260 C1503.770 3346.240 1512.010 3347.690 1517.990 3343.500 Z
circle	tool	M3314.214 207.393 C3316.913 208.759 3317.992 212.054 3316.626 214.753 C3315.259 217.451 3311.964 218.531 3309.266 217.164 C3306.567 215.798 3305.488 212.502 3306.854 209.804 C3308.221 207.106 3311.516 206.026 3314.214 207.393 Z
circle	svg	M4767.710 456.660 C4679.310 390.980 4554.410 409.400 4488.740 497.800 C4423.060 586.200 4441.480 711.100 4529.880 776.770 C4618.270 842.450 4743.180 824.030 4808.850 735.630 C4874.530 647.230 4856.110 522.330 4767.710 456.660 Z
circle	tool	M3150.738 3107.742 C3149.998 3105.646 3151.097 3103.346 3153.193 3102.605 C3155.290 3101.865 3157.590 3102.964 3158.331 3105.060 C3159.071 3107.157 3157.972 3109.457 3155.876 3110.198 C3153.779 3110.938 3151.479 3109.839 3150.738 3107.742 Z
circle	svg	M1850.020 729.420 C1828.120 703.760 1789.570 700.710 1763.900 722.600 C1738.240 744.500 1735.190 783.050 1757.080 808.720 C1778.980 834.380 1817.540 837.430 1843.200 815.530 C1868.860 793.640 1871.910 755.080 1850.020 729.420 Z
circle	tool	M4562.272 3144.834 C4554.338 3155.046 4539.628 3156.893 4529.416 3148.959 C4519.204 3141.026 4517.357 3126.315 4525.290 3116.103 C4533.224 3105.891 4547.935 3104.044 4558.147 3111.978 C4568.359 3119.912 4570.206 3134.622 4562.272 3144.834 Z
circle	svg	M4461.870 4050.760 C4446.150 4127.100 4495.300 4201.720 4571.640 4217.430 C4647.980 4233.150 4722.600 4184.000 4738.320 4107.660 C4754.030 4031.320 4704.880 3956.690 4628.540 3940.980 C4552.200 3925.270 4477.580 3974.420 4461.870 4050.760 Z
circle	tool	M4592.326 2355.637 C4632.746 2331.586 4681.064 2324.577 4726.652 2336.151 C4772.240 2347.725 4811.362 2376.935 4835.414 2417.354 C4859.465 2457.774 4866.474 2506.092 4854.900 2551.680 C4843.326 2597.267 4814.116 2636.390 4773.697 2660.441 C4733.277 2684.493 4684.959 2691.502 4639.371 2679.928 C4593.783 2668.354 4554.661 2639.144 4530.610 2598.724 C4506.558 2558.305 4499.549 2509.987 4511.123 2464.399 C4522.697 2418.811 4551.907 2379.688 4592.326 2355.637 Z
circle	svg	M3300.210 293.010 C3349.870 342.490 3430.240 342.340 3479.710 292.680 C3529.180 243.020 3529.030 162.650 3479.370 113.180 C3429.710 63.710 3349.350 63.860 3299.870 113.520 C3250.400 163.180 3250.550 243.540 3300.210 293.010 Z
circle	tool	M3421.249 4041.615 C3443.509 4001.654 3493.950 3987.304 3533.911 4009.564 C3573.873 4031.825 3588.223 4082.265 3565.962 4122.227 C3543.702 4162.188 3493.261 4176.538 3453.300 4154.277 C3413.339 4132.017 3398.989 4081.576 3421.249 4041.615 Z
circle	svg	M-52.310 1830.930 C-46.370 1882.970 0.620 1920.340 52.660 1914.400 C104.700 1908.470 142.070 1861.470 136.130 1809.430 C130.200 1757.400 83.200 1720.030 31.160 1725.960 C-20.880 1731.900 -58.250 1778.890 -52.310 1830.930 Z
circle	tool	M4529.588 3244.878 C4405.286 3260.098 4292.182 3171.670 4276.962 3047.368 C4261.742 2923.067 4350.170 2809.962 4474.471 2794.742 C4598.772 2779.522 4711.877 2867.950 4727.097 2992.252 C4742.317 3116.553 4653.889 3229.658 4529.588 3244.878 Z
circle	svg	M2910.780 1043.200 C2914.380 1051.080 2923.690 1054.560 2931.580 1050.960 C2939.460 1047.360 2942.940 1038.060 2939.340 1030.170 C2935.750 1022.280 2926.440 1018.800 2918.550 1022.400 C2910.660 1026.000 2907.190 1035.310 2910.780 1043.200 Z
circle	tool	M2363.815 1974.467 C2370.140 1975.656 2375.734 1979.309 2379.366 1984.622 C2382.998 1989.935 2384.370 1996.474 2383.181 2002.799 C2381.992 2009.124 2378.340 2014.718 2373.026 2018.350 C2367.713 2021.982 2361.175 2023.354 2354.850 2022.165 C2348.524 2020.976 2342.931 2017.324 2339.299 2012.010 C2335.667 2006.697 2334.294 2000.159 2335.483 1993.834 C2336.672 1987.508 2340.325 1981.915 2345.638 1978.283 C2350.951 1974.651 2357.490 1973.278 2363.815 1974.467 Z
circle	svg	M4776.430 4851.060 C4781.260 4857.680 4790.530 4859.130 4797.150 4854.300 C4803.770 4849.470 4805.210 4840.190 4800.390 4833.580 C4795.560 4826.960 4786.280 4825.510 4779.670 4830.340 C4773.050 4835.170 4771.600 4844.450 4776.430 4851.060 Z
circle	tool	M394.574 3644.224 C278.270 3695.097 142.745 3642.054 91.872 3525.749 C40.999 3409.444 94.042 3273.920 210.347 3223.047 C326.652 3172.174 462.176 3225.217 513.049 3341.522 C563.922 3457.827 510.879 3593.351 394.574 3644.224 Z
circle	svg	M1243.500 1514.950 C1245.730 1525.990 1256.480 1533.130 1267.520 1530.900 C1278.560 1528.670 1285.710 1517.920 1283.480 1506.880 C1281.250 1495.840 1270.500 1488.700 1259.460 1490.920 C1248.420 1493.150 1241.270 1503.910 1243.500 1514.950 Z
circle	tool	M4733.434 1007.355 C4724.793 958.182 4757.651 911.314 4806.824 902.673 C4855.997 894.033 4902.865 926.891 4911.505 976.064 C4920.146 1025.237 4887.288 1072.104 4838.115 1080.745 C4788.942 1089.386 4742.075 1056.528 4733.434 1007.355 Z
circle	svg	M4379.230 1334.440 C4382.770 1335.850 4386.780 1334.120 4388.190 1330.580 C4389.590 1327.040 4387.870 1323.030 4384.330 1321.620 C4380.790 1320.210 4376.780 1321.940 4375.370 1325.480 C4373.960 1329.020 4375.690 1333.030 4379.230 1334.440 Z
circle	tool	M4171.610 4185.530 C4163.443 4191.228 4152.203 4189.227 4146.505 4181.060 C4140.807 4172.893 4142.809 4161.653 4150.975 4155.955 C4159.142 4150.257 4170.382 4152.259 4176.080 4160.426 C4181.778 4168.592 4179.776 4179.832 4171.610 4185.530 Z
circle	svg	M562.860 1717.470 C557.440 1718.930 554.230 1724.510 555.690 1729.930 C557.160 1735.350 562.730 1738.560 568.150 1737.100 C573.570 1735.640 576.780 1730.060 575.320 1724.640 C573.860 1719.220 568.280 1716.010 562.860 1717.470 Z
circle	tool	M2425.501 1318.561 C2420.192 1307.915 2424.518 1294.981 2435.164 1289.672 C2445.810 1284.363 2458.744 1288.689 2464.053 1299.335 C2469.362 1309.981 2465.036 1322.915 2454.390 1328.224 C2443.744 1333.534 2430.810 1329.207 2425.501 1318.561 Z
circle	svg	M4337.310 2528.770 C4362.110 2479.170 4342.010 2418.860 4292.400 2394.060 C4242.800 2369.260 4182.490 2389.360 4157.690 2438.970 C4132.890 2488.570 4153.000 2548.880 4202.600 2573.680 C4252.200 2598.480 4312.510 2578.370 4337.310 2528.770 Z
circle	tool	M0.798 3778.951 C8.152 3775.720 16.733 3779.063 19.964 3786.417 C23.195 3793.771 19.852 3802.352 12.498 3805.583 C5.144 3808.814 -3.437 3805.471 -6.668 3798.117 C-9.899 3790.763 -6.556 3782.182 0.798 3778.951 Z
circle	svg	M4264.300 4509.810 C4300.070 4537.370 4351.420 4530.720 4378.990 4494.940 C4406.550 4459.160 4399.900 4407.820 4364.120 4380.250 C4328.340 4352.680 4277.000 4359.340 4249.430 4395.120 C4221.860 4430.890 4228.520 4482.240 4264.300 4509.810 Z
circle	tool	M911.053 2420.156 C923.570 2419.265 934.438 2428.689 935.329 2441.206 C936.220 2453.722 926.796 2464.591 914.280 2465.482 C901.763 2466.373 890.894 2456.949 890.003 2444.432 C889.112 2431.916 898.537 2421.047 911.053 2420.156 Z
circle	svg	M2388.600 2711.750 C2365.050 2679.300 2319.640 2672.080 2287.190 2695.630 C2254.730 2719.190 2247.510 2764.600 2271.070 2797.050 C2294.620 2829.510 2340.030 2836.730 2372.480 2813.170 C2404.940 2789.620 2412.160 2744.210 2388.600 2711.750 Z
circle	tool	M149.319 2260.863 C227.855 2324.159 240.210 2439.138 176.914 2517.674 C113.617 2596.211 -1.361 2608.566 -79.898 2545.269 C-158.434 2481.973 -170.789 2366.995 -107.493 2288.458 C-44.196 2209.921 70.782 2197.566 149.319 2260.863 Z
circle	svg	M4464.660 4868.720 C4471.630 4885.340 4490.760 4893.160 4507.380 4886.190 C4524.000 4879.220 4531.820 4860.090 4524.840 4843.470 C4517.870 4826.860 4498.750 4819.030 4482.130 4826.010 C4465.510 4832.980 4457.690 4852.100 4464.660 4868.720 Z
ellipse	tool	M3398.014 2751.234 C3400.765 2743.221 3426.724 2744.871 3455.994 2754.921 C3485.264 2764.970 3506.762 2779.613 3504.011 2787.626 C3501.260 2795.640 3475.301 2793.989 3446.031 2783.940 C3416.761 2773.890 3395.263 2759.248 3398.014 2751.234 Z
ellipse	svg	M4168.540 4941.160 C4171.000 4939.700 4171.030 4934.690 4168.620 4928.030 C4166.210 4921.370 4161.730 4914.080 4156.870 4908.930 C4152.010 4903.780 4147.520 4901.550 4145.110 4903.090 C4142.640 4904.550 4142.610 4909.560 4145.020 4916.220 C4147.430 4922.880 4151.920 4930.170 4156.770 4935.320 C4161.630 4940.480 4166.120 4942.710 4168.540 4941.160 Z
ellipse	tool	M221.501 1204.941 C223.888 1205.407 225.280 1208.564 224.610 1211.991 C223.940 1215.418 221.463 1217.818 219.076 1217.352 C216.689 1216.885 215.296 1213.729 215.966 1210.302 C216.636 1206.875 219.114 1204.474 221.501 1204.941 Z
ellipse	svg	M4389.750 1806.760 C4376.820 1804.800 4363.710 1820.540 4360.480 1841.920 C4357.250 1863.300 4365.110 1882.210 4378.050 1884.170 C4390.980 1886.120 4404.090 1870.380 4407.320 1849.000 C4410.550 1827.630 4402.690 1808.710 4389.750 1806.760 Z
ellipse	tool	M33.822 961.392 C44.314 942.900 102.945 956.350 164.777 991.432 C226.610 1026.515 268.230 1069.946 257.738 1088.438 C247.246 1106.930 188.615 1093.480 126.783 1058.397 C64.950 1023.314 23.330 979.883 33.822 961.392 Z
ellipse	svg	M1622.880 29.250 C1623.340 27.200 1618.890 24.450 1612.930 23.090 C1606.960 21.740 1601.750 22.300 1601.290 24.340 C1600.830 26.390 1605.280 29.150 1611.240 30.500 C1617.210 31.850 1622.410 31.290 1622.880 29.250 Z
ellipse	tool	M22.207 2418.245 C21.410 2416.279 26.992 2412.159 34.676 2409.044 C42.360 2405.928 49.236 2404.996 50.033 2406.961 C50.830 2408.927 45.247 2413.047 37.563 2416.162 C29.879 2419.278 23.004 2420.210 22.207 2418.245 Z
ellipse	svg	M2706.140 4114.110 C2705.510 4116.650 2712.960 4120.660 2722.770 4123.070 C2732.570 4125.480 2741.030 4125.370 2741.660 4122.830 C2742.280 4120.280 2734.830 4116.270 2725.030 4113.860 C2715.220 4111.460 2706.760 4111.570 2706.140 4114.110 Z
ellipse	tool	M1185.373 2679.938 C1172.340 2689.348 1141.536 2668.944 1116.569 2634.365 C1091.603 2599.785 1081.929 2564.125 1094.962 2554.715 C1107.995 2545.305 1138.799 2565.709 1163.766 2600.289 C1188.732 2634.868 1198.406 2670.528 1185.373 2679.938 Z
ellipse	svg	M259.200 2416.770 C253.650 2405.990 220.120 2412.200 184.320 2430.630 C148.520 2449.070 124.000 2472.760 129.550 2483.550 C135.110 2494.330 168.630 2488.130 204.440 2469.690 C240.240 2451.250 264.760 2427.560 259.200 2416.770 Z
ellipse	tool	M4424.929 2201.693 C4441.817 2168.890 4504.302 2167.418 4564.494 2198.407 C4624.685 2229.396 4659.789 2281.109 4642.901 2313.912 C4626.013 2346.716 4563.528 2348.187 4503.336 2317.198 C4443.145 2286.210 4408.041 2234.496 4424.929 2201.693 Z
ellipse	svg	M1367.010 3115.240 C1404.760 3087.670 1388.000 3000.470 1329.570 2920.480 C1271.150 2840.500 1193.180 2798.000 1155.430 2825.580 C1117.680 2853.150 1134.440 2940.350 1192.870 3020.340 C1251.290 3100.320 1329.260 3142.820 1367.010 3115.240 Z
ellipse	tool	M4784.320 1564.927 C4783.579 1565.706 4780.497 1563.975 4777.436 1561.061 C4774.375 1558.147 4772.495 1555.154 4773.236 1554.375 C4773.977 1553.596 4777.059 1555.327 4780.120 1558.241 C4783.181 1561.155 4785.061 1564.148 4784.320 1564.927 Z
ellipse	svg	M1138.560 1906.810 C1132.610 1904.530 1124.840 1908.620 1118.200 1917.520 C1111.560 1926.420 1107.090 1938.770 1106.470 1949.860 C1105.860 1960.940 1109.200 1969.070 1115.230 1971.130 C1121.180 1973.410 1128.960 1969.320 1135.590 1960.420 C1142.230 1951.520 1146.710 1939.170 1147.330 1928.080 C1147.940 1917.000 1144.590 1908.870 1138.560 1906.810 Z
ellipse	tool	M108.724 219.114 C112.289 221.508 109.222 232.316 101.875 243.254 C94.527 254.192 85.681 261.117 82.116 258.722 C78.551 256.328 81.618 245.520 88.965 234.582 C96.313 223.644 105.159 216.719 108.724 219.114 Z
ellipse	svg	M3712.800 25.460 C3703.410 39.380 3718.190 67.470 3751.520 99.070 C3784.860 130.680 3831.650 160.960 3874.140 178.430 C3916.630 195.890 3948.310 197.860 3957.150 183.590 C3966.550 169.680 3951.770 141.590 3918.440 109.980 C3885.100 78.370 3838.310 48.090 3795.820 30.630 C3753.330 13.160 3721.650 11.190 3712.800 25.460 Z
ellipse	tool	M3005.174 1282.258 C3003.862 1285.404 2996.362 1285.271 2988.422 1281.960 C2980.482 1278.649 2975.109 1273.415 2976.421 1270.269 C2977.733 1267.123 2985.233 1267.256 2993.173 1270.566 C3001.112 1273.877 3006.485 1279.111 3005.174 1282.258 Z
ellipse	svg	M792.740 1695.410 C755.950 1684.540 707.910 1737.370 685.430 1813.400 C662.960 1889.440 674.570 1959.900 711.360 1970.770 C748.150 1981.640 796.200 1928.820 818.670 1852.780 C841.140 1776.740 829.540 1706.290 792.740 1695.410 Z
ellipse	tool	M3105.132 3567.802 C3104.889 3568.783 3102.920 3569.140 3100.734 3568.598 C3098.548 3568.057 3096.973 3566.823 3097.216 3565.841 C3097.459 3564.860 3099.428 3564.503 3101.614 3565.044 C3103.800 3565.586 3105.375 3566.820 3105.132 3567.802 Z
ellipse	svg	M3570.630 867.840 C3574.790 866.840 3577.500 861.160 3577.720 852.950 C3577.950 844.730 3575.660 835.230 3571.730 828.010 C3567.790 820.800 3562.800 816.970 3558.640 817.970 C3554.470 818.970 3551.770 824.650 3551.540 832.860 C3551.310 841.080 3553.600 850.590 3557.540 857.800 C3561.470 865.020 3566.460 868.840 3570.630 867.840 Z
ellipse	tool	M3822.539 2553.877 C3822.013 2555.390 3817.205 2555.093 3811.800 2553.213 C3806.396 2551.333 3802.441 2548.582 3802.967 2547.069 C3803.494 2545.556 3808.302 2545.853 3813.706 2547.733 C3819.111 2549.613 3823.066 2552.363 3822.539 2553.877 Z
ellipse	svg	M5036.320 -14.720 C5025.730 -43.210 4969.940 -52.430 4889.980 -38.910 C4810.020 -25.380 4718.030 8.830 4648.660 50.840 C4579.300 92.860 4543.100 136.290 4553.690 164.780 C4564.290 193.270 4620.070 202.490 4700.030 188.960 C4780.000 175.440 4871.980 141.230 4941.350 99.210 C5010.720 57.200 5046.920 13.770 5036.320 -14.720 Z
ellipse	tool	M4095.549 2106.480 C4082.807 2105.633 4074.881 2068.818 4077.846 2024.251 C4080.810 1979.685 4093.542 1944.243 4106.283 1945.091 C4119.025 1945.938 4126.951 1982.754 4123.986 2027.320 C4121.022 2071.887 4108.290 2107.328 4095.549 2106.480 Z
ellipse	svg	M1524.040 4317.790 C1522.760 4317.140 1520.770 4318.140 1518.820 4320.410 C1516.860 4322.690 1515.230 4325.880 1514.540 4328.800 C1513.860 4331.720 1514.220 4333.920 1515.490 4334.560 C1516.760 4335.210 1518.750 4334.210 1520.710 4331.940 C1522.670 4329.670 1524.290 4326.480 1524.980 4323.560 C1525.670 4320.640 1525.310 4318.440 1524.040 4317.790 Z
ellipse	tool	M4016.336 2891.673 C4009.250 2840.276 4081.800 2787.817 4178.382 2774.500 C4274.963 2761.184 4359.003 2792.054 4366.089 2843.450 C4373.175 2894.846 4300.625 2947.306 4204.044 2960.622 C4107.462 2973.939 4023.422 2943.069 4016.336 2891.673 Z
ellipse	svg	M3576.000 4323.990 C3598.460 4329.270 3630.090 4276.450 3646.650 4206.010 C3663.210 4135.560 3658.420 4074.180 3635.960 4068.900 C3613.490 4063.620 3581.860 4116.450 3565.310 4186.890 C3548.750 4257.330 3553.540 4318.710 3576.000 4323.990 Z
ellipse	tool	M2710.657 1440.279 C2723.812 1451.655 2722.051 1475.244 2706.725 1492.967 C2691.399 1510.690 2668.311 1515.836 2655.156 1504.460 C2642.001 1493.084 2643.762 1469.495 2659.088 1451.772 C2674.415 1434.049 2697.503 1428.903 2710.657 1440.279 Z
ellipse	svg	M2818.060 4137.780 C2815.730 4135.090 2808.360 4137.650 2801.590 4143.500 C2794.830 4149.360 2791.230 4156.280 2793.550 4158.970 C2795.880 4161.660 2803.250 4159.100 2810.020 4153.250 C2816.790 4147.400 2820.380 4140.470 2818.060 4137.780 Z
ellipse	tool	M4984.225 2096.904 C4995.494 2095.975 5006.271 2115.152 5008.297 2139.737 C5010.322 2164.321 5002.828 2185.004 4991.558 2185.932 C4980.289 2186.860 4969.512 2167.683 4967.486 2143.099 C4965.461 2118.514 4972.955 2097.832 4984.225 2096.904 Z
ellipse	svg	M3970.940 3672.010 C4011.590 3595.180 3927.820 3471.130 3783.840 3394.950 C3639.850 3318.770 3490.180 3319.300 3449.520 3396.140 C3408.870 3472.970 3492.640 3597.010 3636.620 3673.200 C3780.610 3749.380 3930.280 3748.850 3970.940 3672.010 Z
ellipse	tool	M3510.093 1218.550 C3508.786 1220.103 3505.828 1219.764 3503.486 1217.793 C3501.144 1215.823 3500.305 1212.966 3501.612 1211.413 C3502.919 1209.860 3505.877 1210.199 3508.219 1212.169 C3510.561 1214.140 3511.400 1216.997 3510.093 1218.550 Z
ellipse	svg	M1582.290 1235.490 C1579.370 1234.070 1574.310 1238.440 1571.000 1245.260 C1567.680 1252.090 1567.360 1258.770 1570.280 1260.190 C1573.200 1261.610 1578.260 1257.230 1581.580 1250.410 C1584.900 1243.590 1585.220 1236.910 1582.290 1235.490 Z
ellipse	tool	M2456.218 541.829 C2471.291 515.047 2515.200 511.170 2554.292 533.171 C2593.384 555.171 2612.856 594.717 2597.783 621.499 C2582.711 648.282 2538.802 652.158 2499.709 630.157 C2460.617 608.157 2441.146 568.611 2456.218 541.829 Z
ellipse	svg	M3480.600 264.550 C3481.540 266.030 3484.820 265.620 3487.930 263.640 C3491.040 261.650 3492.800 258.850 3491.860 257.380 C3490.910 255.900 3487.630 256.310 3484.520 258.290 C3481.420 260.280 3479.660 263.080 3480.600 264.550 Z
ellipse	tool	M680.075 2273.459 C679.108 2272.835 679.451 2270.581 680.843 2268.424 C682.234 2266.268 684.145 2265.025 685.112 2265.649 C686.079 2266.273 685.735 2268.527 684.344 2270.683 C682.953 2272.840 681.041 2274.082 680.075 2273.459 Z
ellipse	svg	M2916.600 1657.970 C2921.820 1655.030 2922.290 1645.970 2917.660 1637.760 C2913.020 1629.540 2905.030 1625.260 2899.800 1628.210 C2894.580 1631.160 2894.100 1640.210 2898.740 1648.430 C2903.380 1656.650 2911.370 1660.920 2916.600 1657.970 Z
ellipse	tool	M3875.438 3221.108 C3882.095 3214.118 3899.076 3219.485 3913.365 3233.095 C3927.653 3246.705 3933.840 3263.404 3927.182 3270.394 C3920.524 3277.384 3903.544 3272.017 3889.255 3258.407 C3874.966 3244.797 3868.780 3228.098 3875.438 3221.108 Z
ellipse	svg	M1403.450 597.610 C1409.250 596.700 1412.970 586.480 1413.200 570.830 C1413.440 555.190 1410.150 536.510 1404.590 521.890 C1399.020 507.260 1392.040 498.930 1386.270 500.050 C1380.480 500.960 1376.750 511.180 1376.520 526.830 C1376.280 542.470 1379.570 561.150 1385.130 575.780 C1390.700 590.400 1397.690 598.730 1403.450 597.610 Z
ellipse	tool	M2372.979 3730.374 C2396.483 3786.147 2329.538 3867.602 2223.451 3912.310 C2117.365 3957.018 2012.311 3948.049 1988.807 3892.276 C1965.303 3836.504 2032.249 3755.049 2138.335 3710.340 C2244.421 3665.632 2349.475 3674.602 2372.979 3730.374 Z
ellipse	svg	M1760.670 4555.220 C1767.050 4540.440 1759.010 4520.760 1739.570 4503.590 C1720.130 4486.430 1692.250 4474.380 1666.420 4471.980 C1640.600 4469.590 1620.760 4477.220 1614.370 4492.000 C1607.990 4506.770 1616.030 4526.450 1635.470 4543.620 C1654.910 4560.790 1682.790 4572.840 1708.620 4575.230 C1734.440 4577.620 1754.280 4569.990 1760.670 4555.220 Z
ellipse	tool	M201.098 3887.129 C202.209 3887.433 202.572 3889.645 201.909 3892.070 C201.246 3894.494 199.808 3896.214 198.697 3895.910 C197.585 3895.606 197.222 3893.394 197.885 3890.969 C198.548 3888.545 199.986 3886.825 201.098 3887.129 Z
ellipse	svg	M4021.390 2173.840 C4009.430 2160.480 3981.280 2163.750 3947.580 2182.420 C3913.890 2201.080 3879.810 2232.280 3858.250 2264.210 C3836.690 2296.130 3830.960 2323.890 3843.210 2336.970 C3855.170 2350.330 3883.330 2347.060 3917.020 2328.400 C3950.720 2309.730 3984.800 2278.530 4006.350 2246.610 C4027.910 2214.690 4033.650 2186.920 4021.390 2173.840 Z
ellipse	tool	M1435.707 3963.119 C1448.596 3974.081 1428.451 4018.937 1390.712 4063.306 C1352.973 4107.675 1311.931 4134.756 1299.042 4123.793 C1286.153 4112.830 1306.298 4067.974 1344.037 4023.605 C1381.776 3979.236 1422.818 3952.156 1435.707 3963.119 Z
ellipse	svg	M4880.820 2491.580 C4880.780 2489.350 4876.570 2487.360 4869.780 2486.360 C4862.980 2485.360 4854.630 2485.510 4847.880 2486.740 C4841.120 2487.970 4836.980 2490.110 4837.020 2492.340 C4837.060 2494.570 4841.270 2496.550 4848.060 2497.550 C4854.860 2498.550 4863.210 2498.410 4869.960 2497.170 C4876.720 2495.940 4880.860 2493.810 4880.820 2491.580 Z
ellipse	tool	M520.181 231.705 C522.491 228.708 531.984 232.153 541.385 239.399 C550.786 246.645 556.535 254.948 554.226 257.944 C551.916 260.940 542.423 257.495 533.022 250.250 C523.621 243.004 517.872 234.701 520.181 231.705 Z
ellipse	svg	M2869.440 4201.970 C2869.360 4198.970 2863.250 4196.450 2853.420 4195.370 C2843.600 4194.300 2831.550 4194.830 2821.860 4196.760 C2812.160 4198.690 2806.300 4201.740 2806.480 4204.740 C2806.560 4207.740 2812.670 4210.260 2822.500 4211.340 C2832.330 4212.410 2844.370 4211.880 2854.060 4209.950 C2863.760 4208.010 2869.630 4204.970 2869.440 4201.970 Z
ellipse	tool	M3627.177 5127.753 C3583.938 5129.288 3544.315 5001.802 3538.677 4843.004 C3533.040 4684.207 3563.522 4554.231 3606.762 4552.696 C3650.002 4551.161 3689.625 4678.648 3695.263 4837.445 C3700.900 4996.243 3670.417 5126.218 3627.177 5127.753 Z
ellipse	svg	M2653.390 3506.420 C2654.800 3503.930 2650.850 3498.660 2643.030 3492.610 C2635.210 3486.550 2624.710 3480.620 2615.480 3477.050 C2606.260 3473.490 2599.700 3472.830 2598.300 3475.320 C2596.890 3477.820 2600.840 3483.080 2608.660 3489.140 C2616.480 3495.200 2626.980 3501.130 2636.210 3504.690 C2645.440 3508.260 2651.990 3508.920 2653.390 3506.420 Z
ellipse	tool	M346.738 1403.686 C341.255 1408.932 320.536 1396.172 300.461 1375.188 C280.386 1354.203 268.557 1332.939 274.040 1327.693 C279.524 1322.447 300.243 1335.207 320.318 1356.191 C340.393 1377.176 352.222 1398.440 346.738 1403.686 Z
ellipse	svg	M3042.770 -127.020 C3021.810 -136.060 2976.920 -78.710 2942.510 1.070 C2908.100 80.860 2897.200 152.870 2918.160 161.910 C2939.130 170.950 2984.010 113.600 3018.420 33.810 C3052.830 -45.970 3063.740 -117.980 3042.770 -127.020 Z
ellipse	tool	M433.244 1151.535 C433.801 1152.010 432.830 1154.063 431.075 1156.122 C429.320 1158.181 427.446 1159.465 426.889 1158.990 C426.332 1158.516 427.303 1156.462 429.058 1154.403 C430.812 1152.344 432.687 1151.060 433.244 1151.535 Z
ellipse	svg	M1631.980 2571.950 C1626.100 2574.220 1625.990 2588.130 1631.740 2603.020 C1637.490 2617.910 1646.930 2628.140 1652.810 2625.870 C1658.690 2623.600 1658.800 2609.680 1653.050 2594.790 C1647.300 2579.910 1637.870 2569.680 1631.980 2571.950 Z
ellipse	tool	M3728.057 4502.799 C3722.801 4476.843 3755.211 4448.376 3800.447 4439.216 C3845.683 4430.056 3886.615 4443.672 3891.870 4469.628 C3897.126 4495.585 3864.716 4524.052 3819.480 4533.212 C3774.245 4542.372 3733.313 4528.755 3728.057 4502.799 Z
ellipse	svg	M3015.140 4119.490 C3015.610 4117.890 3014.180 4116.060 3011.950 4115.400 C3009.720 4114.740 3007.520 4115.500 3007.050 4117.100 C3006.580 4118.690 3008.010 4120.520 3010.240 4121.180 C3012.470 4121.840 3014.670 4121.080 3015.140 4119.490 Z
ellipse	tool	M1025.327 2729.317 C1018.119 2684.438 1120.495 2630.677 1253.989 2609.237 C1387.483 2587.798 1501.544 2606.799 1508.751 2651.677 C1515.959 2696.556 1413.584 2750.317 1280.090 2771.757 C1146.596 2793.196 1032.535 2774.196 1025.327 2729.317 Z
ellipse	svg	M4765.400 2006.820 C4806.670 1948.670 4758.140 1843.360 4657.020 1771.620 C4555.910 1699.880 4440.480 1688.860 4399.220 1747.020 C4357.960 1805.170 4406.480 1910.480 4507.600 1982.220 C4608.720 2053.970 4724.140 2064.980 4765.400 2006.820 Z
ellipse	tool	M2286.984 4617.535 C2287.067 4621.515 2279.230 4624.906 2269.481 4625.109 C2259.731 4625.313 2251.760 4622.252 2251.677 4618.272 C2251.594 4614.292 2259.430 4610.901 2269.180 4610.697 C2278.930 4610.494 2286.900 4613.555 2286.984 4617.535 Z
ellipse	svg	M203.980 2530.050 C215.200 2540.480 244.840 2529.370 281.740 2500.920 C318.630 2472.470 357.170 2431.000 382.850 2392.120 C408.520 2353.240 417.420 2322.870 406.200 2312.440 C394.980 2302.010 365.340 2313.110 328.440 2341.560 C291.550 2370.010 253.000 2411.490 227.330 2450.370 C201.660 2489.240 192.760 2519.620 203.980 2530.050 Z
ellipse	tool	M3885.232 4782.647 C3873.226 4774.643 3878.076 4746.279 3896.065 4719.296 C3914.054 4692.313 3938.370 4676.927 3950.377 4684.931 C3962.383 4692.936 3957.533 4721.299 3939.544 4748.282 C3921.554 4775.266 3897.238 4790.651 3885.232 4782.647 Z
ellipse	svg	M1846.850 3837.320 C1825.600 3839.780 1815.970 3907.190 1825.340 3987.870 C1834.720 4068.550 1859.540 4131.950 1880.790 4129.480 C1902.040 4127.010 1911.670 4059.610 1902.290 3978.930 C1892.920 3898.250 1868.100 3834.850 1846.850 3837.320 Z
ellipse	tool	M3033.879 1714.299 C3061.340 1676.612 3167.648 1707.302 3271.326 1782.847 C3375.004 1858.392 3436.790 1950.184 3409.330 1987.871 C3381.869 2025.558 3275.560 1994.868 3171.882 1919.323 C3068.204 1843.778 3006.418 1751.986 3033.879 1714.299 Z
ellipse	svg	M2292.660 4899.660 C2324.670 4912.790 2393.030 4820.010 2445.360 4692.440 C2497.680 4564.870 2514.140 4450.810 2482.140 4437.680 C2450.130 4424.550 2381.760 4517.330 2329.440 4644.900 C2277.120 4772.470 2260.650 4886.540 2292.660 4899.660 Z
ellipse	tool	M4383.003 419.158 C4391.770 404.508 4439.873 417.163 4490.444 447.425 C4541.016 477.687 4574.906 514.095 4566.139 528.745 C4557.373 543.395 4509.270 530.739 4458.698 500.478 C4408.127 470.216 4374.237 433.808 4383.003 419.158 Z
ellipse	svg	M3534.850 1128.270 C3536.100 1129.830 3542.160 1127.060 3548.380 1122.070 C3554.590 1117.080 3558.610 1111.770 3557.350 1110.200 C3556.100 1108.640 3550.040 1111.410 3543.830 1116.400 C3537.610 1121.390 3533.590 1126.700 3534.850 1128.270 Z
ellipse	tool	M4573.211 4830.084 C4574.104 4818.620 4597.250 4811.074 4624.907 4813.230 C4652.564 4815.387 4674.260 4826.428 4673.366 4837.893 C4672.472 4849.357 4649.327 4856.903 4621.670 4854.746 C4594.013 4852.590 4572.317 4841.548 4573.211 4830.084 Z
ellipse	svg	M1165.060 2422.430 C1171.220 2429.660 1185.940 2428.500 1203.630 2419.380 C1221.330 2410.260 1239.290 2394.580 1250.720 2378.290 C1262.150 2361.990 1265.290 2347.570 1258.970 2340.480 C1252.800 2333.250 1238.080 2334.420 1220.390 2343.530 C1202.700 2352.650 1184.730 2368.330 1173.310 2384.630 C1161.880 2400.920 1158.730 2415.350 1165.060 2422.430 Z
ellipse	tool	M3918.622 4926.949 C3867.351 4845.007 3912.870 4724.092 4020.292 4656.878 C4127.713 4589.664 4256.359 4601.603 4307.631 4683.544 C4358.902 4765.486 4313.383 4886.400 4205.961 4953.615 C4098.539 5020.829 3969.894 5008.890 3918.622 4926.949 Z
ellipse	svg	M4079.200 3690.240 C4078.480 3695.370 4084.010 3700.980 4093.710 3704.960 C4103.400 3708.930 4115.780 3710.670 4126.200 3709.510 C4136.610 3708.350 4143.470 3704.480 4144.190 3699.340 C4144.910 3694.210 4139.380 3688.600 4129.690 3684.620 C4119.990 3680.650 4107.610 3678.910 4097.190 3680.070 C4086.780 3681.230 4079.920 3685.100 4079.200 3690.240 Z
ellipse	tool	M4120.239 2321.484 C4125.814 2313.398 4144.196 2316.400 4161.296 2328.189 C4178.396 2339.978 4187.739 2356.090 4182.164 2364.176 C4176.589 2372.263 4158.207 2369.261 4141.107 2357.472 C4124.007 2345.682 4114.664 2329.570 4120.239 2321.484 Z
ellipse	svg	M4377.020 3145.000 C4381.080 3142.370 4378.320 3130.910 4370.870 3119.400 C4363.410 3107.880 4354.080 3100.680 4350.020 3103.310 C4345.960 3105.940 4348.720 3117.400 4356.170 3128.910 C4363.630 3140.430 4372.960 3147.630 4377.020 3145.000 Z
ellipse	tool	M418.125 2661.789 C416.054 2659.204 419.906 2652.678 426.727 2647.212 C433.549 2641.746 440.758 2639.410 442.828 2641.994 C444.899 2644.578 441.048 2651.105 434.226 2656.571 C427.405 2662.037 420.196 2664.373 418.125 2661.789 Z
ellipse	svg	M2354.530 4212.650 C2365.260 4204.530 2350.770 4167.310 2322.170 4129.500 C2293.560 4091.700 2261.680 4067.640 2250.950 4075.760 C2240.220 4083.880 2254.710 4121.100 2283.310 4158.900 C2311.920 4196.710 2343.800 4220.770 2354.530 4212.650 Z
ellipse	tool	M446.505 2339.094 C444.900 2336.247 446.701 2332.192 450.526 2330.037 C454.351 2327.881 458.752 2328.442 460.357 2331.289 C461.961 2334.136 460.161 2338.191 456.336 2340.347 C452.510 2342.502 448.109 2341.941 446.505 2339.094 Z
ellipse	svg	M1627.880 1182.600 C1642.590 1209.940 1698.840 1208.250 1753.530 1178.830 C1808.220 1149.410 1840.640 1103.400 1825.930 1076.060 C1811.220 1048.720 1754.970 1050.410 1700.280 1079.830 C1645.590 1109.250 1613.170 1155.260 1627.880 1182.600 Z
ellipse	tool	M379.247 650.962 C349.741 655.546 318.224 610.347 308.851 550.009 C299.478 489.671 315.799 437.042 345.305 432.459 C374.811 427.875 406.328 473.074 415.701 533.412 C425.074 593.750 408.753 646.379 379.247 650.962 Z
ellipse	svg	M4878.900 4279.810 C4899.440 4284.410 4930.720 4222.870 4948.760 4142.360 C4966.800 4061.850 4964.770 3992.850 4944.220 3988.240 C4923.680 3983.640 4892.400 4045.180 4874.360 4125.690 C4856.320 4206.200 4858.350 4275.210 4878.900 4279.810 Z
ellipse	tool	M2232.288 614.423 C2219.328 594.326 2233.226 562.295 2263.331 542.879 C2293.437 523.463 2328.349 524.014 2341.310 544.110 C2354.271 564.207 2340.372 596.238 2310.267 615.654 C2280.162 635.070 2245.249 634.519 2232.288 614.423 Z
ellipse	svg	M728.580 1251.930 C712.050 1289.390 765.630 1349.320 848.260 1385.790 C930.880 1422.250 1011.270 1421.440 1027.800 1383.980 C1044.330 1346.510 990.750 1286.580 908.130 1250.120 C825.500 1213.650 745.110 1214.470 728.580 1251.930 Z
ellipse	tool	M331.617 753.045 C378.876 743.652 440.935 855.513 470.229 1002.894 C499.522 1150.274 484.958 1277.365 437.699 1286.758 C390.439 1296.152 328.381 1184.291 299.087 1036.910 C269.793 889.529 284.357 762.439 331.617 753.045 Z
ellipse	svg	M1283.990 4484.390 C1282.540 4485.290 1282.970 4488.580 1284.940 4491.720 C1286.910 4494.870 1289.670 4496.690 1291.120 4495.780 C1292.560 4494.880 1292.140 4491.590 1290.170 4488.450 C1288.200 4485.300 1285.430 4483.480 1283.990 4484.390 Z
ellipse	tool	M406.548 3282.886 C411.800 3276.586 424.671 3278.659 435.297 3287.516 C445.923 3296.373 450.280 3308.661 445.028 3314.961 C439.777 3321.261 426.905 3319.188 416.279 3310.331 C405.654 3301.474 401.297 3289.186 406.548 3282.886 Z
ellipse	svg	M4209.610 3777.320 C4212.180 3771.240 4198.370 3759.600 4178.770 3751.320 C4159.160 3743.030 4141.190 3741.250 4138.620 3747.330 C4136.050 3753.400 4149.860 3765.050 4169.470 3773.330 C4189.070 3781.610 4207.050 3783.400 4209.610 3777.320 Z
ellipse	tool	M4890.499 4428.984 C4883.265 4435.426 4857.122 4417.875 4832.106 4389.785 C4807.090 4361.694 4792.674 4333.699 4799.907 4327.258 C4807.141 4320.816 4833.284 4338.366 4858.300 4366.457 C4883.316 4394.548 4897.732 4422.542 4890.499 4428.984 Z
ellipse	svg	M3688.400 3843.940 C3687.770 3845.810 3688.590 3848.010 3690.560 3849.710 C3692.520 3851.410 3695.320 3852.340 3697.910 3852.170 C3700.500 3852.000 3702.480 3850.740 3703.110 3848.870 C3703.730 3846.990 3702.910 3844.800 3700.950 3843.100 C3698.990 3841.400 3696.180 3840.460 3693.590 3840.640 C3691.000 3840.810 3689.020 3842.070 3688.400 3843.940 Z
ellipse	tool	M3814.942 1047.211 C3814.150 1041.538 3820.616 1035.947 3829.384 1034.722 C3838.152 1033.497 3845.903 1037.103 3846.695 1042.776 C3847.488 1048.449 3841.022 1054.040 3832.254 1055.265 C3823.485 1056.490 3815.735 1052.884 3814.942 1047.211 Z
ellipse	svg	M3026.850 1773.830 C3029.870 1772.100 3028.910 1764.720 3024.690 1757.360 C3020.470 1750.000 3014.590 1745.440 3011.570 1747.170 C3008.540 1748.910 3009.510 1756.280 3013.730 1763.640 C3017.940 1771.010 3023.820 1775.570 3026.850 1773.830 Z
ellipse	tool	M2815.198 3025.662 C2813.486 3025.643 2812.134 3022.334 2812.178 3018.270 C2812.223 3014.207 2813.647 3010.928 2815.360 3010.947 C2817.072 3010.966 2818.424 3014.275 2818.379 3018.339 C2818.335 3022.402 2816.910 3025.680 2815.198 3025.662 Z
ellipse	svg	M2238.140 2167.270 C2245.650 2156.130 2231.080 2131.820 2199.950 2103.540 C2168.820 2075.260 2125.890 2047.330 2087.410 2030.340 C2048.940 2013.350 2020.810 2009.890 2013.670 2021.270 C2006.160 2032.410 2020.730 2056.720 2051.860 2085.000 C2082.990 2113.280 2125.930 2141.210 2164.400 2158.200 C2202.880 2175.190 2231.010 2178.650 2238.140 2167.270 Z
ellipse	tool	M1829.302 2441.980 C1828.940 2443.263 1824.771 2443.211 1819.990 2441.864 C1815.210 2440.517 1811.627 2438.385 1811.989 2437.102 C1812.350 2435.819 1816.519 2435.871 1821.300 2437.218 C1826.080 2438.565 1829.663 2440.697 1829.302 2441.980 Z
ellipse	svg	M1498.090 1994.540 C1497.950 2006.110 1522.110 2016.660 1561.420 2022.200 C1600.730 2027.740 1649.180 2027.410 1688.410 2021.350 C1727.640 2015.280 1751.660 2004.400 1751.370 1992.830 C1751.500 1981.260 1727.340 1970.710 1688.030 1965.170 C1648.720 1959.630 1600.280 1959.960 1561.050 1966.020 C1521.810 1972.090 1497.800 1982.970 1498.090 1994.540 Z
ellipse	tool	M1940.147 172.809 C1942.114 176.865 1935.069 184.343 1924.412 189.512 C1913.754 194.681 1903.520 195.583 1901.553 191.527 C1899.586 187.471 1906.631 179.993 1917.288 174.824 C1927.945 169.655 1938.180 168.753 1940.147 172.809 Z
ellipse	svg	M4558.330 764.430 C4561.150 764.800 4564.280 758.520 4565.330 750.420 C4566.380 742.310 4564.960 735.440 4562.150 735.080 C4559.340 734.710 4556.210 740.990 4555.150 749.100 C4554.100 757.200 4555.520 764.070 4558.330 764.430 Z
ellipse	tool	M4576.792 1775.050 C4575.771 1776.563 4572.608 1776.215 4569.727 1774.272 C4566.847 1772.328 4565.339 1769.526 4566.360 1768.013 C4567.381 1766.499 4570.544 1766.848 4573.424 1768.791 C4576.305 1770.734 4577.813 1773.536 4576.792 1775.050 Z
ellipse	svg	M3859.540 1100.760 C3853.260 1099.310 3845.970 1104.440 3840.420 1114.200 C3834.860 1123.960 3831.890 1136.870 3832.630 1148.080 C3833.360 1159.280 3837.680 1167.070 3843.960 1168.520 C3850.250 1169.960 3857.540 1164.840 3863.090 1155.080 C3868.640 1145.320 3871.610 1132.410 3870.880 1121.200 C3870.150 1110.000 3865.820 1102.200 3859.540 1100.760 Z
ellipse	tool	M1051.656 2879.942 C1049.048 2878.086 1051.475 2870.202 1057.077 2862.332 C1062.678 2854.462 1069.333 2849.586 1071.940 2851.442 C1074.547 2853.298 1072.120 2861.182 1066.519 2869.052 C1060.918 2876.922 1054.263 2881.798 1051.656 2879.942 Z
ellipse	svg	M1734.670 1696.150 C1736.630 1697.910 1742.640 1694.420 1748.090 1688.350 C1753.540 1682.290 1756.370 1675.950 1754.410 1674.190 C1752.460 1672.430 1746.450 1675.920 1741.000 1681.980 C1735.550 1688.050 1732.720 1694.390 1734.670 1696.150 Z
ellipse	tool	M3163.288 4524.021 C3161.840 4519.229 3168.021 4513.123 3177.092 4510.383 C3186.164 4507.643 3194.691 4509.306 3196.139 4514.097 C3197.586 4518.889 3191.405 4524.995 3182.334 4527.735 C3173.262 4530.475 3164.735 4528.812 3163.288 4524.021 Z
ellipse	svg	M2917.950 4334.150 C2915.460 4335.770 2916.260 4342.070 2920.070 4350.670 C2923.870 4359.280 2930.100 4368.880 2936.410 4375.860 C2942.710 4382.840 2948.130 4386.150 2950.630 4384.530 C2953.120 4382.910 2952.320 4376.610 2948.510 4368.010 C2944.700 4359.410 2938.480 4349.800 2932.170 4342.820 C2925.870 4335.840 2920.450 4332.530 2917.950 4334.150 Z
ellipse	tool	M336.929 987.277 C338.643 988.046 338.284 992.565 336.126 997.368 C333.968 1002.171 330.830 1005.441 329.116 1004.671 C327.402 1003.901 327.761 999.383 329.919 994.580 C332.076 989.776 335.215 986.507 336.929 987.277 Z
ellipse	svg	M4031.000 1514.060 C4045.080 1481.780 4015.680 1433.460 3953.870 1387.290 C3892.060 1341.120 3807.240 1304.130 3731.360 1290.240 C3655.470 1276.360 3600.050 1287.690 3585.970 1319.970 C3571.890 1352.250 3601.290 1400.570 3663.100 1446.740 C3724.910 1492.910 3809.730 1529.900 3885.620 1543.790 C3961.500 1557.680 4016.920 1546.340 4031.000 1514.060 Z
ellipse	tool	M3101.472 2904.785 C3103.082 2915.353 3072.328 2928.803 3032.782 2934.828 C2993.236 2940.853 2959.872 2937.171 2958.262 2926.604 C2956.652 2916.036 2987.406 2902.585 3026.952 2896.561 C3066.498 2890.536 3099.862 2894.218 3101.472 2904.785 Z
ellipse	svg	M1682.910 1937.550 C1662.230 1924.060 1622.540 1944.720 1578.950 1991.670 C1535.360 2038.610 1494.570 2104.640 1472.080 2164.620 C1449.590 2224.610 1448.870 2269.340 1470.190 2281.810 C1490.880 2295.300 1530.560 2274.640 1574.150 2227.690 C1617.740 2180.750 1658.540 2114.720 1681.020 2054.740 C1703.510 1994.750 1704.230 1950.020 1682.910 1937.550 Z
ellipse	tool	M922.058 130.312 C922.600 131.226 921.488 132.886 919.574 134.020 C917.661 135.154 915.671 135.332 915.129 134.418 C914.587 133.504 915.700 131.844 917.613 130.710 C919.526 129.576 921.517 129.398 922.058 130.312 Z
ellipse	svg	M1340.640 4267.540 C1342.480 4259.660 1328.930 4249.740 1310.360 4245.390 C1291.800 4241.050 1275.250 4243.920 1273.400 4251.800 C1271.560 4259.690 1285.110 4269.600 1303.680 4273.950 C1322.240 4278.300 1338.790 4275.430 1340.640 4267.540 Z
ellipse	tool	M1125.786 2672.479 C1143.245 2674.731 1152.045 2718.058 1145.441 2769.252 C1138.838 2820.446 1119.332 2860.122 1101.874 2857.870 C1084.415 2855.618 1075.615 2812.292 1082.219 2761.097 C1088.822 2709.903 1108.328 2670.227 1125.786 2672.479 Z
ellipse	svg	M2964.330 1141.750 C2965.880 1154.060 3001.980 1159.630 3044.940 1154.200 C3087.910 1148.760 3121.470 1134.370 3119.910 1122.060 C3118.360 1109.750 3082.260 1104.180 3039.300 1109.620 C2996.330 1115.060 2962.770 1129.440 2964.330 1141.750 Z
ellipse	tool	M4526.742 1218.003 C4522.357 1219.434 4516.946 1214.907 4514.657 1207.892 C4512.367 1200.876 4514.065 1194.029 4518.450 1192.598 C4522.835 1191.166 4528.246 1195.693 4530.536 1202.709 C4532.826 1209.725 4531.127 1216.572 4526.742 1218.003 Z
ellipse	svg	M4676.090 3756.730 C4640.860 3765.220 4633.830 3861.490 4660.400 3971.740 C4686.970 4082.000 4737.070 4164.500 4772.300 4156.010 C4807.530 4147.520 4814.560 4051.250 4787.990 3941.000 C4761.420 3830.740 4711.320 3748.240 4676.090 3756.730 Z
ellipse	tool	M2461.910 21.587 C2459.618 21.010 2458.907 15.981 2460.322 10.353 C2461.738 4.725 2464.743 0.630 2467.036 1.207 C2469.328 1.783 2470.039 6.813 2468.624 12.441 C2467.208 18.069 2464.202 22.163 2461.910 21.587 Z
ellipse	svg	M3437.790 1906.040 C3438.730 1904.610 3436.740 1901.650 3433.350 1899.440 C3429.960 1897.220 3426.450 1896.590 3425.510 1898.030 C3424.570 1899.460 3426.560 1902.420 3429.950 1904.630 C3433.340 1906.850 3436.850 1907.480 3437.790 1906.040 Z
ellipse	tool	M888.027 310.520 C890.164 308.082 895.402 309.178 899.726 312.969 C904.050 316.759 905.823 321.808 903.686 324.246 C901.549 326.684 896.311 325.588 891.987 321.798 C887.663 318.008 885.890 312.959 888.027 310.520 Z
ellipse	svg	M3929.780 681.750 C3929.580 682.970 3931.950 684.370 3935.060 684.880 C3938.180 685.400 3940.870 684.830 3941.070 683.610 C3941.270 682.390 3938.910 680.990 3935.790 680.480 C3932.670 679.960 3929.990 680.530 3929.780 681.750 Z
ellipse	tool	M2411.803 2555.705 C2425.280 2542.842 2457.205 2554.417 2483.108 2581.558 C2509.011 2608.699 2519.084 2641.128 2505.606 2653.991 C2492.129 2666.854 2460.205 2655.279 2434.302 2628.138 C2408.398 2600.997 2398.326 2568.568 2411.803 2555.705 Z
ellipse	svg	M543.520 1779.950 C542.120 1779.810 540.600 1783.560 540.110 1788.340 C539.630 1793.110 540.370 1797.100 541.770 1797.240 C543.170 1797.380 544.700 1793.630 545.180 1788.850 C545.670 1784.080 544.920 1780.090 543.520 1779.950 Z
ellipse	tool	M4910.714 2648.595 C4891.830 2656.381 4859.581 2621.604 4838.683 2570.919 C4817.785 2520.233 4816.152 2472.833 4835.036 2465.047 C4853.919 2457.262 4886.169 2492.039 4907.067 2542.724 C4927.964 2593.409 4929.597 2640.810 4910.714 2648.595 Z
ellipse	svg	M2617.770 3506.480 C2639.920 3504.880 2655.630 3472.480 2652.860 3434.130 C2650.080 3395.770 2629.880 3365.970 2607.720 3367.570 C2585.570 3369.180 2569.860 3401.570 2572.630 3439.930 C2575.410 3478.280 2595.610 3508.080 2617.770 3506.480 Z
ellipse	tool	M53.667 594.781 C54.961 594.042 57.044 595.252 58.319 597.483 C59.594 599.715 59.579 602.124 58.284 602.863 C56.990 603.603 54.908 602.393 53.633 600.161 C52.357 597.929 52.373 595.520 53.667 594.781 Z
ellipse	svg	M1452.500 4793.790 C1457.500 4800.060 1475.260 4795.370 1499.100 4781.500 C1522.930 4767.630 1549.220 4746.670 1568.050 4726.530 C1586.890 4706.380 1595.410 4690.110 1590.410 4683.840 C1585.410 4677.570 1567.650 4682.250 1543.820 4696.120 C1519.980 4710.000 1493.700 4730.950 1474.860 4751.100 C1456.030 4771.240 1447.500 4787.520 1452.500 4793.790 Z
ellipse	tool	M2942.269 1565.500 C2939.171 1563.733 2941.205 1554.334 2946.812 1544.508 C2952.419 1534.682 2959.475 1528.149 2962.573 1529.917 C2965.670 1531.684 2963.636 1541.083 2958.030 1550.909 C2952.423 1560.735 2945.366 1567.268 2942.269 1565.500 Z
ellipse	svg	M4200.960 3895.420 C4201.870 3894.580 4202.000 3893.040 4201.300 3891.380 C4200.590 3889.720 4199.170 3888.200 4197.560 3887.380 C4195.950 3886.570 4194.400 3886.600 4193.510 3887.450 C4192.600 3888.290 4192.470 3889.830 4193.170 3891.490 C4193.880 3893.150 4195.300 3894.670 4196.910 3895.480 C4198.520 3896.300 4200.070 3896.270 4200.960 3895.420 Z
ellipse	tool	M-24.174 874.396 C-14.391 870.275 5.902 896.277 21.151 932.475 C36.401 968.672 40.832 1001.356 31.049 1005.478 C21.267 1009.599 0.974 983.596 -14.275 947.399 C-29.525 911.202 -33.956 878.517 -24.174 874.396 Z
ellipse	svg	M1534.010 2865.460 C1517.970 2850.410 1474.530 2867.890 1420.150 2911.280 C1365.760 2954.680 1308.740 3017.370 1270.670 3075.600 C1232.600 3133.840 1219.300 3178.730 1235.800 3193.280 C1251.850 3208.340 1295.280 3190.860 1349.670 3147.460 C1404.050 3104.070 1461.070 3041.380 1499.140 2983.140 C1537.210 2924.910 1550.510 2880.010 1534.010 2865.460 Z
ellipse	tool	M863.100 2257.541 C854.987 2263.070 832.210 2243.781 812.226 2214.457 C792.242 2185.133 782.619 2156.879 790.732 2151.350 C798.846 2145.821 821.623 2165.110 841.607 2194.434 C861.591 2223.758 871.214 2252.012 863.100 2257.541 Z
ellipse	svg	M1813.460 235.230 C1814.080 230.750 1806.190 225.580 1792.800 221.690 C1779.400 217.790 1762.530 215.760 1748.590 216.370 C1734.650 216.970 1725.770 220.120 1725.300 224.620 C1724.690 229.100 1732.570 234.270 1745.970 238.170 C1759.370 242.060 1776.230 244.090 1790.170 243.490 C1804.110 242.880 1813.000 239.730 1813.460 235.230 Z
ellipse	tool	M4175.767 4696.266 C4185.275 4702.526 4186.089 4718.069 4177.586 4730.983 C4169.084 4743.896 4154.483 4749.290 4144.976 4743.030 C4135.468 4736.770 4134.654 4721.227 4143.156 4708.313 C4151.659 4695.399 4166.259 4690.005 4175.767 4696.266 Z
ellipse	svg	M1909.720 3065.190 C1911.710 3079.900 1947.240 3087.210 1989.060 3081.530 C2030.880 3075.850 2063.160 3059.320 2061.170 3044.610 C2059.170 3029.910 2023.640 3022.590 1981.820 3028.280 C1940.000 3033.960 1907.720 3050.490 1909.720 3065.190 Z
ellipse	tool	M624.207 186.100 C624.923 187.281 622.809 189.872 619.486 191.888 C616.162 193.904 612.887 194.581 612.171 193.400 C611.455 192.219 613.569 189.628 616.893 187.612 C620.216 185.597 623.491 184.920 624.207 186.100 Z
ellipse	svg	M1197.950 1684.400 C1196.010 1685.380 1195.630 1689.010 1196.960 1693.890 C1198.300 1698.780 1201.130 1704.180 1204.400 1708.050 C1207.670 1711.920 1210.860 1713.670 1212.780 1712.630 C1214.720 1711.640 1215.100 1708.020 1213.770 1703.130 C1212.440 1698.240 1209.600 1692.840 1206.330 1688.970 C1203.060 1685.100 1199.870 1683.360 1197.950 1684.400 Z
ellipse	tool	M175.073 1477.486 C151.240 1475.504 134.632 1441.271 137.979 1401.026 C141.327 1360.780 163.361 1329.761 187.194 1331.743 C211.028 1333.726 227.635 1367.958 224.288 1408.204 C220.941 1448.449 198.906 1479.468 175.073 1477.486 Z
ellipse	svg	M89.880 452.970 C93.820 453.820 98.940 447.260 103.300 435.780 C107.650 424.290 110.590 409.640 110.980 397.360 C111.380 385.080 109.180 377.060 105.210 376.330 C101.270 375.480 96.150 382.030 91.800 393.520 C87.440 405.000 84.500 419.660 84.110 431.940 C83.710 444.220 85.910 452.240 89.880 452.970 Z
ellipse	tool	M977.615 365.370 C977.761 366.479 976.039 367.620 973.768 367.920 C971.498 368.220 969.538 367.565 969.392 366.456 C969.245 365.348 970.967 364.206 973.238 363.906 C975.509 363.606 977.469 364.262 977.615 365.370 Z
ellipse	svg	M4833.930 4625.350 C4838.820 4637.860 4862.910 4640.130 4887.720 4630.430 C4912.530 4620.720 4928.680 4602.710 4923.790 4590.200 C4918.900 4577.690 4894.810 4575.420 4870.000 4585.120 C4845.190 4594.830 4829.040 4612.840 4833.930 4625.350 Z
ellipse	tool	M2762.318 3909.844 C2764.150 3909.333 2766.850 3913.269 2768.349 3918.636 C2769.848 3924.004 2769.578 3928.769 2767.746 3929.281 C2765.915 3929.793 2763.214 3925.856 2761.715 3920.489 C2760.216 3915.122 2760.486 3910.356 2762.318 3909.844 Z
ellipse	svg	M1225.820 3894.860 C1223.440 3896.840 1223.830 3901.220 1226.680 3904.650 C1229.540 3908.080 1233.780 3909.250 1236.160 3907.270 C1238.530 3905.290 1238.140 3900.910 1235.290 3897.480 C1232.430 3894.050 1228.190 3892.880 1225.820 3894.860 Z
ellipse	tool	M4749.238 4659.802 C4741.724 4675.836 4716.884 4680.047 4693.756 4669.208 C4670.628 4658.370 4657.971 4636.585 4665.485 4620.551 C4672.999 4604.518 4697.839 4600.306 4720.967 4611.145 C4744.095 4621.984 4756.752 4643.768 4749.238 4659.802 Z
ellipse	svg	M3812.140 1675.430 C3794.000 1686.740 3798.360 1731.090 3823.590 1791.770 C3848.810 1852.450 3891.070 1920.250 3934.440 1969.620 C3977.810 2019.000 4015.700 2042.440 4033.850 2031.140 C4051.990 2019.830 4047.630 1975.480 4022.400 1914.800 C3997.180 1854.110 3954.920 1786.320 3911.550 1736.940 C3868.180 1687.570 3830.290 1664.120 3812.140 1675.430 Z
ellipse	tool	M4215.959 1779.106 C4218.460 1777.984 4223.132 1782.972 4226.396 1790.246 C4229.659 1797.520 4230.277 1804.327 4227.777 1805.448 C4225.276 1806.570 4220.603 1801.583 4217.340 1794.309 C4214.076 1787.035 4213.458 1780.228 4215.959 1779.106 Z
ellipse	svg	M1506.700 926.260 C1509.330 923.500 1507.540 916.940 1502.010 909.050 C1496.480 901.160 1488.050 893.140 1479.900 888.000 C1471.750 882.860 1465.110 881.390 1462.490 884.150 C1459.870 886.900 1461.660 893.460 1467.190 901.350 C1472.720 909.240 1481.140 917.270 1489.290 922.400 C1497.450 927.540 1504.080 929.010 1506.700 926.260 Z
ellipse	tool	M37.945 467.934 C17.597 455.740 24.602 406.641 53.592 358.268 C82.581 309.896 122.577 280.568 142.925 292.762 C163.273 304.957 156.267 354.056 127.278 402.428 C98.288 450.800 58.292 480.128 37.945 467.934 Z
ellipse	svg	M2070.430 407.640 C2071.330 416.700 2099.530 421.290 2133.410 417.900 C2167.290 414.500 2194.010 404.410 2193.110 395.350 C2192.200 386.300 2164.000 381.710 2130.120 385.100 C2096.250 388.500 2069.520 398.590 2070.430 407.640 Z
ellipse	tool	M2913.722 3812.186 C2922.484 3833.704 2893.304 3865.923 2848.546 3884.149 C2803.788 3902.375 2760.402 3899.706 2751.639 3878.188 C2742.877 3856.671 2772.057 3824.452 2816.815 3806.226 C2861.573 3788.000 2904.960 3790.669 2913.722 3812.186 Z
ellipse	svg	M2045.160 4123.710 C2029.600 4124.490 2018.260 4150.320 2019.830 4181.400 C2021.400 4212.480 2035.290 4237.040 2050.850 4236.250 C2066.410 4235.460 2077.750 4209.630 2076.180 4178.550 C2074.610 4147.480 2060.720 4122.920 2045.160 4123.710 Z
ellipse	tool	M919.814 2815.573 C923.317 2796.271 984.384 2791.189 1056.212 2804.223 C1128.040 2817.257 1183.428 2843.472 1179.925 2862.775 C1176.423 2882.078 1115.355 2887.159 1043.527 2874.125 C971.700 2861.091 916.311 2834.876 919.814 2815.573 Z
ellipse	svg	M4497.810 4377.280 C4497.800 4377.990 4499.580 4378.590 4501.790 4378.630 C4504.000 4378.670 4505.810 4378.130 4505.820 4377.420 C4505.830 4376.710 4504.050 4376.110 4501.840 4376.070 C4499.620 4376.030 4497.820 4376.570 4497.810 4377.280 Z
ellipse	tool	M3907.894 3179.699 C3910.149 3184.453 3904.978 3191.628 3896.342 3195.724 C3887.707 3199.821 3878.879 3199.288 3876.623 3194.534 C3874.368 3189.780 3879.540 3182.605 3888.175 3178.508 C3896.810 3174.412 3905.639 3174.945 3907.894 3179.699 Z
ellipse	svg	M2476.350 1078.270 C2477.110 1077.560 2476.870 1075.930 2475.730 1074.020 C2474.590 1072.100 2472.720 1070.190 2470.830 1069.000 C2468.950 1067.810 2467.330 1067.530 2466.590 1068.270 C2465.840 1068.990 2466.080 1070.610 2467.220 1072.530 C2468.360 1074.440 2470.220 1076.360 2472.110 1077.550 C2474.000 1078.730 2475.620 1079.010 2476.350 1078.270 Z
ellipse	tool	M3936.506 1555.593 C3959.445 1525.731 4036.158 1546.166 4107.850 1601.236 C4179.542 1656.306 4219.065 1725.158 4196.126 1755.020 C4173.188 1784.882 4096.474 1764.447 4024.782 1709.377 C3953.090 1654.307 3913.567 1585.456 3936.506 1555.593 Z
ellipse	svg	M470.590 4648.840 C479.710 4604.630 452.120 4556.350 398.210 4522.180 C344.310 4488.010 272.270 4473.160 209.250 4483.200 C146.220 4493.250 101.780 4526.670 92.660 4570.890 C83.540 4615.100 111.130 4663.380 165.030 4697.550 C218.940 4731.720 290.970 4746.580 354.000 4736.530 C417.030 4726.480 461.470 4693.060 470.590 4648.840 Z
ellipse	tool	M91.949 2739.259 C138.581 2733.495 190.949 2846.659 208.914 2992.018 C226.880 3137.376 203.641 3259.885 157.009 3265.649 C110.377 3271.412 58.009 3158.248 40.044 3012.890 C22.078 2867.531 45.317 2745.023 91.949 2739.259 Z
ellipse	svg	M1706.320 948.530 C1740.700 948.450 1768.310 842.910 1768.010 712.810 C1767.700 582.700 1739.580 477.300 1705.200 477.380 C1670.820 477.460 1643.200 583.000 1643.510 713.100 C1643.820 843.210 1671.940 948.610 1706.320 948.530 Z
ellipse	tool	M4736.999 1431.584 C4732.150 1445.023 4697.927 1444.988 4660.559 1431.506 C4623.191 1418.024 4596.829 1396.201 4601.677 1382.763 C4606.525 1369.325 4640.749 1369.360 4678.117 1382.842 C4715.485 1396.323 4741.847 1418.146 4736.999 1431.584 Z
ellipse	svg	M4282.250 3570.330 C4286.090 3585.930 4318.830 3592.610 4368.060 3587.850 C4417.290 3583.080 4475.470 3567.600 4520.550 3547.260 C4565.630 3526.930 4590.720 3504.850 4586.300 3489.400 C4582.450 3473.800 4549.710 3467.120 4500.490 3471.880 C4451.260 3476.650 4393.080 3492.130 4348.000 3512.470 C4302.920 3532.800 4277.830 3554.880 4282.250 3570.330 Z
ellipse	tool	M3009.059 4274.606 C3005.725 4275.026 3002.481 4271.076 3001.814 4265.782 C3001.146 4260.489 3003.307 4255.857 3006.640 4255.436 C3009.974 4255.015 3013.217 4258.966 3013.885 4264.259 C3014.553 4269.553 3012.392 4274.185 3009.059 4274.606 Z
ellipse	svg	M4598.930 2210.690 C4606.490 2204.410 4603.940 2187.130 4592.250 2165.350 C4580.550 2143.580 4561.480 2120.610 4542.230 2105.110 C4522.970 2089.610 4506.450 2083.930 4498.890 2090.210 C4491.330 2096.480 4493.880 2113.760 4505.580 2135.540 C4517.280 2157.320 4536.340 2180.280 4555.600 2195.780 C4574.850 2211.280 4591.370 2216.960 4598.930 2210.690 Z
ellipse	tool	M4479.132 2786.977 C4470.922 2819.343 4366.756 2820.848 4246.469 2790.339 C4126.182 2759.830 4035.325 2708.860 4043.534 2676.494 C4051.743 2644.128 4155.910 2642.623 4276.197 2673.132 C4396.484 2703.640 4487.341 2754.611 4479.132 2786.977 Z
ellipse	svg	M4608.030 2280.410 C4605.990 2287.660 4615.390 2297.300 4632.670 2305.680 C4649.950 2314.060 4672.450 2319.890 4691.620 2320.950 C4710.800 2322.020 4723.700 2318.150 4725.440 2310.820 C4727.480 2303.580 4718.070 2293.930 4700.790 2285.550 C4683.520 2277.170 4661.020 2271.340 4641.840 2270.280 C4622.670 2269.220 4609.760 2273.080 4608.030 2280.410 Z
ellipse	tool	M3067.360 4478.209 C3047.317 4509.015 2949.779 4481.100 2849.502 4415.859 C2749.224 4350.618 2684.181 4272.756 2704.224 4241.950 C2724.266 4211.145 2821.804 4239.060 2922.082 4304.301 C3022.359 4369.542 3087.402 4447.404 3067.360 4478.209 Z
ellipse	svg	M961.170 4899.510 C959.690 4903.080 969.920 4910.720 984.010 4916.580 C998.110 4922.440 1010.740 4924.300 1012.220 4920.730 C1013.700 4917.170 1003.480 4909.530 989.380 4903.670 C975.290 4897.810 962.660 4895.950 961.170 4899.510 Z
ellipse	tool	M4538.220 3215.557 C4553.791 3194.284 4626.786 3221.228 4701.260 3275.738 C4775.735 3330.248 4823.485 3391.682 4807.915 3412.955 C4792.344 3434.228 4719.349 3407.285 4644.875 3352.775 C4570.401 3298.265 4522.650 3236.830 4538.220 3215.557 Z
ellipse	svg	M1103.550 4485.060 C1099.270 4484.920 1095.190 4491.300 1092.850 4501.780 C1090.510 4512.270 1090.270 4525.250 1092.220 4535.810 C1094.170 4546.380 1098.010 4552.900 1102.290 4552.920 C1106.570 4553.060 1110.650 4546.680 1112.990 4536.200 C1115.330 4525.710 1115.570 4512.730 1113.620 4502.170 C1111.670 4491.600 1107.830 4485.080 1103.550 4485.060 Z
ellipse	tool	M3819.177 716.799 C3812.329 741.463 3767.291 750.494 3718.582 736.970 C3669.873 723.445 3635.938 692.488 3642.786 667.824 C3649.635 643.160 3694.672 634.129 3743.382 647.653 C3792.091 661.178 3826.026 692.135 3819.177 716.799 Z
ellipse	svg	M145.090 2459.380 C146.580 2460.220 149.090 2458.580 150.690 2455.730 C152.290 2452.880 152.380 2449.890 150.890 2449.060 C149.410 2448.220 146.900 2449.850 145.300 2452.700 C143.700 2455.560 143.610 2458.540 145.090 2459.380 Z
ellipse	tool	M368.648 1261.292 C367.724 1258.220 374.390 1253.500 383.538 1250.748 C392.685 1247.995 400.849 1248.255 401.773 1251.326 C402.697 1254.398 396.031 1259.119 386.884 1261.871 C377.737 1264.623 369.573 1264.364 368.648 1261.292 Z
ellipse	svg	M3915.000 2800.530 C3915.760 2799.260 3915.550 2797.550 3914.440 2796.050 C3913.340 2794.550 3911.520 2793.500 3909.670 2793.290 C3907.830 2793.090 3906.240 2793.750 3905.510 2795.050 C3904.750 2796.320 3904.970 2798.030 3906.070 2799.530 C3907.170 2801.030 3908.990 2802.080 3910.840 2802.290 C3912.690 2802.490 3914.280 2801.830 3915.000 2800.530 Z
ellipse	tool	M4822.012 481.567 C4821.336 482.954 4817.533 482.494 4813.517 480.538 C4809.501 478.583 4806.793 475.873 4807.469 474.485 C4808.144 473.098 4811.948 473.558 4815.963 475.514 C4819.979 477.470 4822.687 480.180 4822.012 481.567 Z
ellipse	svg	M315.090 147.660 C313.160 149.080 313.190 152.390 315.140 155.050 C317.100 157.710 320.250 158.710 322.180 157.290 C324.110 155.880 324.080 152.570 322.130 149.910 C320.170 147.250 317.020 146.250 315.090 147.660 Z
ellipse	tool	M313.272 1818.811 C296.694 1810.521 308.503 1753.301 339.650 1691.006 C370.797 1628.711 409.486 1584.931 426.065 1593.220 C442.644 1601.509 430.834 1658.729 399.688 1721.024 C368.541 1783.319 329.851 1827.100 313.272 1818.811 Z
ellipse	svg	M270.450 -116.520 C245.500 -136.870 174.190 -90.730 111.160 -13.460 C48.130 63.800 17.260 142.930 42.200 163.280 C67.150 183.630 138.470 137.490 201.490 60.230 C264.520 -17.040 295.390 -96.170 270.450 -116.520 Z
ellipse	tool	M1999.756 2137.727 C1987.395 2139.375 1973.216 2109.526 1968.088 2071.059 C1962.959 2032.591 1968.822 2000.071 1981.183 1998.423 C1993.544 1996.775 2007.723 2026.623 2012.851 2065.091 C2017.980 2103.558 2012.117 2136.079 1999.756 2137.727 Z
ellipse	svg	M3902.950 3172.320 C3903.950 3171.640 3903.310 3168.950 3901.510 3166.310 C3899.720 3163.660 3897.450 3162.070 3896.450 3162.750 C3895.450 3163.430 3896.090 3166.120 3897.890 3168.770 C3899.680 3171.410 3901.950 3173.000 3902.950 3172.320 Z
ellipse	tool	M342.554 3828.435 C373.122 3833.612 384.151 3919.001 367.187 4019.156 C350.224 4119.311 311.692 4196.306 281.124 4191.129 C250.555 4185.951 239.527 4100.562 256.490 4000.407 C273.454 3900.252 311.986 3823.258 342.554 3828.435 Z
ellipse	svg	M4232.710 2962.920 C4226.210 2964.100 4223.110 2976.940 4225.770 2991.610 C4228.430 3006.270 4235.860 3017.200 4242.360 3016.020 C4248.850 3014.840 4251.960 3002.000 4249.300 2987.330 C4246.640 2972.670 4239.210 2961.740 4232.710 2962.920 Z
ellipse	tool	M720.854 4546.264 C729.763 4540.987 753.588 4564.738 774.067 4599.314 C794.547 4633.890 803.926 4666.197 795.017 4671.474 C786.107 4676.751 762.283 4653.000 741.803 4618.425 C721.323 4583.849 711.944 4551.542 720.854 4546.264 Z
ellipse	svg	M1608.990 4870.790 C1600.800 4873.260 1597.370 4885.830 1601.300 4898.880 C1605.240 4911.930 1615.070 4920.510 1623.250 4918.040 C1631.430 4915.570 1634.870 4902.990 1630.930 4889.940 C1626.990 4876.890 1617.170 4868.320 1608.990 4870.790 Z
ellipse	tool	M2655.540 1677.548 C2654.851 1677.540 2654.315 1675.628 2654.343 1673.277 C2654.370 1670.926 2654.950 1669.027 2655.639 1669.035 C2656.327 1669.043 2656.863 1670.955 2656.836 1673.306 C2656.809 1675.657 2656.229 1677.556 2655.540 1677.548 Z
ellipse	svg	M2520.850 2131.890 C2520.670 2121.100 2508.420 2111.440 2488.740 2106.570 C2469.050 2101.700 2444.950 2102.370 2425.560 2108.320 C2406.180 2114.270 2394.480 2124.590 2394.900 2135.380 C2395.080 2146.170 2407.330 2155.830 2427.010 2160.700 C2446.700 2165.570 2470.800 2164.900 2490.190 2158.950 C2509.570 2153.000 2521.270 2142.670 2520.850 2131.890 Z
ellipse	tool	M995.852 2726.862 C975.416 2744.506 927.741 2722.775 889.365 2678.325 C850.990 2633.876 836.448 2583.540 856.883 2565.897 C877.319 2548.253 924.995 2569.984 963.370 2614.434 C1001.745 2658.883 1016.288 2709.219 995.852 2726.862 Z
ellipse	svg	M2042.440 851.960 C2042.450 851.360 2041.600 850.790 2040.200 850.470 C2038.810 850.160 2037.080 850.150 2035.680 850.440 C2034.280 850.740 2033.420 851.300 2033.430 851.900 C2033.410 852.510 2034.260 853.080 2035.660 853.400 C2037.060 853.710 2038.780 853.720 2040.180 853.430 C2041.580 853.130 2042.440 852.570 2042.440 851.960 Z
ellipse	tool	M2489.858 2917.164 C2492.027 2915.029 2496.387 2915.942 2499.597 2919.202 C2502.807 2922.463 2503.651 2926.837 2501.482 2928.972 C2499.313 2931.107 2494.953 2930.194 2491.743 2926.934 C2488.534 2923.673 2487.690 2919.299 2489.858 2917.164 Z
ellipse	svg	M3536.480 3064.760 C3531.690 3068.390 3530.800 3076.320 3534.160 3085.520 C3537.520 3094.710 3544.610 3103.770 3552.740 3109.240 C3560.860 3114.710 3568.770 3115.740 3573.440 3111.950 C3578.240 3108.320 3579.130 3100.400 3575.770 3091.200 C3572.410 3082.000 3565.310 3072.950 3557.190 3067.480 C3549.060 3062.010 3541.160 3060.970 3536.480 3064.760 Z
ellipse	tool	M3301.487 623.452 C3298.953 614.064 3307.648 603.552 3320.908 599.973 C3334.168 596.393 3346.972 601.102 3349.506 610.490 C3352.040 619.879 3343.345 630.391 3330.085 633.970 C3316.825 637.549 3304.021 632.840 3301.487 623.452 Z
ellipse	svg	M3173.650 3442.220 C3164.650 3447.500 3163.710 3464.670 3171.180 3487.230 C3178.650 3509.790 3193.400 3534.290 3209.840 3551.450 C3226.270 3568.610 3241.890 3575.820 3250.770 3570.330 C3259.770 3565.050 3260.720 3547.880 3253.240 3525.320 C3245.770 3502.760 3231.020 3478.260 3214.580 3461.100 C3198.150 3443.940 3182.530 3436.740 3173.650 3442.220 Z
rectangle	tool	M530.370 2991.228 L566.419 2981.617 L570.948 2998.603 L534.899 3008.215 L530.370 2991.228 Z
rectangle	svg	M3959.010 3570.540 C3911.180 3625.680 3863.360 3680.830 3815.530 3735.970 C3795.410 3718.530 3775.300 3701.080 3755.190 3683.640 C3803.010 3628.490 3850.840 3573.350 3898.660 3518.200 C3918.780 3535.650 3938.890 3553.090 3959.010 3570.540 Z
rectangle	tool	M1017.817 826.807 L1063.090 794.288 L1071.170 805.537 L1025.897 838.056 L1017.817 826.807 Z
rectangle	svg	M1053.740 2710.760 L1047.110 2698.190 C1049.340 2697.010 1051.580 2695.830 1053.810 2694.660 L1060.440 2707.230 C1058.210 2708.410 1055.970 2709.590 1053.740 2710.760 Z
rectangle	tool	M3560.107 3517.441 L3868.373 3229.042 L3917.383 3281.428 L3609.117 3569.827 L3560.107 3517.441 Z
rectangle	svg	M4392.960 4293.690 C4397.140 4296.040 4401.320 4298.380 4405.500 4300.730 C4404.200 4303.050 4402.890 4305.380 4401.590 4307.710 C4397.400 4305.360 4393.220 4303.010 4389.040 4300.670 C4390.350 4298.340 4391.650 4296.020 4392.960 4293.690 Z
rectangle	tool	M721.427 686.506 L723.405 596.616 L762.752 597.482 L760.774 687.372 L721.427 686.506 Z
rectangle	svg	M2524.810 998.730 C2528.280 1013.050 2531.760 1027.360 2535.230 1041.680 C2532.440 1042.360 2529.650 1043.030 2526.860 1043.710 C2523.380 1029.400 2519.910 1015.080 2516.440 1000.770 L2524.810 998.730 Z
rectangle	tool	M2967.526 555.684 L3036.361 434.911 L3056.910 446.623 L2988.075 567.396 L2967.526 555.684 Z
rectangle	svg	M31.210 1308.080 L366.040 1079.810 C388.730 1113.090 411.420 1146.380 434.110 1179.660 L99.280 1407.930 C76.590 1374.650 53.900 1341.360 31.210 1308.080 Z
rectangle	tool	M4741.971 4035.173 L4627.395 4046.940 L4624.973 4023.360 L4739.549 4011.593 L4741.971 4035.173 Z
rectangle	svg	M686.230 2188.450 C687.460 2183.220 688.690 2178.000 689.910 2172.780 C692.360 2173.350 694.800 2173.920 697.240 2174.500 C696.010 2179.720 694.780 2184.940 693.560 2190.170 C691.110 2189.590 688.670 2189.020 686.230 2188.450 Z
rectangle	tool	M1436.170 1873.051 L998.469 1833.357 L1008.638 1721.223 L1446.339 1760.917 L1436.170 1873.051 Z
rectangle	svg	M927.920 1818.880 C1063.520 1685.970 1199.120 1553.060 1334.730 1420.150 C1383.450 1469.850 1432.170 1519.560 1480.890 1569.270 C1345.290 1702.180 1209.680 1835.090 1074.080 1968.000 C1025.360 1918.290 976.640 1868.580 927.920 1818.880 Z
rectangle	tool	M684.376 3509.162 L373.628 3341.761 L457.690 3185.716 L768.438 3353.118 L684.376 3509.162 Z
rectangle	svg	M43.450 4005.360 C69.850 4009.070 96.240 4012.780 122.640 4016.490 C121.750 4022.850 120.850 4029.210 119.960 4035.580 C93.560 4031.870 67.160 4028.160 40.770 4024.440 C41.660 4018.080 42.550 4011.720 43.450 4005.360 Z
rectangle	tool	M140.799 286.105 L162.090 226.476 L172.826 230.310 L151.535 289.938 L140.799 286.105 Z
rectangle	svg	M5238.340 4648.460 L5097.910 5116.730 L4701.160 4997.750 L4841.590 4529.480 L5238.340 4648.460 Z
rectangle	tool	M2704.184 356.805 L2302.346 412.913 L2289.553 321.289 L2691.391 265.181 L2704.184 356.805 Z
rectangle	svg	M4191.760 2781.780 L4212.940 2841.870 C4206.200 2844.250 4199.450 2846.630 4192.700 2849.010 C4185.640 2828.980 4178.580 2808.940 4171.520 2788.910 C4178.260 2786.530 4185.010 2784.160 4191.760 2781.780 Z
rectangle	tool	M1202.660 3723.704 L1135.713 3726.201 L1135.100 3709.770 L1202.047 3707.273 L1202.660 3723.704 Z
rectangle	svg	M1229.640 4189.950 C1234.310 4199.270 1238.970 4208.590 1243.640 4217.910 C1235.050 4222.210 1226.470 4226.510 1217.890 4230.800 C1213.220 4221.480 1208.550 4212.160 1203.890 4202.840 C1212.470 4198.540 1221.060 4194.240 1229.640 4189.950 Z
rectangle	tool	M2338.101 895.016 L2251.847 1115.527 L2212.255 1100.040 L2298.509 879.530 L2338.101 895.016 Z
rectangle	svg	M4837.130 4477.710 C4824.750 4471.640 4812.370 4465.580 4799.990 4459.510 C4801.420 4456.590 4802.850 4453.670 4804.280 4450.760 C4816.660 4456.820 4829.040 4462.890 4841.420 4468.960 C4839.990 4471.880 4838.560 4474.790 4837.130 4477.710 Z
rectangle	tool	M2417.817 620.770 L2404.548 616.085 L2405.769 612.627 L2419.038 617.312 L2417.817 620.770 Z
rectangle	svg	M3457.640 4843.280 C3458.510 4892.150 3459.370 4941.030 3460.240 4989.910 C3417.540 4990.670 3374.840 4991.420 3332.140 4992.180 C3331.270 4943.300 3330.410 4894.430 3329.540 4845.550 C3372.240 4844.790 3414.940 4844.040 3457.640 4843.280 Z
rectangle	tool	M3850.280 1891.792 L3862.534 1816.057 L3895.322 1821.362 L3883.068 1897.097 L3850.280 1891.792 Z
rectangle	svg	M4512.730 3154.000 C4509.730 3155.530 4506.740 3157.060 4503.750 3158.590 C4503.450 3158.010 4503.150 3157.430 4502.850 3156.840 C4505.850 3155.310 4508.840 3153.780 4511.830 3152.250 C4512.130 3152.830 4512.430 3153.420 4512.730 3154.000 Z
rectangle	tool	M3303.287 630.171 L3373.186 638.069 L3371.245 655.245 L3301.346 647.347 L3303.287 630.171 Z
rectangle	svg	M4239.040 2517.490 L4417.300 2433.310 C4425.290 2450.230 4433.280 2467.150 4441.280 2484.080 C4381.850 2512.140 4322.430 2540.200 4263.010 2568.260 C4255.020 2551.330 4247.030 2534.410 4239.040 2517.490 Z
rectangle	tool	M3344.505 1820.800 L3339.084 1813.961 L3340.310 1812.990 L3345.730 1819.828 L3344.505 1820.800 Z
rectangle	svg	M2759.390 360.330 C2713.770 396.750 2668.140 433.170 2622.510 469.580 C2615.930 461.340 2609.360 453.100 2602.780 444.860 C2648.400 408.440 2694.030 372.020 2739.660 335.600 C2746.240 343.850 2752.820 352.090 2759.390 360.330 Z
rectangle	tool	M4391.571 1207.628 L4397.443 1241.613 L4388.071 1243.233 L4382.198 1209.247 L4391.571 1207.628 Z
rectangle	svg	M1475.670 993.500 C1448.690 830.410 1421.700 667.320 1394.710 504.220 L1484.500 489.370 C1511.480 652.460 1538.470 815.550 1565.460 978.640 C1535.530 983.590 1505.600 988.550 1475.670 993.500 Z
rectangle	tool	M1940.642 186.569 L1921.421 206.673 L1903.229 189.280 L1922.451 169.176 L1940.642 186.569 Z
rectangle	svg	M2969.350 4162.470 C2930.320 3985.130 2891.290 3807.790 2852.250 3630.450 C2908.450 3618.080 2964.640 3605.720 3020.840 3593.350 L3137.930 4125.370 C3081.740 4137.740 3025.540 4150.100 2969.350 4162.470 Z
rectangle	tool	M3980.992 562.480 L3898.222 444.533 L3921.635 428.102 L4004.406 546.050 L3980.992 562.480 Z
rectangle	svg	M3246.720 4394.100 C3268.730 4334.380 3290.750 4274.650 3312.760 4214.930 C3325.250 4219.540 3337.740 4224.140 3350.230 4228.740 C3328.220 4288.470 3306.210 4348.190 3284.190 4407.910 C3271.700 4403.310 3259.210 4398.710 3246.720 4394.100 Z
rectangle	tool	M1886.744 3696.395 L1686.456 3459.566 L1726.420 3425.769 L1926.708 3662.597 L1886.744 3696.395 Z
rectangle	svg	M4767.500 4015.830 C4770.530 4015.910 4773.560 4015.990 4776.600 4016.070 C4776.560 4017.510 4776.520 4018.940 4776.490 4020.380 C4773.450 4020.300 4770.420 4020.220 4767.390 4020.140 C4767.430 4018.710 4767.460 4017.270 4767.500 4015.830 Z
rectangle	tool	M3973.154 2862.339 L3932.822 3163.379 L3858.111 3153.369 L3898.443 2852.330 L3973.154 2862.339 Z
rectangle	svg	M473.530 2086.660 C427.840 2089.170 382.150 2091.680 336.460 2094.200 C335.300 2073.170 334.140 2052.150 332.990 2031.130 C378.680 2028.620 424.370 2026.100 470.060 2023.590 C471.220 2044.610 472.380 2065.640 473.530 2086.660 Z
rectangle	tool	M4455.946 4699.732 L4492.319 4694.041 L4493.274 4700.147 L4456.901 4705.838 L4455.946 4699.732 Z
rectangle	svg	M2841.540 1681.480 L2851.830 1683.400 C2851.520 1685.060 2851.220 1686.720 2850.910 1688.380 C2847.470 1687.740 2844.040 1687.100 2840.610 1686.460 L2841.540 1681.480 Z
rectangle	tool	M1154.882 4673.473 L1195.465 4676.732 L1194.406 4689.915 L1153.824 4686.657 L1154.882 4673.473 Z
rectangle	svg	M2431.830 2258.430 C2427.510 2265.290 2423.200 2272.150 2418.890 2279.010 L2413.550 2275.650 C2417.870 2268.790 2422.180 2261.940 2426.500 2255.080 C2428.270 2256.200 2430.050 2257.310 2431.830 2258.430 Z
rectangle	tool	M196.007 3547.893 L202.183 3531.690 L206.959 3533.510 L200.783 3549.714 L196.007 3547.893 Z
rectangle	svg	M1234.690 2041.130 C1229.330 1993.400 1223.980 1945.680 1218.620 1897.960 C1230.020 1896.680 1241.410 1895.400 1252.800 1894.120 C1258.160 1941.840 1263.510 1989.570 1268.870 2037.290 C1257.470 2038.570 1246.080 2039.850 1234.690 2041.130 Z
rectangle	tool	M675.343 1377.153 L425.524 838.529 L591.267 761.657 L841.085 1300.281 L675.343 1377.153 Z
rectangle	svg	M2767.510 1380.730 C2753.770 1351.310 2740.040 1321.880 2726.300 1292.460 L2741.660 1285.290 C2755.400 1314.710 2769.130 1344.140 2782.870 1373.560 L2767.510 1380.730 Z
rectangle	tool	M5073.399 2370.672 L4830.021 2137.661 L4909.732 2054.404 L5153.109 2287.415 L5073.399 2370.672 Z
rectangle	svg	M2119.040 2284.920 C2122.430 2291.340 2125.820 2297.770 2129.220 2304.190 C2124.060 2306.910 2118.900 2309.630 2113.750 2312.360 C2110.360 2305.930 2106.960 2299.510 2103.570 2293.090 C2108.730 2290.370 2113.890 2287.640 2119.040 2284.920 Z
rectangle	tool	M-18.321 1960.163 L25.493 1726.593 L106.793 1741.844 L62.978 1975.414 L-18.321 1960.163 Z
rectangle	svg	M1404.610 4312.980 C1404.860 4307.150 1405.110 4301.320 1405.360 4295.500 C1406.860 4295.560 1408.370 4295.630 1409.880 4295.690 C1409.630 4301.520 1409.380 4307.340 1409.130 4313.170 C1407.620 4313.100 1406.120 4313.040 1404.610 4312.980 Z
rectangle	tool	M628.849 1610.398 L584.548 1644.363 L575.320 1632.327 L619.621 1598.362 L628.849 1610.398 Z
rectangle	svg	M-77.690 2083.110 C116.100 2035.280 309.890 1987.460 503.680 1939.630 L531.730 2053.270 C337.940 2101.090 144.150 2148.920 -49.640 2196.740 C-58.990 2158.860 -68.340 2120.980 -77.690 2083.110 Z
rectangle	tool	M2705.215 2629.369 L2673.206 2614.358 L2676.236 2607.896 L2708.246 2622.908 L2705.215 2629.369 Z
rectangle	svg	M3735.740 3035.880 C3727.100 3061.430 3718.470 3086.980 3709.840 3112.530 C3703.370 3110.340 3696.900 3108.160 3690.430 3105.970 L3716.320 3029.320 C3722.790 3031.510 3729.260 3033.700 3735.740 3035.880 Z
rectangle	tool	M3211.747 1368.652 L3255.611 1344.012 L3261.909 1355.224 L3218.045 1379.864 L3211.747 1368.652 Z
rectangle	svg	M3277.270 2347.560 C3340.310 2329.430 3403.350 2311.300 3466.400 2293.160 C3475.960 2326.410 3485.520 2359.650 3495.080 2392.890 C3432.040 2411.020 3368.990 2429.160 3305.950 2447.290 C3296.390 2414.050 3286.830 2380.810 3277.270 2347.560 Z
rectangle	tool	M4263.131 3178.462 L4164.910 3208.217 L4154.878 3175.102 L4253.099 3145.347 L4263.131 3178.462 Z
rectangle	svg	M1328.600 298.410 C1394.480 177.210 1460.370 56.010 1526.250 -65.190 C1546.990 -53.910 1567.730 -42.640 1588.470 -31.370 C1522.580 89.830 1456.700 211.030 1390.810 332.230 C1370.070 320.960 1349.340 309.690 1328.600 298.410 Z
rectangle	tool	M2899.545 1865.393 L2910.780 1915.882 L2891.597 1920.151 L2880.362 1869.662 L2899.545 1865.393 Z
rectangle	svg	M695.150 2036.280 C688.910 2025.610 682.670 2014.930 676.430 2004.260 C681.190 2001.470 685.950 1998.690 690.710 1995.910 C696.950 2006.580 703.190 2017.260 709.430 2027.930 C704.670 2030.710 699.910 2033.500 695.150 2036.280 Z
rectangle	tool	M1921.252 3339.617 L1901.416 3350.605 L1892.731 3334.925 L1912.566 3323.938 L1921.252 3339.617 Z
rectangle	svg	M3443.840 4064.720 L3394.220 4086.290 C3389.700 4075.900 3385.190 4065.520 3380.680 4055.130 L3430.300 4033.560 C3434.810 4043.950 3439.330 4054.330 3443.840 4064.720 Z
rectangle	tool	M4930.763 3676.342 L4915.254 3668.853 L4921.504 3655.909 L4937.013 3663.398 L4930.763 3676.342 Z
rectangle	svg	M2898.560 2432.520 C3057.160 2541.450 3215.760 2650.380 3374.360 2759.300 C3346.390 2800.030 3318.420 2840.750 3290.460 2881.470 L2814.660 2554.680 C2842.630 2513.960 2870.600 2473.240 2898.560 2432.520 Z
rectangle	tool	M1620.720 2819.614 L1232.110 2950.822 L1185.394 2812.460 L1574.004 2681.251 L1620.720 2819.614 Z
rectangle	svg	M1189.670 4606.690 C1186.060 4609.930 1182.440 4613.160 1178.820 4616.390 C1178.150 4615.650 1177.480 4614.900 1176.810 4614.150 C1180.430 4610.920 1184.050 4607.680 1187.670 4604.450 C1188.340 4605.200 1189.010 4605.940 1189.670 4606.690 Z
rectangle	tool	M3689.896 2337.444 L3712.768 2214.401 L3740.596 2219.574 L3717.725 2342.617 L3689.896 2337.444 Z
rectangle	svg	M1253.600 2393.580 C1214.320 2405.770 1175.040 2417.970 1135.760 2430.160 C1125.040 2395.620 1114.310 2361.080 1103.590 2326.540 C1142.870 2314.340 1182.140 2302.150 1221.420 2289.950 C1232.150 2324.500 1242.870 2359.040 1253.600 2393.580 Z
rectangle	tool	M1658.096 2421.176 L1349.609 2597.512 L1263.747 2447.302 L1572.234 2270.967 L1658.096 2421.176 Z
rectangle	svg	M2669.360 1900.420 C2530.170 1834.590 2390.980 1768.760 2251.800 1702.920 C2267.900 1668.870 2284.010 1634.810 2300.120 1600.760 C2439.310 1666.590 2578.500 1732.420 2717.680 1798.250 C2701.580 1832.310 2685.470 1866.370 2669.360 1900.420 Z
rectangle	tool	M4934.257 1368.975 L5086.090 1498.604 L5049.388 1541.592 L4897.556 1411.963 L4934.257 1368.975 Z
rectangle	svg	M3980.360 586.210 C3974.130 595.020 3967.910 603.840 3961.680 612.660 C3960.110 611.550 3958.540 610.440 3956.960 609.320 C3963.190 600.510 3969.410 591.690 3975.630 582.870 C3977.210 583.990 3978.780 585.100 3980.360 586.210 Z
rectangle	tool	M3232.004 3209.274 L3269.723 3202.574 L3273.119 3221.693 L3235.399 3228.392 L3232.004 3209.274 Z
rectangle	svg	M4642.760 628.050 C4645.010 625.850 4647.260 623.650 4649.500 621.440 C4650.650 622.610 4651.790 623.780 4652.930 624.950 C4650.690 627.150 4648.440 629.350 4646.190 631.550 C4645.050 630.380 4643.910 629.210 4642.760 628.050 Z
rectangle	tool	M4231.768 90.457 L4684.763 208.852 L4655.489 320.859 L4202.494 202.465 L4231.768 90.457 Z
rectangle	svg	M1044.530 3047.160 C1047.640 3033.750 1050.760 3020.330 1053.870 3006.920 C1056.640 3007.560 1059.420 3008.200 1062.190 3008.850 C1059.070 3022.260 1055.950 3035.680 1052.840 3049.090 C1050.070 3048.450 1047.300 3047.810 1044.530 3047.160 Z
rectangle	tool	M837.726 2651.063 L689.388 2697.815 L668.415 2631.272 L816.753 2584.519 L837.726 2651.063 Z
rectangle	svg	M3548.860 67.560 C3548.550 174.880 3548.240 282.210 3547.920 389.540 C3525.200 389.470 3502.480 389.400 3479.760 389.340 C3480.080 282.010 3480.390 174.680 3480.700 67.360 C3503.420 67.420 3526.140 67.490 3548.860 67.560 Z
rectangle	tool	M1940.689 4863.976 L2141.118 4943.823 L2084.086 5086.983 L1883.657 5007.137 L1940.689 4863.976 Z
rectangle	svg	M3623.710 4777.580 C3613.350 4751.730 3603.000 4725.880 3592.650 4700.030 C3617.010 4690.270 3641.380 4680.510 3665.750 4670.750 C3676.100 4696.600 3686.450 4722.450 3696.810 4748.300 C3672.440 4758.060 3648.070 4767.820 3623.710 4777.580 Z
rectangle	tool	M463.620 379.240 L434.229 500.167 L400.911 492.069 L430.301 371.142 L463.620 379.240 Z
rectangle	svg	M2215.240 4917.550 C2255.150 4899.310 2295.050 4881.070 2334.950 4862.830 C2339.620 4873.030 2344.280 4883.230 2348.940 4893.430 C2309.040 4911.670 2269.140 4929.910 2229.230 4948.160 C2224.570 4937.960 2219.910 4927.750 2215.240 4917.550 Z
rectangle	tool	M2283.370 3132.386 L2260.464 3089.788 L2294.917 3071.262 L2317.823 3113.860 L2283.370 3132.386 Z
rectangle	svg	M4674.120 4243.670 C4666.960 4246.880 4659.810 4250.100 4652.660 4253.320 C4650.650 4248.860 4648.650 4244.410 4646.650 4239.950 C4653.800 4236.740 4660.960 4233.520 4668.110 4230.310 C4670.110 4234.760 4672.110 4239.210 4674.120 4243.670 Z
rectangle	tool	M3172.979 4088.787 L3182.966 4094.286 L3180.548 4098.678 L3170.561 4093.179 L3172.979 4088.787 Z
rectangle	svg	M4362.080 4192.860 L4315.640 4230.330 C4313.530 4227.710 4311.420 4225.090 4309.310 4222.480 L4355.750 4185.010 C4357.860 4187.620 4359.970 4190.240 4362.080 4192.860 Z
rectangle	tool	M3245.643 2521.988 L3692.789 2133.833 L3819.628 2279.949 L3372.482 2668.104 L3245.643 2521.988 Z
rectangle	svg	M880.330 3172.950 C1033.550 3117.350 1186.780 3061.740 1340.010 3006.140 C1353.730 3043.950 1367.450 3081.760 1381.170 3119.580 C1227.950 3175.180 1074.720 3230.790 921.490 3286.390 C907.770 3248.580 894.050 3210.770 880.330 3172.950 Z
rectangle	tool	M2985.183 1988.913 L2987.430 2001.400 L2985.262 2001.790 L2983.014 1989.303 L2985.183 1988.913 Z
rectangle	svg	M4539.990 2065.290 C4508.320 2029.130 4476.650 1992.970 4444.990 1956.810 C4451.450 1951.150 4457.920 1945.480 4464.390 1939.820 C4496.050 1975.980 4527.720 2012.140 4559.390 2048.290 C4552.920 2053.960 4546.450 2059.620 4539.990 2065.290 Z
rectangle	tool	M1856.821 2824.157 L1863.063 2816.723 L1864.403 2817.848 L1858.161 2825.282 L1856.821 2824.157 Z
rectangle	svg	M4496.040 3917.690 C4497.770 3919.880 4499.500 3922.080 4501.220 3924.270 C4500.360 3924.950 4499.500 3925.630 4498.630 3926.310 C4496.910 3924.120 4495.180 3921.920 4493.450 3919.730 C4494.320 3919.050 4495.180 3918.370 4496.040 3917.690 Z
rectangle	tool	M3463.015 256.065 L3336.675 370.333 L3272.743 299.646 L3399.083 185.379 L3463.015 256.065 Z
rectangle	svg	M2367.960 3769.580 C2408.340 3764.340 2448.720 3759.090 2489.110 3753.840 C2490.170 3762.010 2491.230 3770.180 2492.290 3778.340 C2451.910 3783.590 2411.520 3788.840 2371.140 3794.080 C2370.080 3785.920 2369.020 3777.750 2367.960 3769.580 Z
rectangle	tool	M541.470 4981.346 L487.730 4993.658 L483.814 4976.562 L537.553 4964.250 L541.470 4981.346 Z
rectangle	svg	M2313.290 944.510 C2267.200 919.810 2221.110 895.120 2175.020 870.430 L2191.430 839.800 C2237.520 864.490 2283.610 889.190 2329.690 913.880 C2324.220 924.090 2318.750 934.300 2313.290 944.510 Z
rectangle	tool	M4663.008 592.226 L4656.154 597.150 L4653.460 593.402 L4660.314 588.477 L4663.008 592.226 Z
rectangle	svg	M2298.080 3215.550 C2405.080 3118.700 2512.070 3021.840 2619.070 2924.990 L2678.680 2990.840 C2571.680 3087.700 2464.690 3184.550 2357.690 3281.400 L2298.080 3215.550 Z
rectangle	tool	M1092.825 1600.826 L1103.037 1501.036 L1169.395 1507.827 L1159.184 1607.617 L1092.825 1600.826 Z
rectangle	svg	M4716.690 3855.790 L4856.430 3755.800 C4870.390 3775.320 4884.350 3794.830 4898.320 3814.340 C4851.730 3847.670 4805.150 3881.000 4758.570 3914.330 C4744.610 3894.810 4730.650 3875.300 4716.690 3855.790 Z
rectangle	tool	M2066.236 2022.615 L1934.241 1918.762 L1960.956 1884.809 L2092.951 1988.662 L2066.236 2022.615 Z
rectangle	svg	M1260.190 2847.650 L1267.600 2850.770 C1266.860 2852.530 1266.120 2854.280 1265.390 2856.030 C1262.910 2854.990 1260.440 2853.950 1257.970 2852.910 C1258.710 2851.160 1259.450 2849.410 1260.190 2847.650 Z
rectangle	tool	M225.806 3854.769 L235.066 3854.478 L235.182 3858.151 L225.922 3858.442 L225.806 3854.769 Z
rectangle	svg	M1558.920 112.460 C1556.350 108.580 1553.770 104.700 1551.200 100.830 C1551.920 100.350 1552.640 99.880 1553.350 99.400 C1555.920 103.280 1558.500 107.150 1561.070 111.030 C1560.350 111.500 1559.630 111.980 1558.920 112.460 Z
rectangle	tool	M1181.221 641.853 L1239.368 638.745 L1240.287 655.922 L1182.139 659.030 L1181.221 641.853 Z
rectangle	svg	M4217.190 4915.400 C4232.350 4913.840 4247.510 4912.290 4262.670 4910.730 C4263.130 4915.160 4263.590 4919.590 4264.040 4924.030 L4218.560 4928.710 C4218.100 4924.270 4217.650 4919.840 4217.190 4915.400 Z
rectangle	tool	M636.463 3523.659 L606.552 3531.378 L605.056 3525.578 L634.967 3517.860 L636.463 3523.659 Z
rectangle	svg	M4299.660 2053.450 C4390.350 2071.720 4481.030 2089.990 4571.710 2108.260 C4567.580 2128.780 4563.440 2149.300 4559.310 2169.820 C4468.630 2151.550 4377.940 2133.280 4287.260 2115.010 C4291.400 2094.490 4295.530 2073.970 4299.660 2053.450 Z
rectangle	tool	M4151.999 4014.067 L4205.130 3786.806 L4248.015 3796.832 L4194.884 4024.093 L4151.999 4014.067 Z
rectangle	svg	M3109.360 2883.640 C3013.790 2820.750 2918.220 2757.850 2822.650 2694.960 C2837.600 2672.240 2852.550 2649.520 2867.510 2626.800 C2963.080 2689.700 3058.650 2752.590 3154.220 2815.490 C3139.270 2838.210 3124.310 2860.930 3109.360 2883.640 Z
rectangle	tool	M561.577 4028.010 L556.700 4065.792 L544.948 4064.275 L549.825 4026.493 L561.577 4028.010 Z
rectangle	svg	M2791.470 2645.690 C2788.010 2651.940 2784.560 2658.180 2781.100 2664.420 C2779.700 2663.650 2778.300 2662.870 2776.900 2662.100 C2780.360 2655.860 2783.820 2649.610 2787.270 2643.370 C2788.670 2644.150 2790.070 2644.920 2791.470 2645.690 Z
rectangle	tool	M2283.940 2591.883 L2284.254 2605.773 L2280.775 2605.852 L2280.461 2591.962 L2283.940 2591.883 Z
rectangle	svg	M2726.220 2914.810 C2770.020 2821.030 2813.820 2727.250 2857.610 2633.470 L2945.480 2674.510 C2901.680 2768.290 2857.880 2862.070 2814.080 2955.840 C2784.790 2942.170 2755.510 2928.490 2726.220 2914.810 Z
rectangle	tool	M863.462 365.756 L868.530 418.843 L822.301 423.257 L817.233 370.169 L863.462 365.756 Z
rectangle	svg	M579.480 490.590 C582.080 489.710 584.690 488.830 587.300 487.950 C587.500 488.560 587.710 489.170 587.910 489.780 C585.310 490.660 582.700 491.540 580.090 492.420 C579.890 491.810 579.680 491.200 579.480 490.590 Z
rectangle	tool	M2385.631 4394.697 L2376.154 4373.247 L2388.840 4367.642 L2398.317 4389.092 L2385.631 4394.697 Z
rectangle	svg	M3806.650 3706.970 C3834.450 3576.230 3862.240 3445.490 3890.030 3314.740 C3918.130 3320.720 3946.230 3326.690 3974.330 3332.660 C3946.530 3463.410 3918.740 3594.150 3890.950 3724.890 C3862.850 3718.920 3834.750 3712.950 3806.650 3706.970 Z
rectangle	tool	M4934.676 2383.674 L4931.187 2369.102 L4938.348 2367.388 L4941.837 2381.959 L4934.676 2383.674 Z
rectangle	svg	M1556.080 3268.780 C1546.920 3271.700 1537.760 3274.630 1528.600 3277.550 C1527.290 3273.430 1525.970 3269.310 1524.660 3265.190 C1533.820 3262.270 1542.980 3259.350 1552.140 3256.420 C1553.460 3260.540 1554.770 3264.660 1556.080 3268.780 Z
rectangle	tool	M1398.466 806.859 L1379.445 800.271 L1384.985 784.277 L1404.006 790.865 L1398.466 806.859 Z
rectangle	svg	M3885.640 1362.880 C3886.660 1366.440 3887.680 1370.000 3888.700 1373.550 C3886.640 1374.150 3884.570 1374.740 3882.500 1375.330 C3881.490 1371.770 3880.470 1368.220 3879.450 1364.660 C3881.510 1364.070 3883.580 1363.470 3885.640 1362.880 Z
rectangle	tool	M3583.756 4017.836 L3575.275 4077.984 L3559.481 4075.757 L3567.962 4015.608 L3583.756 4017.836 Z
rectangle	svg	M2.870 2273.000 C5.450 2270.580 8.030 2268.150 10.620 2265.730 C11.620 2266.810 12.630 2267.880 13.630 2268.950 C11.050 2271.370 8.460 2273.790 5.880 2276.210 C4.870 2275.140 3.870 2274.070 2.870 2273.000 Z
rectangle	tool	M3911.053 818.338 L3872.174 767.791 L3880.854 761.115 L3919.733 811.661 L3911.053 818.338 Z
rectangle	svg	M3317.970 2175.430 C3316.780 2181.060 3315.600 2186.680 3314.410 2192.310 C3313.400 2192.090 3312.380 2191.880 3311.360 2191.670 C3312.550 2186.040 3313.730 2180.410 3314.920 2174.790 C3315.930 2175.000 3316.950 2175.220 3317.970 2175.430 Z
rectangle	tool	M4615.705 949.580 L4703.291 964.548 L4694.911 1013.587 L4607.325 998.619 L4615.705 949.580 Z
rectangle	svg	M1779.270 592.280 C1775.740 569.550 1772.220 546.810 1768.690 524.070 C1777.150 522.760 1785.600 521.450 1794.060 520.140 C1797.580 542.880 1801.110 565.620 1804.630 588.350 C1796.180 589.660 1787.720 590.970 1779.270 592.280 Z
rectangle	tool	M770.563 3507.072 L780.439 3521.155 L776.547 3523.885 L766.670 3509.802 L770.563 3507.072 Z
rectangle	svg	M4512.660 3871.110 C4470.120 3977.740 4427.590 4084.370 4385.060 4191.000 C4365.670 4183.260 4346.280 4175.530 4326.890 4167.800 C4369.420 4061.170 4411.960 3954.540 4454.490 3847.910 C4473.880 3855.640 4493.270 3863.380 4512.660 3871.110 Z
rectangle	tool	M1783.862 173.104 L2232.471 -190.266 L2293.767 -114.591 L1845.158 248.780 L1783.862 173.104 Z
rectangle	svg	M3899.390 2476.200 L3898.880 2484.270 C3896.750 2484.130 3894.620 2484.000 3892.490 2483.860 L3893.000 2475.790 C3895.130 2475.920 3897.260 2476.060 3899.390 2476.200 Z
rectangle	tool	M684.803 3241.814 L671.203 3232.205 L676.608 3224.554 L690.208 3234.163 L684.803 3241.814 Z
rectangle	svg	M3802.060 3031.520 C3782.880 3033.300 3763.700 3035.090 3744.510 3036.880 C3744.150 3032.930 3743.780 3028.980 3743.410 3025.030 L3800.950 3019.660 C3801.320 3023.610 3801.690 3027.560 3802.060 3031.520 Z
rectangle	tool	M3557.117 3150.017 L3533.855 3130.854 L3538.771 3124.886 L3562.033 3144.049 L3557.117 3150.017 Z
rectangle	svg	M4636.160 3810.850 C4586.550 3740.910 4536.930 3670.960 4487.310 3601.020 C4523.970 3575.010 4560.640 3549.000 4597.300 3523.000 C4646.920 3592.940 4696.530 3662.880 4746.150 3732.830 C4709.490 3758.840 4672.830 3784.840 4636.160 3810.850 Z
rectangle	tool	M591.879 2260.606 L628.030 2289.837 L620.164 2299.565 L584.013 2270.334 L591.879 2260.606 Z
rectangle	svg	M3815.330 2563.860 C3812.550 2562.690 3809.780 2561.510 3807.000 2560.340 C3807.610 2558.890 3808.220 2557.450 3808.830 2556.010 C3811.610 2557.190 3814.380 2558.360 3817.160 2559.540 L3815.330 2563.860 Z
rectangle	tool	M123.880 4358.591 L110.667 4366.039 L109.365 4363.731 L122.579 4356.283 L123.880 4358.591 Z
rectangle	svg	M667.040 1153.150 C675.700 1154.940 684.350 1156.730 693.010 1158.520 C692.200 1162.440 691.390 1166.350 690.580 1170.260 C681.920 1168.470 673.270 1166.680 664.610 1164.890 C665.420 1160.980 666.230 1157.070 667.040 1153.150 Z
rectangle	tool	M4890.552 4571.848 L4936.109 4584.738 L4932.114 4598.860 L4886.557 4585.971 L4890.552 4571.848 Z
rectangle	svg	M3807.570 2285.540 C3832.670 2274.790 3857.770 2264.030 3882.880 2253.280 C3884.910 2258.030 3886.940 2262.780 3888.980 2267.530 C3863.880 2278.280 3838.780 2289.040 3813.680 2299.790 C3811.640 2295.040 3809.610 2290.290 3807.570 2285.540 Z
rectangle	tool	M1979.715 3381.403 L2244.323 3366.267 L2253.978 3535.059 L1989.370 3550.195 L1979.715 3381.403 Z
rectangle	svg	M1470.190 2185.690 C1464.760 2193.230 1459.330 2200.780 1453.900 2208.320 C1451.930 2206.900 1449.960 2205.490 1447.990 2204.070 C1453.420 2196.520 1458.840 2188.980 1464.270 2181.430 C1466.240 2182.850 1468.210 2184.270 1470.190 2185.690 Z
rectangle	tool	M4640.569 3267.316 L4635.581 3288.966 L4619.922 3285.358 L4624.910 3263.708 L4640.569 3267.316 Z
rectangle	svg	M4733.440 4106.500 C4729.280 4102.050 4725.120 4097.610 4720.960 4093.170 C4725.320 4089.100 4729.670 4085.020 4734.030 4080.950 C4738.180 4085.390 4742.340 4089.830 4746.500 4094.270 C4742.140 4098.340 4737.790 4102.420 4733.440 4106.500 Z
rectangle	tool	M1984.127 4731.306 L2038.951 4704.621 L2055.652 4738.935 L2000.828 4765.620 L1984.127 4731.306 Z
rectangle	svg	M2530.270 1485.450 C2556.480 1477.090 2582.680 1468.740 2608.890 1460.380 C2611.500 1468.590 2614.120 1476.790 2616.730 1484.990 C2590.530 1493.350 2564.320 1501.700 2538.120 1510.060 C2535.500 1501.850 2532.890 1493.650 2530.270 1485.450 Z
rectangle	tool	M2004.469 3789.184 L1994.389 3799.678 L1992.631 3797.989 L2002.710 3787.495 L2004.469 3789.184 Z
rectangle	svg	M2525.250 1393.660 C2506.530 1337.850 2487.810 1282.040 2469.100 1226.240 C2478.410 1223.110 2487.730 1219.990 2497.040 1216.870 C2515.760 1272.670 2534.470 1328.480 2553.190 1384.290 C2543.870 1387.410 2534.560 1390.530 2525.250 1393.660 Z
rectangle	tool	M3508.921 2256.179 L3912.195 2021.441 L4001.037 2174.070 L3597.763 2408.808 L3508.921 2256.179 Z
rectangle	svg	M2109.090 4398.470 C2056.500 4349.100 2003.920 4299.720 1951.340 4250.340 C1963.820 4237.040 1976.310 4223.750 1988.800 4210.450 C2041.380 4259.830 2093.960 4309.200 2146.550 4358.580 C2134.060 4371.880 2121.570 4385.170 2109.090 4398.470 Z
rectangle	tool	M747.622 400.172 L760.891 404.937 L760.017 407.372 L746.748 402.607 L747.622 400.172 Z
rectangle	svg	M3430.530 2441.300 L3483.150 2535.200 C3476.330 2539.030 3469.510 2542.850 3462.690 2546.670 L3410.070 2452.770 C3416.890 2448.950 3423.710 2445.130 3430.530 2441.300 Z
rectangle	tool	M4301.075 3541.709 L4437.811 3936.925 L4093.383 4056.089 L3956.648 3660.874 L4301.075 3541.709 Z
rectangle	svg	M2173.310 4826.170 C2184.710 4822.580 2196.120 4818.980 2207.520 4815.390 C2208.800 4819.430 2210.070 4823.480 2211.340 4827.520 C2199.940 4831.110 2188.530 4834.710 2177.130 4838.300 C2175.850 4834.260 2174.580 4830.210 2173.310 4826.170 Z
rectangle	tool	M2592.024 945.565 L2630.900 1089.191 L2580.020 1102.963 L2541.143 959.337 L2592.024 945.565 Z
rectangle	svg	M478.960 620.000 C481.440 621.230 483.910 622.460 486.390 623.690 C486.000 624.480 485.610 625.260 485.220 626.040 C482.740 624.810 480.270 623.580 477.790 622.340 L478.960 620.000 Z
rectangle	tool	M4980.150 4164.556 L4971.722 4179.344 L4962.324 4173.988 L4970.753 4159.200 L4980.150 4164.556 Z
rectangle	svg	M4500.690 2167.260 C4487.760 2166.390 4474.830 2165.520 4461.910 2164.650 C4462.070 2162.160 4462.240 2159.660 4462.410 2157.170 C4475.340 2158.040 4488.260 2158.900 4501.190 2159.770 C4501.030 2162.270 4500.860 2164.760 4500.690 2167.260 Z
rectangle	tool	M4720.181 3304.851 L4784.655 3288.299 L4793.861 3324.158 L4729.388 3340.711 L4720.181 3304.851 Z
rectangle	svg	M373.180 1949.970 L354.100 1847.610 C363.100 1845.940 372.100 1844.260 381.090 1842.580 C387.450 1876.700 393.810 1910.820 400.170 1944.930 C391.180 1946.610 382.180 1948.290 373.180 1949.970 Z
rectangle	tool	M4115.752 2921.146 L4208.455 2811.413 L4297.415 2886.566 L4204.712 2996.299 L4115.752 2921.146 Z
rectangle	svg	M3606.630 754.950 C3623.640 765.230 3640.640 775.520 3657.650 785.800 C3654.930 790.290 3652.210 794.780 3649.500 799.280 C3632.490 788.990 3615.490 778.710 3598.480 768.420 C3601.200 763.930 3603.920 759.440 3606.630 754.950 Z
rectangle	tool	M3099.419 1363.846 L3090.646 1413.233 L3061.083 1407.982 L3069.855 1358.595 L3099.419 1363.846 Z
rectangle	svg	M3105.620 3567.360 C3044.040 3535.970 2982.470 3504.570 2920.890 3473.180 C2949.200 3417.660 2977.500 3362.140 3005.810 3306.620 C3067.390 3338.020 3128.960 3369.410 3190.540 3400.810 C3162.230 3456.330 3133.930 3511.850 3105.620 3567.360 Z
rectangle	tool	M4362.057 2712.441 L4237.285 3133.396 L4030.074 3071.978 L4154.846 2651.023 L4362.057 2712.441 Z
rectangle	svg	M2259.970 1073.660 C2264.430 1059.490 2268.890 1045.310 2273.340 1031.140 C2279.310 1033.010 2285.270 1034.890 2291.230 1036.760 C2286.770 1050.940 2282.310 1065.110 2277.860 1079.290 C2271.890 1077.410 2265.930 1075.540 2259.970 1073.660 Z
rectangle	tool	M760.377 2521.167 L846.443 2531.096 L844.778 2545.531 L758.712 2535.602 L760.377 2521.167 Z
rectangle	svg	M348.010 2418.450 C346.640 2408.540 345.270 2398.630 343.890 2388.720 C347.740 2388.190 351.580 2387.660 355.420 2387.120 C356.800 2397.030 358.170 2406.940 359.540 2416.850 C355.700 2417.380 351.860 2417.910 348.010 2418.450 Z
rectangle	tool	M1852.222 4049.057 L1859.212 4056.809 L1852.494 4062.866 L1845.504 4055.115 L1852.222 4049.057 Z
rectangle	svg	M1285.400 5002.290 C1282.730 4997.770 1280.070 4993.260 1277.400 4988.750 C1278.170 4988.290 1278.940 4987.840 1279.710 4987.380 C1282.370 4991.900 1285.040 4996.410 1287.700 5000.930 C1286.930 5001.380 1286.160 5001.830 1285.400 5002.290 Z
rectangle	tool	M3403.226 4404.763 L3397.996 4395.594 L3404.451 4391.911 L3409.682 4401.080 L3403.226 4404.763 Z
rectangle	svg	M3427.380 1442.120 L3521.970 1465.550 C3518.360 1480.130 3514.750 1494.710 3511.140 1509.300 L3416.550 1485.870 C3420.160 1471.290 3423.770 1456.710 3427.380 1442.120 Z
rectangle	tool	M3065.537 2763.731 L3062.305 2847.625 L3005.628 2845.441 L3008.861 2761.547 L3065.537 2763.731 Z
rectangle	svg	M514.160 4275.530 C472.990 4316.070 431.830 4356.600 390.660 4397.140 C377.540 4383.820 364.430 4370.500 351.310 4357.180 C392.480 4316.640 433.640 4276.110 474.810 4235.570 C487.920 4248.890 501.040 4262.210 514.160 4275.530 Z
rectangle	tool	M4872.756 3634.598 L4872.544 3619.229 L4881.175 3619.110 L4881.387 3634.479 L4872.756 3634.598 Z
rectangle	svg	M2082.900 1438.250 C2101.910 1409.470 2120.930 1380.690 2139.950 1351.910 C2144.810 1355.120 2149.670 1358.340 2154.530 1361.550 C2135.510 1390.330 2116.500 1419.110 2097.480 1447.880 L2082.900 1438.250 Z
rounded_rectangle	tool	M595.605 2150.437 L590.159 2146.128 C587.547 2144.062 587.105 2140.270 589.171 2137.659 L590.634 2135.809 C592.700 2133.198 596.492 2132.756 599.103 2134.822 L604.550 2139.130 C607.161 2141.196 607.603 2144.988 605.537 2147.599 L604.074 2149.449 C602.008 2152.060 598.217 2152.502 595.605 2150.437 Z
rounded_rectangle	svg	M4367.560 3863.040 C4410.530 3899.310 4453.510 3935.580 4496.480 3971.850 C4497.520 3972.720 4498.160 3973.970 4498.280 3975.320 C4498.390 3976.670 4497.960 3978.010 4497.090 3979.050 C4491.210 3986.020 4485.320 3992.990 4479.440 3999.970 C4478.560 4001.000 4477.310 4001.650 4475.960 4001.760 C4474.610 4001.880 4473.270 4001.450 4472.240 4000.580 C4429.260 3964.310 4386.290 3928.040 4343.320 3891.770 C4342.280 3890.890 4341.630 3889.640 4341.520 3888.290 C4341.410 3886.940 4341.830 3885.600 4342.710 3884.570 C4348.590 3877.590 4354.480 3870.620 4360.360 3863.650 C4362.180 3861.490 4365.410 3861.220 4367.560 3863.040 Z
rounded_rectangle	tool	M4544.025 1637.129 L4365.998 1715.646 C4310.415 1740.160 4245.484 1714.974 4220.969 1659.391 L4189.092 1587.115 C4164.577 1531.532 4189.763 1466.600 4245.346 1442.085 L4423.373 1363.568 C4478.956 1339.054 4543.887 1364.240 4568.402 1419.823 L4600.279 1492.099 C4624.794 1547.682 4599.608 1612.614 4544.025 1637.129 Z
rounded_rectangle	svg	M1297.630 4588.940 C1301.590 4589.690 1305.540 4590.440 1309.500 4591.190 C1309.830 4591.250 1310.130 4591.450 1310.320 4591.730 C1310.520 4592.010 1310.590 4592.360 1310.530 4592.700 L1310.440 4593.150 C1310.380 4593.490 1310.180 4593.790 1309.900 4593.980 C1309.620 4594.170 1309.270 4594.250 1308.930 4594.180 C1304.980 4593.430 1301.020 4592.680 1297.070 4591.930 C1296.730 4591.870 1296.430 4591.680 1296.240 4591.390 C1296.050 4591.110 1295.970 4590.760 1296.040 4590.420 C1296.070 4590.270 1296.100 4590.120 1296.120 4589.970 C1296.190 4589.630 1296.380 4589.340 1296.670 4589.140 C1296.950 4588.950 1297.300 4588.880 1297.630 4588.940 Z
rounded_rectangle	tool	M3049.352 3026.019 L3014.679 2787.782 C3007.165 2736.155 3042.926 2688.212 3094.553 2680.698 L3280.338 2653.659 C3331.965 2646.146 3379.908 2681.906 3387.422 2733.533 L3422.095 2971.771 C3429.608 3023.397 3393.848 3071.340 3342.221 3078.854 L3156.436 3105.893 C3104.809 3113.407 3056.866 3077.646 3049.352 3026.019 Z
rounded_rectangle	svg	M3060.460 2353.350 C3060.630 2358.150 3060.810 2362.940 3060.990 2367.730 C3061.030 2368.950 3060.080 2369.970 3058.870 2370.010 L3057.250 2370.070 C3056.030 2370.120 3055.010 2369.170 3054.970 2367.960 C3054.790 2363.160 3054.610 2358.370 3054.440 2353.580 C3054.410 2352.990 3054.630 2352.430 3055.020 2352.000 C3055.420 2351.570 3055.970 2351.320 3056.550 2351.300 C3057.090 2351.280 3057.640 2351.260 3058.180 2351.240 C3059.390 2351.190 3060.410 2352.140 3060.460 2353.350 Z
rounded_rectangle	tool	M4699.595 4952.396 L4870.011 4900.944 C4872.936 4900.061 4876.023 4901.717 4876.906 4904.642 L4884.983 4931.394 C4885.866 4934.319 4884.211 4937.407 4881.286 4938.290 L4710.870 4989.741 C4707.945 4990.624 4704.858 4988.969 4703.974 4986.044 L4695.897 4959.291 C4695.014 4956.366 4696.670 4953.279 4699.595 4952.396 Z
rounded_rectangle	svg	M339.680 3822.040 L338.900 3837.160 C338.870 3837.840 338.280 3838.370 337.600 3838.330 C337.240 3838.320 336.890 3838.300 336.530 3838.280 C335.850 3838.240 335.320 3837.660 335.360 3836.980 C335.610 3831.930 335.870 3826.890 336.130 3821.850 C336.170 3821.170 336.750 3820.640 337.440 3820.680 C337.790 3820.700 338.150 3820.720 338.500 3820.730 C339.190 3820.770 339.720 3821.350 339.680 3822.040 Z
rounded_rectangle	tool	M4348.609 1899.147 L4353.896 1937.036 C4354.853 1943.894 4350.070 1950.230 4343.212 1951.187 L4329.369 1953.118 C4322.511 1954.075 4316.175 1949.291 4315.218 1942.433 L4309.931 1904.544 C4308.974 1897.686 4313.758 1891.351 4320.616 1890.394 L4334.459 1888.462 C4341.317 1887.506 4347.652 1892.289 4348.609 1899.147 Z
rounded_rectangle	svg	M2300.650 240.270 C2255.820 312.250 2210.980 384.230 2166.140 456.210 C2157.920 469.420 2144.780 478.820 2129.620 482.340 C2114.470 485.870 2098.530 483.220 2085.320 475.000 C2059.320 458.800 2033.330 442.610 2007.330 426.420 C1994.120 418.190 1984.720 405.050 1981.200 389.890 C1977.680 374.740 1980.330 358.800 1988.560 345.590 C2033.390 273.610 2078.230 201.630 2123.070 129.650 C2131.290 116.440 2144.430 107.040 2159.590 103.520 C2174.740 100.000 2190.680 102.640 2203.890 110.870 C2229.880 127.060 2255.880 143.260 2281.880 159.450 C2295.080 167.680 2304.480 180.810 2308.000 195.970 C2311.520 211.120 2308.880 227.060 2300.650 240.270 Z
rounded_rectangle	tool	M3163.433 3906.708 L2937.796 4219.982 C2921.071 4243.204 2888.687 4248.470 2865.465 4231.744 L2855.571 4224.618 C2832.349 4207.892 2827.083 4175.509 2843.809 4152.287 L3069.445 3839.013 C3086.171 3815.792 3118.555 3810.525 3141.776 3827.251 L3151.670 3834.377 C3174.892 3851.103 3180.158 3883.487 3163.433 3906.708 Z
rounded_rectangle	svg	M2986.870 697.070 C2970.400 700.210 2953.930 703.340 2937.460 706.470 C2931.990 707.510 2926.700 703.920 2925.660 698.440 C2925.190 695.930 2924.710 693.420 2924.230 690.910 C2923.190 685.430 2926.780 680.150 2932.260 679.110 C2948.730 675.980 2965.200 672.850 2981.660 669.710 C2987.140 668.670 2992.420 672.270 2993.460 677.740 L2994.900 685.270 C2995.940 690.750 2992.340 696.030 2986.870 697.070 Z
rounded_rectangle	tool	M4236.950 4848.610 L4254.408 4595.545 C4255.064 4586.034 4263.306 4578.856 4272.817 4579.512 L4360.958 4585.593 C4370.469 4586.249 4377.648 4594.491 4376.992 4604.002 L4359.534 4857.066 C4358.877 4866.577 4350.635 4873.756 4341.124 4873.099 L4252.983 4867.019 C4243.472 4866.363 4236.293 4858.121 4236.950 4848.610 Z
rounded_rectangle	svg	M2140.210 810.150 C2153.540 762.360 2166.870 714.560 2180.190 666.770 C2182.080 660.000 2186.580 654.260 2192.700 650.810 C2198.820 647.350 2206.060 646.470 2212.830 648.360 C2229.470 653.000 2246.100 657.640 2262.740 662.280 C2269.510 664.170 2275.250 668.660 2278.700 674.790 C2282.150 680.910 2283.030 688.150 2281.150 694.920 C2267.820 742.710 2254.490 790.510 2241.170 838.300 C2239.280 845.070 2234.780 850.820 2228.660 854.270 C2222.540 857.720 2215.290 858.600 2208.520 856.710 C2191.890 852.070 2175.250 847.430 2158.620 842.800 C2151.850 840.910 2146.110 836.410 2142.650 830.290 C2139.200 824.170 2138.320 816.920 2140.210 810.150 Z
rounded_rectangle	tool	M1003.832 1266.058 L1038.391 1247.987 C1039.606 1247.352 1041.106 1247.822 1041.741 1249.037 L1044.585 1254.476 C1045.220 1255.690 1044.751 1257.190 1043.536 1257.826 L1008.977 1275.897 C1007.762 1276.532 1006.262 1276.062 1005.627 1274.847 L1002.783 1269.408 C1002.148 1268.194 1002.618 1266.694 1003.832 1266.058 Z
rounded_rectangle	svg	M529.180 3631.240 C537.190 3630.520 545.210 3629.810 553.220 3629.100 C553.950 3629.030 554.590 3629.570 554.650 3630.300 L554.980 3633.960 C555.040 3634.680 554.510 3635.320 553.780 3635.390 C545.770 3636.100 537.750 3636.810 529.740 3637.530 C529.390 3637.560 529.040 3637.450 528.770 3637.220 C528.510 3637.000 528.340 3636.680 528.310 3636.330 L527.980 3632.670 C527.920 3631.940 528.450 3631.300 529.180 3631.240 Z
rounded_rectangle	tool	M2157.283 4184.446 L2265.949 4106.078 C2273.220 4100.835 2283.365 4102.478 2288.608 4109.749 L2303.426 4130.296 C2308.670 4137.567 2307.027 4147.712 2299.756 4152.956 L2191.090 4231.323 C2183.819 4236.566 2173.674 4234.923 2168.431 4227.652 L2153.613 4207.105 C2148.369 4199.834 2150.012 4189.689 2157.283 4184.446 Z
rounded_rectangle	svg	M4860.010 4792.340 C4866.970 4792.610 4873.930 4792.880 4880.890 4793.160 C4882.440 4793.220 4883.650 4794.530 4883.590 4796.080 C4883.560 4796.810 4883.530 4797.540 4883.500 4798.260 C4883.440 4799.820 4882.130 4801.030 4880.580 4800.970 C4873.620 4800.690 4866.660 4800.420 4859.700 4800.150 C4858.150 4800.090 4856.940 4798.780 4857.000 4797.220 C4857.030 4796.500 4857.060 4795.770 4857.090 4795.040 C4857.150 4793.490 4858.450 4792.280 4860.010 4792.340 Z
rounded_rectangle	tool	M938.101 4571.677 L1052.843 4156.585 C1061.423 4125.544 1093.542 4107.337 1124.583 4115.917 L1131.815 4117.916 C1162.856 4126.497 1181.064 4158.616 1172.484 4189.657 L1057.742 4604.749 C1049.162 4635.790 1017.043 4653.998 986.002 4645.417 L978.769 4643.418 C947.729 4634.838 929.521 4602.718 938.101 4571.677 Z
rounded_rectangle	svg	M4012.750 1890.230 C3904.080 1883.060 3795.410 1875.890 3686.750 1868.710 C3669.570 1867.580 3653.550 1859.670 3642.210 1846.730 C3630.870 1833.780 3625.140 1816.860 3626.270 1799.690 C3632.050 1712.140 3637.830 1624.580 3643.610 1537.030 C3645.970 1501.270 3676.870 1474.200 3712.630 1476.560 C3821.300 1483.730 3929.970 1490.900 4038.630 1498.080 C4074.390 1500.440 4101.470 1531.340 4099.110 1567.100 C4093.330 1654.650 4087.550 1742.210 4081.770 1829.760 C4079.410 1865.520 4048.500 1892.590 4012.750 1890.230 Z
rounded_rectangle	tool	M2771.906 1105.251 L2742.189 1155.538 C2740.172 1158.951 2735.771 1160.082 2732.358 1158.066 L2725.105 1153.779 C2721.692 1151.763 2720.561 1147.361 2722.577 1143.949 L2752.295 1093.662 C2754.312 1090.249 2758.713 1089.118 2762.125 1091.134 L2769.379 1095.421 C2772.791 1097.438 2773.923 1101.839 2771.906 1105.251 Z
rounded_rectangle	svg	M547.090 4117.030 L515.230 4119.190 C514.580 4119.240 514.020 4118.750 513.970 4118.100 C513.870 4116.540 513.760 4114.970 513.660 4113.410 C513.610 4112.760 514.100 4112.200 514.750 4112.160 C525.370 4111.430 535.990 4110.710 546.610 4109.990 C547.260 4109.950 547.820 4110.440 547.860 4111.080 C547.970 4112.650 548.080 4114.210 548.180 4115.770 C548.200 4116.090 548.100 4116.390 547.900 4116.630 C547.690 4116.860 547.400 4117.010 547.090 4117.030 Z
rounded_rectangle	tool	M4434.539 1359.489 L4667.175 1544.685 C4692.802 1565.086 4697.038 1602.400 4676.637 1628.027 L4631.083 1685.249 C4610.682 1710.876 4573.369 1715.113 4547.742 1694.712 L4315.106 1509.516 C4289.479 1489.115 4285.243 1451.802 4305.644 1426.174 L4351.198 1368.952 C4371.599 1343.325 4408.912 1339.088 4434.539 1359.489 Z
rounded_rectangle	svg	M1996.230 3863.440 C1998.980 3861.000 2001.740 3858.570 2004.500 3856.130 C2004.640 3856.010 2004.810 3855.950 2004.990 3855.960 C2005.170 3855.970 2005.330 3856.050 2005.450 3856.190 C2005.750 3856.520 2006.040 3856.850 2006.340 3857.190 C2006.460 3857.320 2006.520 3857.500 2006.510 3857.680 C2006.490 3857.850 2006.410 3858.020 2006.280 3858.140 C2003.520 3860.580 2000.760 3863.020 1998.000 3865.450 C1997.730 3865.700 1997.300 3865.670 1997.050 3865.400 C1996.760 3865.060 1996.460 3864.730 1996.170 3864.390 C1996.050 3864.260 1995.990 3864.080 1996.000 3863.910 C1996.010 3863.730 1996.090 3863.560 1996.230 3863.440 Z
rounded_rectangle	tool	M307.276 4063.459 L280.832 4220.154 C279.030 4230.828 268.917 4238.021 258.243 4236.220 L243.357 4233.708 C232.682 4231.906 225.489 4221.793 227.291 4211.118 L253.735 4054.423 C255.536 4043.749 265.650 4036.556 276.324 4038.357 L291.210 4040.870 C301.884 4042.671 309.077 4052.784 307.276 4063.459 Z
rounded_rectangle	svg	M995.360 3594.440 L1005.560 3600.590 C1005.870 3600.780 1005.970 3601.190 1005.780 3601.510 L1004.790 3603.160 C1004.600 3603.470 1004.190 3603.580 1003.870 3603.380 L993.670 3597.230 C993.360 3597.040 993.260 3596.630 993.450 3596.320 L994.440 3594.670 C994.630 3594.350 995.040 3594.250 995.360 3594.440 Z
rounded_rectangle	tool	M1358.784 5011.459 L1339.170 5000.568 C1336.414 4999.038 1335.420 4995.563 1336.950 4992.807 L1338.599 4989.837 C1340.130 4987.081 1343.605 4986.087 1346.361 4987.618 L1365.975 4998.509 C1368.731 5000.039 1369.725 5003.514 1368.195 5006.271 L1366.546 5009.240 C1365.015 5011.996 1361.540 5012.990 1358.784 5011.459 Z
rounded_rectangle	svg	M761.000 1279.830 C770.960 1282.460 780.910 1285.100 790.870 1287.740 C795.350 1288.920 799.180 1291.840 801.510 1295.850 C803.830 1299.860 804.480 1304.620 803.290 1309.100 C800.900 1318.140 798.510 1327.170 796.110 1336.200 C794.930 1340.680 792.010 1344.500 788.000 1346.830 C784.000 1349.160 779.230 1349.800 774.750 1348.610 C764.790 1345.980 754.830 1343.340 744.880 1340.700 C740.400 1339.520 736.570 1336.600 734.240 1332.590 C731.910 1328.590 731.270 1323.820 732.460 1319.340 L739.630 1292.250 C740.820 1287.760 743.740 1283.940 747.750 1281.610 C751.750 1279.280 756.520 1278.640 761.000 1279.830 Z
rounded_rectangle	tool	M3295.269 2957.001 L3304.377 2920.963 C3305.466 2916.653 3309.842 2914.043 3314.151 2915.132 L3318.842 2916.317 C3323.151 2917.407 3325.762 2921.783 3324.673 2926.092 L3315.564 2962.131 C3314.475 2966.440 3310.099 2969.051 3305.790 2967.961 L3301.099 2966.776 C3296.790 2965.687 3294.180 2961.311 3295.269 2957.001 Z
rounded_rectangle	svg	M402.520 1522.200 C407.670 1521.690 412.820 1521.180 417.970 1520.660 C418.400 1520.620 418.820 1520.750 419.150 1521.020 C419.470 1521.290 419.680 1521.680 419.720 1522.100 C419.750 1522.350 419.780 1522.610 419.800 1522.860 C419.840 1523.280 419.710 1523.700 419.450 1524.030 C419.180 1524.360 418.790 1524.570 418.370 1524.610 C413.220 1525.120 408.070 1525.640 402.910 1526.150 C402.490 1526.190 402.070 1526.060 401.740 1525.800 C401.410 1525.530 401.210 1525.140 401.160 1524.720 C401.140 1524.460 401.110 1524.210 401.090 1523.950 C401.000 1523.070 401.640 1522.290 402.520 1522.200 Z
rounded_rectangle	tool	M3554.093 3067.415 L3772.168 3414.844 C3786.674 3437.954 3779.698 3468.448 3756.588 3482.953 L3665.676 3540.018 C3642.566 3554.523 3612.072 3547.548 3597.566 3524.438 L3379.491 3177.009 C3364.986 3153.899 3371.961 3123.405 3395.071 3108.899 L3485.983 3051.835 C3509.093 3037.330 3539.587 3044.305 3554.093 3067.415 Z
rounded_rectangle	svg	M1835.640 4900.420 C1759.800 4811.460 1683.960 4722.510 1608.110 4633.550 C1583.400 4604.570 1586.870 4561.050 1615.850 4536.340 C1664.440 4494.910 1713.030 4453.480 1761.610 4412.060 C1790.600 4387.360 1834.110 4390.830 1858.820 4419.810 C1934.660 4508.760 2010.500 4597.710 2086.340 4686.670 C2111.050 4715.640 2107.590 4759.160 2078.620 4783.870 C2030.030 4825.300 1981.450 4866.720 1932.860 4908.150 C1903.880 4932.860 1860.350 4929.400 1835.640 4900.420 Z
rounded_rectangle	tool	M958.847 4819.376 L941.209 4971.120 C940.451 4977.645 934.546 4982.320 928.021 4981.561 L865.943 4974.346 C859.418 4973.587 854.743 4967.683 855.502 4961.158 L873.139 4809.413 C873.898 4802.888 879.802 4798.214 886.327 4798.972 L948.406 4806.188 C954.931 4806.946 959.605 4812.851 958.847 4819.376 Z
rounded_rectangle	svg	M3820.370 4292.850 C3819.380 4294.190 3818.390 4295.530 3817.400 4296.860 C3816.110 4298.600 3814.190 4299.760 3812.040 4300.080 C3809.900 4300.400 3807.720 4299.850 3805.980 4298.560 C3804.710 4297.620 3803.430 4296.670 3802.160 4295.730 C3798.540 4293.050 3797.780 4287.930 3800.460 4284.310 C3801.450 4282.970 3802.440 4281.640 3803.430 4280.300 C3806.120 4276.680 3811.230 4275.920 3814.850 4278.600 C3816.130 4279.540 3817.400 4280.490 3818.670 4281.430 C3822.300 4284.120 3823.060 4289.230 3820.370 4292.850 Z
rounded_rectangle	tool	M1929.531 1196.550 L1971.685 1176.270 C1975.638 1174.368 1980.384 1176.031 1982.286 1179.984 L1984.310 1184.191 C1986.212 1188.144 1984.549 1192.890 1980.596 1194.791 L1938.442 1215.072 C1934.489 1216.974 1929.743 1215.311 1927.841 1211.358 L1925.817 1207.151 C1923.916 1203.198 1925.578 1198.452 1929.531 1196.550 Z
rounded_rectangle	svg	M3021.610 4234.250 C3055.750 4175.580 3089.880 4116.900 3124.010 4058.230 C3125.260 4056.070 3127.320 4054.500 3129.730 4053.870 C3132.140 4053.230 3134.700 4053.580 3136.860 4054.830 L3174.150 4076.520 C3176.310 4077.780 3177.870 4079.830 3178.510 4082.240 C3179.150 4084.650 3178.800 4087.220 3177.550 4089.370 C3143.420 4148.050 3109.280 4206.720 3075.150 4265.400 C3073.900 4267.550 3071.840 4269.120 3069.430 4269.760 C3067.020 4270.400 3064.460 4270.050 3062.300 4268.800 C3049.870 4261.560 3037.440 4254.330 3025.010 4247.100 C3022.860 4245.850 3021.290 4243.790 3020.650 4241.380 C3020.010 4238.970 3020.360 4236.410 3021.610 4234.250 Z
rounded_rectangle	tool	M3852.953 3417.176 L4085.870 3392.164 C4092.718 3391.429 4098.865 3396.384 4099.601 3403.232 L4103.124 3436.041 C4103.859 3442.889 4098.904 3449.037 4092.056 3449.772 L3859.139 3474.784 C3852.291 3475.519 3846.144 3470.564 3845.408 3463.716 L3841.885 3430.907 C3841.149 3424.059 3846.105 3417.911 3852.953 3417.176 Z
rounded_rectangle	svg	M2737.300 4458.170 C2743.680 4465.520 2750.060 4472.880 2756.440 4480.240 C2757.680 4481.670 2758.300 4483.530 2758.160 4485.410 C2758.030 4487.290 2757.150 4489.040 2755.730 4490.270 C2754.240 4491.570 2752.750 4492.860 2751.260 4494.150 C2749.830 4495.390 2747.980 4496.010 2746.090 4495.870 C2744.210 4495.740 2742.460 4494.860 2741.230 4493.440 C2734.850 4486.080 2728.460 4478.720 2722.080 4471.360 C2720.850 4469.940 2720.230 4468.080 2720.360 4466.200 C2720.490 4464.320 2721.370 4462.570 2722.790 4461.330 C2724.290 4460.040 2725.780 4458.750 2727.270 4457.450 C2728.690 4456.220 2730.550 4455.600 2732.430 4455.730 C2734.310 4455.870 2736.060 4456.740 2737.300 4458.170 Z
rounded_rectangle	tool	M3508.069 357.778 L3464.195 98.795 C3455.971 50.246 3488.660 4.222 3537.209 -4.002 L3546.502 -5.576 C3595.051 -13.801 3641.074 18.888 3649.299 67.437 L3693.172 326.420 C3701.397 374.969 3668.707 420.992 3620.159 429.217 L3610.866 430.791 C3562.317 439.016 3516.293 406.326 3508.069 357.778 Z
rounded_rectangle	svg	M270.280 2696.650 C285.520 2677.810 300.750 2658.970 315.980 2640.130 C320.090 2635.060 326.040 2631.820 332.530 2631.140 C339.020 2630.450 345.510 2632.370 350.590 2636.470 C360.780 2644.710 370.970 2652.960 381.170 2661.200 C386.240 2665.300 389.480 2671.250 390.170 2677.740 C390.850 2684.230 388.930 2690.730 384.830 2695.800 C369.600 2714.640 354.360 2733.480 339.130 2752.320 C335.030 2757.400 329.080 2760.630 322.590 2761.320 C316.100 2762.010 309.600 2760.090 304.530 2755.980 C294.330 2747.740 284.140 2739.500 273.950 2731.260 C268.870 2727.160 265.640 2721.200 264.950 2714.710 C264.260 2708.220 266.180 2701.730 270.280 2696.650 Z
rounded_rectangle	tool	M4891.313 4613.713 L4867.083 4592.379 C4865.225 4590.743 4865.045 4587.911 4866.680 4586.053 L4868.744 4583.708 C4870.380 4581.850 4873.213 4581.670 4875.071 4583.306 L4899.301 4604.641 C4901.159 4606.277 4901.339 4609.109 4899.703 4610.967 L4897.639 4613.311 C4896.004 4615.169 4893.171 4615.349 4891.313 4613.713 Z
rounded_rectangle	svg	M328.410 4677.700 C387.040 4648.280 445.660 4618.870 504.290 4589.460 C512.330 4585.430 522.110 4588.670 526.140 4596.700 C536.610 4617.580 547.080 4638.450 557.560 4659.330 C561.590 4667.360 558.340 4677.140 550.310 4681.170 C491.680 4710.580 433.050 4740.000 374.420 4769.410 C366.390 4773.440 356.610 4770.200 352.580 4762.170 C342.100 4741.290 331.630 4720.420 321.160 4699.540 C317.130 4691.510 320.370 4681.730 328.410 4677.700 Z
rounded_rectangle	tool	M3015.796 468.838 L3010.604 472.850 C3010.259 473.116 3009.764 473.053 3009.498 472.708 L3009.270 472.413 C3009.004 472.069 3009.067 471.574 3009.411 471.307 L3014.604 467.295 C3014.948 467.029 3015.443 467.093 3015.710 467.437 L3015.938 467.732 C3016.204 468.077 3016.141 468.572 3015.796 468.838 Z
rounded_rectangle	svg	M251.070 3649.260 C241.150 3592.380 231.230 3535.500 221.310 3478.610 C220.920 3476.330 221.440 3473.980 222.780 3472.080 C224.110 3470.180 226.150 3468.890 228.430 3468.490 C241.450 3466.220 254.460 3463.950 267.480 3461.680 C269.760 3461.280 272.110 3461.810 274.010 3463.140 C275.910 3464.480 277.200 3466.510 277.600 3468.800 C287.520 3525.680 297.440 3582.570 307.350 3639.450 C307.750 3641.740 307.230 3644.090 305.890 3645.990 C304.560 3647.890 302.520 3649.180 300.240 3649.580 C287.220 3651.840 274.210 3654.110 261.190 3656.380 C258.910 3656.780 256.560 3656.260 254.660 3654.920 C252.760 3653.590 251.470 3651.550 251.070 3649.260 Z
rounded_rectangle	tool	M1459.741 1182.924 L1449.403 1272.504 C1449.180 1274.440 1447.430 1275.827 1445.495 1275.604 L1432.976 1274.159 C1431.041 1273.936 1429.653 1272.186 1429.876 1270.251 L1440.214 1180.670 C1440.437 1178.735 1442.187 1177.347 1444.123 1177.570 L1456.641 1179.015 C1458.576 1179.238 1459.964 1180.988 1459.741 1182.924 Z
rounded_rectangle	svg	M1271.830 1814.540 L1315.600 1784.000 C1316.690 1783.230 1318.200 1783.500 1318.960 1784.600 C1320.290 1786.500 1321.620 1788.410 1322.950 1790.310 C1323.720 1791.410 1323.450 1792.920 1322.350 1793.680 C1307.760 1803.860 1293.170 1814.040 1278.590 1824.220 C1278.060 1824.590 1277.410 1824.740 1276.780 1824.620 C1276.150 1824.510 1275.580 1824.150 1275.220 1823.630 C1273.890 1821.720 1272.560 1819.810 1271.230 1817.910 C1270.460 1816.810 1270.730 1815.310 1271.830 1814.540 Z
rounded_rectangle	tool	M1732.109 3826.758 L1932.401 3648.132 C1959.172 3624.257 2000.228 3626.605 2024.102 3653.375 L2027.834 3657.560 C2051.709 3684.330 2049.361 3725.386 2022.591 3749.261 L1822.298 3927.887 C1795.528 3951.761 1754.472 3949.414 1730.597 3922.643 L1726.866 3918.459 C1702.991 3891.689 1705.339 3850.633 1732.109 3826.758 Z
rounded_rectangle	svg	M859.640 1667.810 C848.100 1644.400 836.550 1620.990 825.000 1597.580 C824.360 1596.270 824.260 1594.750 824.730 1593.370 C825.200 1591.990 826.200 1590.850 827.510 1590.200 C832.450 1587.770 837.390 1585.330 842.330 1582.890 C843.640 1582.250 845.150 1582.150 846.540 1582.620 C847.920 1583.090 849.060 1584.090 849.700 1585.390 C861.250 1608.810 872.800 1632.220 884.340 1655.630 C885.690 1658.360 884.570 1661.660 881.840 1663.000 C876.900 1665.440 871.950 1667.880 867.010 1670.320 C864.290 1671.660 860.990 1670.540 859.640 1667.810 Z
rounded_rectangle	tool	M2162.995 2196.380 L2167.331 2205.747 C2167.863 2206.896 2167.363 2208.259 2166.214 2208.791 L2165.922 2208.926 C2164.773 2209.458 2163.410 2208.958 2162.878 2207.809 L2158.542 2198.442 C2158.010 2197.293 2158.510 2195.930 2159.659 2195.398 L2159.951 2195.263 C2161.100 2194.731 2162.463 2195.231 2162.995 2196.380 Z
rounded_rectangle	svg	M2788.470 434.080 C2792.110 424.920 2795.750 415.760 2799.380 406.600 C2800.490 403.810 2803.660 402.440 2806.450 403.550 C2806.460 403.550 2806.470 403.560 2806.470 403.560 C2809.270 404.670 2810.630 407.830 2809.520 410.630 C2805.880 419.790 2802.250 428.950 2798.610 438.110 C2797.500 440.900 2794.330 442.270 2791.540 441.160 C2791.530 441.160 2791.530 441.160 2791.520 441.150 C2790.180 440.620 2789.100 439.580 2788.530 438.250 C2787.960 436.920 2787.940 435.430 2788.470 434.080 Z
rounded_rectangle	tool	M2444.404 3377.234 L2448.636 3384.072 C2448.893 3384.488 2448.765 3385.033 2448.349 3385.290 L2447.656 3385.720 C2447.240 3385.977 2446.695 3385.848 2446.438 3385.433 L2442.206 3378.594 C2441.949 3378.179 2442.077 3377.633 2442.493 3377.376 L2443.186 3376.947 C2443.602 3376.690 2444.147 3376.818 2444.404 3377.234 Z
rounded_rectangle	svg	M4776.350 3375.090 C4805.020 3363.260 4833.700 3351.430 4862.370 3339.590 C4865.840 3338.160 4869.810 3339.810 4871.240 3343.280 L4874.870 3352.070 C4876.300 3355.540 4874.650 3359.510 4871.180 3360.940 C4842.510 3372.770 4813.830 3384.610 4785.160 3396.440 C4783.490 3397.130 4781.620 3397.130 4779.960 3396.440 C4778.300 3395.740 4776.970 3394.420 4776.290 3392.750 L4772.660 3383.960 C4771.970 3382.300 4771.970 3380.430 4772.670 3378.760 C4773.360 3377.100 4774.680 3375.780 4776.350 3375.090 Z
rounded_rectangle	tool	M2171.268 546.887 L2018.518 832.110 C1992.064 881.506 1930.575 900.105 1881.178 873.650 L1878.438 872.183 C1829.041 845.729 1810.443 784.240 1836.897 734.843 L1989.647 449.621 C2016.102 400.224 2077.591 381.626 2126.987 408.080 L2129.727 409.547 C2179.124 436.001 2197.722 497.491 2171.268 546.887 Z
rounded_rectangle	svg	M4739.790 409.840 L4680.570 436.900 C4679.120 437.570 4677.460 437.630 4675.960 437.070 C4674.460 436.510 4673.250 435.380 4672.580 433.920 L4669.340 426.840 C4668.680 425.380 4668.620 423.720 4669.180 422.220 C4669.730 420.720 4670.860 419.510 4672.320 418.840 C4692.060 409.820 4711.800 400.800 4731.530 391.780 C4734.560 390.390 4738.140 391.730 4739.530 394.760 L4742.770 401.840 C4744.150 404.870 4742.820 408.450 4739.790 409.840 Z
rounded_rectangle	tool	M2594.754 3748.235 L2385.251 3647.495 C2333.917 3622.811 2312.313 3561.186 2336.998 3509.852 L2384.936 3410.159 C2409.620 3358.825 2471.245 3337.221 2522.579 3361.905 L2732.082 3462.645 C2783.416 3487.330 2805.020 3548.954 2780.335 3600.288 L2732.397 3699.982 C2707.713 3751.316 2646.088 3772.919 2594.754 3748.235 Z
rounded_rectangle	svg	M3596.460 742.070 C3591.810 742.040 3587.160 742.000 3582.510 741.970 C3582.250 741.970 3582.000 741.870 3581.810 741.680 C3581.630 741.490 3581.530 741.240 3581.530 740.980 C3581.530 740.030 3581.540 739.090 3581.550 738.140 C3581.550 737.880 3581.650 737.630 3581.840 737.450 C3582.030 737.260 3582.280 737.160 3582.540 737.160 C3587.190 737.190 3591.840 737.220 3596.490 737.260 C3596.750 737.260 3597.000 737.360 3597.190 737.550 C3597.370 737.740 3597.470 737.990 3597.470 738.250 C3597.460 739.190 3597.460 740.140 3597.450 741.090 C3597.450 741.630 3597.000 742.070 3596.460 742.070 Z
rounded_rectangle	tool	M4005.278 1578.913 L4263.895 1349.417 C4283.356 1332.148 4313.132 1333.924 4330.402 1353.385 L4331.192 1354.276 C4348.462 1373.737 4346.685 1403.513 4327.224 1420.782 L4068.607 1650.278 C4049.145 1667.547 4019.369 1665.771 4002.100 1646.310 L4001.310 1645.419 C3984.040 1625.958 3985.817 1596.182 4005.278 1578.913 Z
rounded_rectangle	svg	M4139.590 2412.830 C4136.210 2436.380 4132.830 2459.940 4129.450 2483.490 C4129.040 2486.340 4127.510 2488.910 4125.210 2490.630 C4122.910 2492.360 4120.010 2493.100 4117.160 2492.690 C4115.690 2492.480 4114.230 2492.270 4112.760 2492.060 C4109.910 2491.650 4107.340 2490.120 4105.610 2487.820 C4103.890 2485.520 4103.150 2482.620 4103.560 2479.770 C4106.940 2456.220 4110.320 2432.660 4113.710 2409.110 C4114.120 2406.260 4115.640 2403.690 4117.940 2401.960 C4120.250 2400.240 4123.140 2399.500 4125.990 2399.910 L4130.400 2400.540 C4136.330 2401.390 4140.450 2406.890 4139.590 2412.830 Z
rounded_rectangle	tool	M2720.415 822.837 L2725.835 812.376 C2729.843 804.641 2739.363 801.619 2747.098 805.627 L2749.217 806.725 C2756.952 810.733 2759.974 820.252 2755.966 827.988 L2750.546 838.449 C2746.538 846.184 2737.018 849.205 2729.283 845.198 L2727.164 844.100 C2719.429 840.092 2716.407 830.572 2720.415 822.837 Z
rounded_rectangle	svg	M4862.410 2294.110 L4876.930 2136.790 C4878.140 2123.600 4884.550 2111.440 4894.730 2102.970 C4904.920 2094.510 4918.050 2090.440 4931.230 2091.660 C4935.620 2092.060 4940.010 2092.470 4944.410 2092.870 C4957.590 2094.090 4969.750 2100.490 4978.220 2110.680 C4986.680 2120.860 4990.750 2133.990 4989.540 2147.180 L4975.020 2304.500 C4972.480 2331.960 4948.170 2352.160 4920.710 2349.630 C4916.320 2349.220 4911.930 2348.820 4907.540 2348.410 C4880.080 2345.880 4859.870 2321.560 4862.410 2294.110 Z
rounded_rectangle	tool	M4483.490 1093.513 L4559.803 1030.947 C4572.130 1020.841 4590.316 1022.641 4600.422 1034.968 L4610.981 1047.847 C4621.087 1060.174 4619.287 1078.359 4606.960 1088.466 L4530.647 1151.031 C4518.320 1161.138 4500.134 1159.337 4490.028 1147.010 L4479.469 1134.132 C4469.363 1121.805 4471.163 1103.619 4483.490 1093.513 Z
rounded_rectangle	svg	M4697.520 2071.410 C4697.670 2117.760 4697.810 2164.120 4697.960 2210.470 C4697.970 2216.280 4695.690 2221.860 4691.590 2225.970 C4687.500 2230.090 4681.940 2232.420 4676.130 2232.430 C4674.330 2232.440 4672.520 2232.450 4670.720 2232.450 C4664.910 2232.470 4659.340 2230.180 4655.220 2226.090 C4651.100 2221.990 4648.780 2216.430 4648.760 2210.630 C4648.610 2164.270 4648.470 2117.910 4648.330 2071.560 C4648.310 2065.750 4650.600 2060.180 4654.690 2056.060 C4658.780 2051.940 4664.340 2049.620 4670.150 2049.600 C4671.950 2049.590 4673.760 2049.590 4675.560 2049.580 C4681.370 2049.560 4686.940 2051.850 4691.060 2055.950 C4695.180 2060.040 4697.510 2065.600 4697.520 2071.410 Z
rounded_rectangle	tool	M1567.568 3970.299 L1549.203 3964.211 C1541.165 3961.546 1536.809 3952.870 1539.474 3944.832 L1540.371 3942.126 C1543.035 3934.088 1551.711 3929.732 1559.749 3932.397 L1578.115 3938.485 C1586.153 3941.149 1590.509 3949.825 1587.844 3957.863 L1586.947 3960.569 C1584.282 3968.607 1575.606 3972.963 1567.568 3970.299 Z
rounded_rectangle	svg	M370.950 1676.230 C265.010 1806.030 159.080 1935.820 53.140 2065.620 C45.080 2075.500 33.420 2081.770 20.740 2083.050 C8.050 2084.340 -4.620 2080.530 -14.500 2072.470 C-88.420 2012.130 -162.340 1951.800 -236.270 1891.470 C-246.140 1883.400 -252.420 1871.750 -253.700 1859.060 C-254.980 1846.380 -251.180 1833.700 -243.110 1823.820 C-137.180 1694.030 -31.240 1564.230 74.690 1434.440 C91.480 1413.870 121.770 1410.800 142.330 1427.590 C216.260 1487.920 290.180 1548.260 364.100 1608.590 C384.670 1625.380 387.740 1655.660 370.950 1676.230 Z
rounded_rectangle	tool	M532.563 612.351 L558.945 459.447 C565.458 421.695 601.343 396.371 639.095 402.885 L710.041 415.126 C747.793 421.639 773.117 457.524 766.603 495.276 L740.221 648.180 C733.707 685.932 697.823 711.256 660.071 704.742 L589.125 692.501 C551.373 685.987 526.049 650.103 532.563 612.351 Z
rounded_rectangle	svg	M1731.220 4909.240 C1776.230 4873.310 1821.230 4837.370 1866.240 4801.430 C1886.180 4785.510 1915.240 4788.770 1931.160 4808.700 C1933.250 4811.310 1935.330 4813.920 1937.420 4816.540 C1953.340 4836.470 1950.080 4865.540 1930.140 4881.450 C1885.140 4917.390 1840.130 4953.330 1795.120 4989.270 C1775.190 5005.190 1746.120 5001.930 1730.200 4982.000 C1728.120 4979.390 1726.030 4976.770 1723.950 4974.160 C1708.030 4954.230 1711.290 4925.160 1731.220 4909.240 Z
rounded_rectangle	tool	M633.502 2626.985 L651.073 2664.473 C659.657 2682.788 651.768 2704.594 633.453 2713.178 L629.933 2714.828 C611.618 2723.413 589.812 2715.524 581.228 2697.209 L563.657 2659.721 C555.073 2641.406 562.961 2619.600 581.276 2611.015 L584.796 2609.366 C603.111 2600.781 624.918 2608.670 633.502 2626.985 Z
rounded_rectangle	svg	M4132.030 1512.190 C4116.170 1519.420 4100.300 1526.640 4084.440 1533.870 C4082.940 1534.560 4081.160 1533.890 4080.480 1532.390 C4078.810 1528.740 4077.150 1525.080 4075.480 1521.430 C4074.800 1519.930 4075.460 1518.150 4076.960 1517.470 C4092.830 1510.240 4108.690 1503.010 4124.560 1495.780 C4126.060 1495.100 4127.830 1495.760 4128.510 1497.260 C4130.180 1500.920 4131.850 1504.570 4133.510 1508.230 C4133.840 1508.950 4133.870 1509.770 4133.590 1510.510 C4133.310 1511.260 4132.750 1511.860 4132.030 1512.190 Z
rounded_rectangle	tool	M2163.086 3665.583 L2303.331 3618.680 C2306.618 3617.580 2310.175 3619.354 2311.274 3622.642 L2321.381 3652.860 C2322.480 3656.147 2320.706 3659.704 2317.419 3660.803 L2177.174 3707.707 C2173.887 3708.806 2170.330 3707.032 2169.231 3703.745 L2159.124 3673.526 C2158.025 3670.239 2159.799 3666.682 2163.086 3665.583 Z
rounded_rectangle	svg	M3183.390 1314.400 C3159.960 1331.380 3136.520 1348.360 3113.090 1365.340 C3111.830 1366.250 3110.250 1366.630 3108.710 1366.380 C3107.170 1366.140 3105.790 1365.290 3104.880 1364.030 C3101.520 1359.390 3098.160 1354.760 3094.800 1350.120 C3093.890 1348.860 3093.510 1347.280 3093.760 1345.740 C3094.000 1344.200 3094.850 1342.820 3096.110 1341.910 C3119.550 1324.930 3142.980 1307.950 3166.410 1290.970 C3169.040 1289.070 3172.720 1289.650 3174.620 1292.280 C3177.980 1296.920 3181.340 1301.550 3184.700 1306.190 C3186.600 1308.820 3186.020 1312.490 3183.390 1314.400 Z
rounded_rectangle	tool	M3513.693 2966.575 L3517.725 2938.330 C3517.832 2937.585 3518.522 2937.067 3519.267 2937.173 L3524.406 2937.907 C3525.151 2938.013 3525.669 2938.703 3525.562 2939.449 L3521.530 2967.694 C3521.423 2968.439 3520.733 2968.957 3519.988 2968.850 L3514.849 2968.117 C3514.104 2968.010 3513.586 2967.320 3513.693 2966.575 Z
rounded_rectangle	svg	M4657.960 3240.650 L4655.980 3250.340 C4655.750 3251.500 4655.060 3252.530 4654.060 3253.180 C4653.070 3253.840 4651.860 3254.070 4650.690 3253.840 C4649.070 3253.500 4647.440 3253.170 4645.810 3252.840 C4644.650 3252.600 4643.620 3251.910 4642.970 3250.920 C4642.310 3249.930 4642.080 3248.710 4642.320 3247.550 C4642.980 3244.320 4643.630 3241.090 4644.290 3237.860 C4644.790 3235.430 4647.160 3233.860 4649.590 3234.360 C4651.210 3234.690 4652.840 3235.020 4654.470 3235.350 C4656.890 3235.850 4658.460 3238.220 4657.960 3240.650 Z
rounded_rectangle	tool	M2721.201 515.223 L2713.743 519.750 C2713.417 519.948 2712.994 519.844 2712.796 519.519 L2711.692 517.700 C2711.495 517.375 2711.598 516.951 2711.924 516.753 L2719.382 512.226 C2719.707 512.029 2720.131 512.132 2720.328 512.458 L2721.432 514.276 C2721.630 514.601 2721.526 515.025 2721.201 515.223 Z
rounded_rectangle	svg	M1492.760 3006.460 C1523.040 3039.170 1553.310 3071.880 1583.580 3104.590 C1587.570 3108.900 1589.680 3114.610 1589.450 3120.480 C1589.230 3126.350 1586.680 3131.890 1582.370 3135.880 C1577.340 3140.530 1572.310 3145.190 1567.280 3149.840 C1562.970 3153.830 1557.250 3155.940 1551.380 3155.720 C1545.510 3155.490 1539.970 3152.940 1535.980 3148.630 L1445.170 3050.500 C1441.180 3046.190 1439.070 3040.470 1439.300 3034.600 C1439.530 3028.730 1442.070 3023.200 1446.390 3019.210 C1451.410 3014.550 1456.440 3009.900 1461.470 3005.250 C1465.780 3001.260 1471.500 2999.140 1477.370 2999.370 C1483.240 2999.600 1488.780 3002.150 1492.760 3006.460 Z
rounded_rectangle	tool	M711.229 648.907 L702.398 656.296 C702.048 656.589 701.527 656.543 701.234 656.193 L700.582 655.414 C700.289 655.064 700.335 654.542 700.686 654.249 L709.516 646.860 C709.866 646.567 710.387 646.614 710.680 646.964 L711.332 647.743 C711.625 648.093 711.579 648.614 711.229 648.907 Z
rounded_rectangle	svg	M686.920 3644.980 C686.410 3651.540 685.900 3658.090 685.390 3664.650 C685.310 3665.570 684.510 3666.250 683.600 3666.180 C683.070 3666.140 682.530 3666.100 682.000 3666.060 C681.560 3666.020 681.150 3665.820 680.870 3665.480 C680.580 3665.140 680.440 3664.710 680.470 3664.270 C680.980 3657.710 681.490 3651.160 682.000 3644.600 C682.030 3644.160 682.240 3643.750 682.580 3643.460 C682.910 3643.180 683.350 3643.040 683.790 3643.070 L685.380 3643.190 C686.300 3643.260 686.990 3644.070 686.920 3644.980 Z
rounded_rectangle	tool	M4199.690 1144.962 L4222.769 1258.701 C4223.828 1263.919 4220.457 1269.007 4215.239 1270.066 L4192.351 1274.710 C4187.133 1275.769 4182.045 1272.397 4180.986 1267.180 L4157.907 1153.440 C4156.848 1148.223 4160.220 1143.135 4165.437 1142.076 L4188.326 1137.432 C4193.543 1136.373 4198.631 1139.744 4199.690 1144.962 Z
rounded_rectangle	svg	M1561.220 967.430 L1566.950 964.100 C1567.190 963.960 1567.480 963.920 1567.750 963.990 C1568.020 964.060 1568.250 964.240 1568.390 964.480 C1568.480 964.630 1568.570 964.790 1568.660 964.940 C1568.800 965.180 1568.840 965.470 1568.770 965.740 C1568.700 966.010 1568.520 966.240 1568.280 966.380 L1562.550 969.710 C1562.050 970.010 1561.400 969.830 1561.110 969.330 C1561.020 969.180 1560.930 969.020 1560.840 968.870 C1560.550 968.370 1560.720 967.720 1561.220 967.430 Z
rounded_rectangle	tool	M3895.607 3859.842 L3903.273 3857.585 C3903.520 3857.512 3903.780 3857.654 3903.852 3857.901 L3904.620 3860.507 C3904.692 3860.754 3904.551 3861.014 3904.304 3861.087 L3896.637 3863.343 C3896.390 3863.416 3896.130 3863.275 3896.058 3863.027 L3895.291 3860.422 C3895.218 3860.174 3895.359 3859.915 3895.607 3859.842 Z
rounded_rectangle	svg	M3707.870 66.560 C3705.610 66.300 3703.340 66.050 3701.080 65.800 C3700.900 65.780 3700.740 65.690 3700.630 65.550 C3700.510 65.410 3700.460 65.230 3700.480 65.050 C3700.550 64.400 3700.630 63.750 3700.700 63.100 C3700.720 62.920 3700.810 62.750 3700.950 62.640 C3701.090 62.530 3701.270 62.480 3701.450 62.500 C3703.710 62.750 3705.980 63.000 3708.240 63.250 C3708.420 63.270 3708.580 63.360 3708.690 63.500 C3708.810 63.640 3708.860 63.820 3708.840 64.000 C3708.770 64.650 3708.690 65.310 3708.620 65.960 C3708.580 66.330 3708.240 66.600 3707.870 66.560 Z
rounded_rectangle	tool	M2890.712 4713.161 L2901.930 4705.250 C2904.217 4703.637 2907.380 4704.184 2908.993 4706.472 L2913.518 4712.889 C2915.131 4715.177 2914.584 4718.339 2912.297 4719.952 L2901.079 4727.862 C2898.791 4729.476 2895.629 4728.929 2894.016 4726.641 L2889.490 4720.223 C2887.877 4717.936 2888.424 4714.774 2890.712 4713.161 Z
rounded_rectangle	svg	M2259.620 161.000 L2668.340 311.750 C2678.030 315.330 2682.990 326.100 2679.420 335.790 C2668.810 364.540 2658.210 393.290 2647.610 422.030 C2644.030 431.730 2633.270 436.690 2623.570 433.120 C2487.330 382.870 2351.100 332.620 2214.860 282.370 C2210.200 280.650 2206.410 277.150 2204.330 272.640 C2202.260 268.130 2202.050 262.980 2203.770 258.330 C2214.370 229.580 2224.980 200.830 2235.580 172.090 C2237.300 167.430 2240.800 163.640 2245.310 161.560 C2249.810 159.490 2254.960 159.280 2259.620 161.000 Z
rounded_rectangle	tool	M4710.475 1989.281 L4318.235 2100.291 C4305.843 2103.798 4292.955 2096.595 4289.448 2084.204 L4256.956 1969.397 C4253.449 1957.005 4260.651 1944.117 4273.043 1940.610 L4665.282 1829.600 C4677.674 1826.093 4690.563 1833.295 4694.070 1845.687 L4726.562 1960.494 C4730.069 1972.885 4722.866 1985.774 4710.475 1989.281 Z
rounded_rectangle	svg	M4530.270 880.280 C4523.270 875.070 4516.280 869.860 4509.280 864.660 C4505.870 862.120 4503.610 858.340 4503.000 854.130 C4502.380 849.930 4503.460 845.650 4506.000 842.250 L4512.690 833.250 C4515.230 829.840 4519.010 827.580 4523.220 826.970 C4527.420 826.350 4531.690 827.430 4535.100 829.970 C4542.100 835.170 4549.090 840.380 4556.090 845.580 C4563.180 850.860 4564.650 860.900 4559.370 867.990 L4552.680 876.990 C4547.400 884.090 4537.360 885.560 4530.270 880.280 Z
rounded_rectangle	tool	M1751.950 59.085 L1926.833 125.777 C1995.728 152.050 2030.280 229.199 2004.007 298.095 L1992.760 327.588 C1966.486 396.483 1889.337 431.036 1820.442 404.762 L1645.559 338.071 C1576.664 311.798 1542.112 234.649 1568.385 165.753 L1579.632 136.260 C1605.906 67.364 1683.055 32.812 1751.950 59.085 Z
rounded_rectangle	svg	M3066.390 1585.900 L3328.560 1517.290 C3335.980 1515.350 3343.580 1519.790 3345.520 1527.220 C3348.360 1538.070 3351.200 1548.930 3354.050 1559.790 C3355.980 1567.210 3351.540 1574.800 3344.120 1576.740 L3081.950 1645.350 C3074.530 1647.290 3066.940 1642.860 3064.990 1635.440 L3056.470 1602.860 C3054.530 1595.440 3058.970 1587.850 3066.390 1585.900 Z
rounded_rectangle	tool	M3146.829 1318.778 L3147.064 1211.894 C3147.082 1203.606 3153.816 1196.902 3162.104 1196.920 L3247.577 1197.108 C3255.866 1197.126 3262.570 1203.860 3262.552 1212.148 L3262.317 1319.032 C3262.299 1327.320 3255.565 1334.024 3247.276 1334.006 L3161.803 1333.818 C3153.515 1333.800 3146.810 1327.066 3146.829 1318.778 Z
rounded_rectangle	svg	M3549.270 2647.380 C3550.660 2650.610 3552.050 2653.830 3553.440 2657.050 C3553.560 2657.330 3553.560 2657.650 3553.450 2657.930 C3553.340 2658.210 3553.120 2658.430 3552.840 2658.550 C3551.430 2659.160 3550.010 2659.770 3548.600 2660.380 C3548.320 2660.500 3548.010 2660.510 3547.720 2660.390 C3547.440 2660.280 3547.220 2660.060 3547.100 2659.790 C3545.710 2656.560 3544.320 2653.340 3542.930 2650.110 C3542.680 2649.530 3542.950 2648.860 3543.530 2648.610 C3544.940 2648.000 3546.360 2647.400 3547.770 2646.790 C3548.350 2646.540 3549.020 2646.800 3549.270 2647.380 Z
rounded_rectangle	tool	M280.360 4815.162 L151.686 4761.204 C147.255 4759.346 145.169 4754.247 147.027 4749.816 L159.428 4720.243 C161.287 4715.812 166.385 4713.726 170.816 4715.584 L299.490 4769.542 C303.921 4771.400 306.007 4776.498 304.149 4780.930 L291.748 4810.503 C289.890 4814.934 284.791 4817.020 280.360 4815.162 Z
rounded_rectangle	svg	M2409.620 1684.140 C2509.230 1641.060 2608.830 1597.980 2708.430 1554.890 C2758.280 1533.330 2816.180 1556.260 2837.740 1606.120 L2855.800 1647.880 C2877.360 1697.730 2854.430 1755.620 2804.580 1777.180 C2704.980 1820.260 2605.370 1863.350 2505.770 1906.430 C2455.920 1927.990 2398.030 1905.060 2376.460 1855.210 L2358.400 1813.450 C2336.840 1763.600 2359.770 1705.700 2409.620 1684.140 Z
rounded_rectangle	tool	M2614.651 3034.299 L2571.122 2998.034 C2565.392 2993.259 2564.616 2984.743 2569.391 2979.013 L2574.940 2972.353 C2579.714 2966.622 2588.230 2965.847 2593.961 2970.621 L2637.489 3006.887 C2643.220 3011.661 2643.995 3020.177 2639.221 3025.907 L2633.672 3032.568 C2628.897 3038.298 2620.381 3039.074 2614.651 3034.299 Z
rounded_rectangle	svg	M3082.570 2592.390 C3094.150 2569.630 3105.740 2546.870 3117.330 2524.110 C3123.210 2512.560 3137.340 2507.960 3148.880 2513.840 C3152.320 2515.590 3155.760 2517.340 3159.200 2519.100 C3170.750 2524.970 3175.350 2539.100 3169.470 2550.650 C3157.880 2573.410 3146.290 2596.170 3134.710 2618.930 C3128.830 2630.480 3114.700 2635.070 3103.150 2629.200 C3099.710 2627.440 3096.270 2625.690 3092.830 2623.940 C3081.290 2618.060 3076.690 2603.940 3082.570 2592.390 Z
rounded_rectangle	tool	M4858.691 3532.182 L4852.367 3521.162 C4850.654 3518.177 4851.686 3514.368 4854.671 3512.655 L4857.392 3511.093 C4860.378 3509.380 4864.187 3510.411 4865.900 3513.397 L4872.223 3524.416 C4873.936 3527.402 4872.905 3531.210 4869.920 3532.924 L4867.198 3534.485 C4864.213 3536.198 4860.404 3535.167 4858.691 3532.182 Z
rounded_rectangle	svg	M666.590 1965.430 C664.720 1969.260 662.840 1973.090 660.970 1976.930 C660.460 1977.960 659.220 1978.380 658.180 1977.880 C658.130 1977.860 658.080 1977.830 658.030 1977.810 C657.000 1977.300 656.570 1976.050 657.080 1975.020 C658.950 1971.190 660.830 1967.360 662.700 1963.530 C663.210 1962.500 664.450 1962.070 665.480 1962.580 C665.530 1962.600 665.580 1962.630 665.630 1962.650 C666.670 1963.160 667.090 1964.400 666.590 1965.430 Z
rounded_rectangle	tool	M835.657 2311.279 L611.060 1917.542 C598.259 1895.099 606.074 1866.528 628.517 1853.727 L645.722 1843.912 C668.165 1831.110 696.736 1838.926 709.538 1861.368 L934.134 2255.106 C946.936 2277.548 939.120 2306.120 916.678 2318.921 L899.472 2328.736 C877.029 2341.537 848.458 2333.722 835.657 2311.279 Z
rounded_rectangle	svg	M1992.320 876.670 C1991.990 871.360 1991.650 866.050 1991.310 860.730 C1991.250 859.810 1991.560 858.890 1992.180 858.200 C1992.790 857.500 1993.660 857.070 1994.590 857.020 C1995.080 856.980 1995.580 856.950 1996.080 856.920 C1997.010 856.860 1997.920 857.170 1998.620 857.790 C1999.320 858.400 1999.740 859.270 1999.800 860.200 C2000.140 865.510 2000.480 870.820 2000.810 876.130 C2000.870 877.060 2000.560 877.970 1999.940 878.670 C1999.330 879.370 1998.460 879.790 1997.540 879.850 C1997.040 879.880 1996.540 879.910 1996.040 879.950 C1995.110 880.000 1994.200 879.690 1993.500 879.080 C1992.810 878.460 1992.380 877.600 1992.320 876.670 Z
rounded_rectangle	tool	M1694.234 4269.128 L1700.030 4262.779 C1700.187 4262.608 1700.453 4262.595 1700.624 4262.752 L1701.463 4263.518 C1701.635 4263.675 1701.647 4263.940 1701.490 4264.112 L1695.695 4270.461 C1695.538 4270.632 1695.272 4270.645 1695.101 4270.488 L1694.262 4269.722 C1694.090 4269.565 1694.078 4269.300 1694.234 4269.128 Z
rounded_rectangle	svg	M806.810 2932.220 C812.160 3044.810 817.520 3157.410 822.870 3270.000 C825.550 3326.300 782.080 3374.120 725.780 3376.790 C667.910 3379.550 610.040 3382.300 552.170 3385.050 C495.860 3387.730 448.050 3344.260 445.370 3287.950 C440.020 3175.360 434.660 3062.770 429.310 2950.180 C426.630 2893.870 470.100 2846.060 526.410 2843.380 C584.280 2840.630 642.150 2837.880 700.010 2835.130 C756.320 2832.450 804.130 2875.920 806.810 2932.220 Z
rounded_rectangle	tool	M699.358 4877.357 L712.433 4863.394 C712.935 4862.859 713.775 4862.831 714.311 4863.333 L718.619 4867.367 C719.155 4867.868 719.182 4868.709 718.681 4869.244 L705.606 4883.207 C705.104 4883.742 704.263 4883.770 703.728 4883.269 L699.420 4879.234 C698.884 4878.733 698.857 4877.892 699.358 4877.357 Z
rounded_rectangle	svg	M1724.420 1457.270 C1711.190 1498.070 1697.970 1538.860 1684.740 1579.650 C1672.480 1617.470 1631.870 1638.190 1594.050 1625.930 C1590.460 1624.770 1586.880 1623.610 1583.290 1622.440 C1545.470 1610.180 1524.750 1569.580 1537.010 1531.760 C1550.230 1490.960 1563.460 1450.170 1576.680 1409.380 C1582.570 1391.210 1595.440 1376.130 1612.440 1367.450 C1629.450 1358.770 1649.210 1357.200 1667.380 1363.090 C1670.960 1364.260 1674.550 1365.420 1678.130 1366.580 C1696.290 1372.470 1711.380 1385.330 1720.060 1402.340 C1728.740 1419.350 1730.300 1439.110 1724.420 1457.270 Z
rounded_rectangle	tool	M2277.891 2597.122 L2432.714 3070.638 C2440.995 3095.966 2427.176 3123.213 2401.848 3131.494 L2245.428 3182.638 C2220.100 3190.919 2192.854 3177.100 2184.572 3151.772 L2029.749 2678.255 C2021.468 2652.927 2035.287 2625.681 2060.615 2617.399 L2217.035 2566.256 C2242.363 2557.974 2269.609 2571.793 2277.891 2597.122 Z
rounded_rectangle	svg	M1854.200 2985.350 C1853.520 2983.260 1852.850 2981.170 1852.170 2979.080 C1851.870 2978.150 1851.950 2977.140 1852.390 2976.270 C1852.840 2975.400 1853.610 2974.740 1854.540 2974.440 C1855.100 2974.250 1855.660 2974.070 1856.220 2973.890 C1857.140 2973.590 1858.160 2973.670 1859.030 2974.120 C1859.900 2974.560 1860.560 2975.330 1860.860 2976.260 C1861.530 2978.350 1862.210 2980.440 1862.890 2982.530 C1863.190 2983.460 1863.110 2984.470 1862.670 2985.340 C1862.220 2986.220 1861.450 2986.870 1860.520 2987.180 L1858.840 2987.720 C1857.910 2988.020 1856.900 2987.940 1856.030 2987.500 C1855.160 2987.050 1854.500 2986.280 1854.200 2985.350 Z
rounded_rectangle	tool	M3795.699 2494.422 L3787.571 2519.098 C3787.139 2520.412 3785.723 2521.126 3784.409 2520.693 L3782.540 2520.078 C3781.226 2519.645 3780.511 2518.229 3780.944 2516.915 L3789.072 2492.239 C3789.504 2490.925 3790.920 2490.211 3792.234 2490.644 L3794.103 2491.259 C3795.417 2491.692 3796.132 2493.108 3795.699 2494.422 Z
rounded_rectangle	svg	M4257.490 2776.420 C4274.040 2773.120 4290.590 2769.830 4307.140 2766.540 C4312.850 2765.400 4318.790 2766.580 4323.640 2769.820 C4328.480 2773.060 4331.840 2778.090 4332.980 2783.810 L4333.760 2787.710 C4334.900 2793.430 4333.710 2799.360 4330.480 2804.210 C4327.240 2809.050 4322.210 2812.420 4316.490 2813.550 C4299.940 2816.850 4283.390 2820.140 4266.840 2823.430 C4261.120 2824.570 4255.190 2823.390 4250.340 2820.150 C4245.500 2816.910 4242.130 2811.880 4241.000 2806.160 L4240.220 2802.260 C4237.850 2790.360 4245.580 2778.790 4257.490 2776.420 Z
rounded_rectangle	tool	M911.364 4552.355 L862.946 4564.493 C860.769 4565.039 858.562 4563.717 858.016 4561.540 L855.803 4552.711 C855.257 4550.534 856.579 4548.327 858.756 4547.781 L907.175 4535.643 C909.352 4535.097 911.559 4536.419 912.105 4538.596 L914.318 4547.425 C914.864 4549.602 913.541 4551.809 911.364 4552.355 Z
rounded_rectangle	svg	M2284.210 4180.260 C2281.770 4179.110 2279.320 4177.970 2276.880 4176.830 C2276.540 4176.670 2276.270 4176.380 2276.140 4176.020 C2276.010 4175.670 2276.030 4175.270 2276.190 4174.930 C2276.200 4174.920 2276.200 4174.910 2276.210 4174.900 C2276.370 4174.560 2276.660 4174.290 2277.010 4174.160 C2277.370 4174.030 2277.760 4174.050 2278.110 4174.210 C2280.550 4175.350 2282.990 4176.490 2285.430 4177.640 C2286.150 4177.970 2286.460 4178.820 2286.120 4179.540 C2286.120 4179.550 2286.110 4179.560 2286.110 4179.570 C2285.780 4180.280 2284.920 4180.590 2284.210 4180.260 Z
rounded_rectangle	tool	M1820.193 579.262 L1469.084 661.211 C1448.654 665.979 1428.226 653.283 1423.458 632.852 L1398.484 525.852 C1393.716 505.421 1406.412 484.994 1426.843 480.225 L1777.951 398.277 C1798.381 393.509 1818.809 406.205 1823.577 426.635 L1848.551 533.636 C1853.320 554.066 1840.623 574.494 1820.193 579.262 Z
rounded_rectangle	svg	M2837.000 3995.730 C2849.680 3993.960 2862.370 3992.190 2875.050 3990.420 C2876.170 3990.270 2877.300 3990.560 2878.210 3991.240 C2879.110 3991.920 2879.700 3992.930 2879.860 3994.050 C2879.920 3994.530 2879.990 3995.000 2880.060 3995.470 C2880.210 3996.590 2879.920 3997.730 2879.240 3998.630 C2878.550 3999.530 2877.540 4000.120 2876.420 4000.280 C2863.740 4002.050 2851.060 4003.820 2838.370 4005.580 C2836.040 4005.910 2833.890 4004.280 2833.570 4001.950 C2833.500 4001.480 2833.430 4001.010 2833.370 4000.530 C2833.040 3998.200 2834.670 3996.050 2837.000 3995.730 Z
rounded_rectangle	tool	M4080.678 1099.434 L4048.093 1537.311 C4046.351 1560.726 4025.956 1578.296 4002.540 1576.553 L3968.953 1574.054 C3945.537 1572.312 3927.967 1551.917 3929.710 1528.501 L3962.294 1090.625 C3964.037 1067.209 3984.432 1049.640 4007.847 1051.382 L4041.435 1053.882 C4064.850 1055.624 4082.420 1076.019 4080.678 1099.434 Z
rounded_rectangle	svg	M2887.170 3026.070 C2867.260 3046.590 2847.360 3067.110 2827.450 3087.640 C2822.870 3092.360 2816.600 3095.070 2810.020 3095.170 C2803.450 3095.270 2797.100 3092.750 2792.380 3088.170 L2773.390 3069.750 C2763.560 3060.210 2763.320 3044.510 2772.860 3034.680 C2792.760 3014.160 2812.670 2993.630 2832.580 2973.110 C2842.120 2963.280 2857.820 2963.040 2867.650 2972.580 L2886.640 2991.000 C2891.360 2995.580 2894.070 3001.850 2894.170 3008.420 C2894.270 3015.000 2891.750 3021.350 2887.170 3026.070 Z
rounded_rectangle	tool	M956.088 4986.081 L937.349 4995.063 C936.667 4995.390 935.848 4995.102 935.521 4994.419 L933.361 4989.914 C933.034 4989.231 933.322 4988.413 934.005 4988.085 L952.743 4979.104 C953.426 4978.777 954.244 4979.065 954.571 4979.747 L956.731 4984.253 C957.058 4984.936 956.770 4985.754 956.088 4986.081 Z
rounded_rectangle	svg	M3095.190 3547.240 C3034.970 3579.260 2974.750 3611.280 2914.540 3643.300 C2902.170 3649.880 2887.700 3651.270 2874.300 3647.180 C2860.910 3643.080 2849.690 3633.830 2843.110 3621.470 C2816.180 3570.810 2789.240 3520.150 2762.300 3469.500 C2748.610 3443.740 2758.390 3411.760 2784.140 3398.070 C2844.360 3366.050 2904.570 3334.030 2964.790 3302.010 C2990.540 3288.320 3022.520 3298.090 3036.210 3323.850 C3063.150 3374.500 3090.080 3425.160 3117.020 3475.820 C3130.710 3501.570 3120.940 3533.550 3095.190 3547.240 Z
rounded_rectangle	tool	M1458.360 3711.415 L1451.157 3796.261 C1450.438 3804.733 1442.987 3811.018 1434.515 3810.299 L1419.192 3808.998 C1410.720 3808.279 1404.435 3800.828 1405.154 3792.356 L1412.357 3707.510 C1413.076 3699.038 1420.527 3692.753 1429.000 3693.472 L1444.322 3694.773 C1452.795 3695.492 1459.080 3702.943 1458.360 3711.415 Z
rounded_rectangle	svg	M3341.970 214.720 C3338.020 213.410 3334.070 212.100 3330.110 210.790 C3329.250 210.510 3328.780 209.570 3329.060 208.710 C3329.480 207.440 3329.900 206.180 3330.320 204.910 C3330.610 204.040 3331.540 203.570 3332.410 203.860 L3344.260 207.790 C3345.130 208.070 3345.600 209.010 3345.310 209.870 C3344.900 211.140 3344.480 212.400 3344.060 213.670 C3343.770 214.540 3342.840 215.010 3341.970 214.720 Z
rounded_rectangle	tool	M1396.385 4106.277 L1398.262 4119.794 C1398.312 4120.150 1398.063 4120.479 1397.706 4120.528 L1395.940 4120.774 C1395.583 4120.823 1395.254 4120.575 1395.205 4120.218 L1393.328 4106.701 C1393.278 4106.345 1393.527 4106.016 1393.883 4105.967 L1395.650 4105.721 C1396.006 4105.672 1396.335 4105.921 1396.385 4106.277 Z
rounded_rectangle	svg	M2783.390 3699.520 L2789.360 3692.260 C2789.500 3692.100 2789.740 3692.070 2789.910 3692.210 C2790.470 3692.670 2791.040 3693.140 2791.600 3693.600 C2791.770 3693.740 2791.790 3693.980 2791.660 3694.150 C2789.670 3696.570 2787.670 3698.990 2785.680 3701.410 C2785.620 3701.490 2785.520 3701.540 2785.420 3701.550 C2785.320 3701.560 2785.220 3701.530 2785.140 3701.460 C2784.570 3701.000 2784.010 3700.530 2783.440 3700.070 C2783.280 3699.930 2783.250 3699.690 2783.390 3699.520 Z
rounded_rectangle	tool	M3434.591 475.910 L3488.441 418.065 C3491.528 414.750 3496.717 414.564 3500.032 417.651 L3509.240 426.222 C3512.555 429.308 3512.740 434.498 3509.654 437.813 L3455.804 495.658 C3452.718 498.973 3447.528 499.159 3444.213 496.073 L3435.006 487.501 C3431.690 484.415 3431.505 479.225 3434.591 475.910 Z
rounded_rectangle	svg	M639.790 2792.880 C622.210 2820.460 604.620 2848.030 587.040 2875.600 C582.360 2882.950 572.610 2885.100 565.270 2880.420 C561.800 2878.210 558.320 2875.990 554.850 2873.780 C547.510 2869.100 545.350 2859.350 550.030 2852.010 C567.610 2824.430 585.200 2796.860 602.780 2769.290 C607.460 2761.940 617.210 2759.790 624.550 2764.470 C628.020 2766.680 631.500 2768.900 634.970 2771.110 C642.310 2775.790 644.470 2785.540 639.790 2792.880 Z
rounded_rectangle	tool	M2271.036 119.962 L2281.414 125.646 C2281.639 125.770 2281.722 126.053 2281.599 126.279 L2280.313 128.625 C2280.190 128.851 2279.907 128.934 2279.681 128.810 L2269.303 123.126 C2269.077 123.003 2268.994 122.720 2269.118 122.494 L2270.403 120.147 C2270.527 119.922 2270.810 119.839 2271.036 119.962 Z
rounded_rectangle	svg	M3029.180 2821.700 C2989.410 2915.170 2949.630 3008.650 2909.850 3102.120 C2906.610 3109.750 2900.460 3115.780 2892.770 3118.880 C2885.070 3121.980 2876.460 3121.900 2868.830 3118.650 C2861.330 3115.460 2853.820 3112.260 2846.320 3109.070 C2838.680 3105.820 2832.660 3099.680 2829.560 3091.980 C2826.460 3084.290 2826.540 3075.680 2829.790 3068.050 C2869.560 2974.580 2909.340 2881.100 2949.120 2787.630 C2952.360 2780.000 2958.510 2773.970 2966.200 2770.870 C2973.900 2767.770 2982.500 2767.850 2990.140 2771.100 C2997.640 2774.290 3005.150 2777.490 3012.650 2780.680 C3028.540 2787.440 3035.950 2805.810 3029.180 2821.700 Z
rounded_rectangle	tool	M190.927 4244.625 L193.491 4237.925 C194.112 4236.303 195.930 4235.492 197.551 4236.112 L201.194 4237.506 C202.816 4238.127 203.627 4239.945 203.006 4241.566 L200.442 4248.266 C199.822 4249.888 198.004 4250.700 196.382 4250.079 L192.740 4248.685 C191.118 4248.065 190.307 4246.247 190.927 4244.625 Z
rounded_rectangle	svg	M540.190 1872.710 C544.030 1877.600 547.870 1882.500 551.710 1887.400 C552.440 1888.340 552.280 1889.690 551.340 1890.430 C550.830 1890.820 550.330 1891.220 549.830 1891.610 C548.890 1892.350 547.530 1892.180 546.800 1891.240 C542.960 1886.350 539.120 1881.450 535.280 1876.550 C534.550 1875.620 534.710 1874.260 535.650 1873.520 C536.150 1873.130 536.660 1872.730 537.160 1872.340 C537.610 1871.990 538.180 1871.830 538.750 1871.900 C539.320 1871.960 539.840 1872.260 540.190 1872.710 Z
rounded_rectangle	tool	M4564.491 4726.880 L4534.110 4713.036 C4533.116 4712.583 4532.678 4711.410 4533.131 4710.416 L4534.688 4706.999 C4535.141 4706.005 4536.313 4705.566 4537.307 4706.019 L4567.688 4719.864 C4568.682 4720.317 4569.120 4721.490 4568.667 4722.484 L4567.110 4725.901 C4566.657 4726.895 4565.484 4727.333 4564.491 4726.880 Z
rounded_rectangle	svg	M543.740 2545.950 C578.390 2533.160 613.030 2520.380 647.670 2507.590 C653.110 2505.580 659.130 2505.820 664.390 2508.240 C669.660 2510.670 673.740 2515.090 675.750 2520.530 C678.220 2527.230 680.700 2533.920 683.170 2540.620 C685.180 2546.060 684.940 2552.070 682.510 2557.340 C680.090 2562.610 675.670 2566.690 670.230 2568.700 C635.590 2581.490 600.940 2594.270 566.300 2607.060 C560.860 2609.070 554.850 2608.830 549.580 2606.410 C544.310 2603.980 540.230 2599.560 538.220 2594.120 C535.750 2587.420 533.280 2580.730 530.800 2574.030 C528.800 2568.590 529.030 2562.580 531.460 2557.310 C533.890 2552.040 538.300 2547.960 543.740 2545.950 Z
rounded_rectangle	tool	M3480.847 146.012 L3489.637 143.972 C3489.955 143.899 3490.272 144.096 3490.345 144.413 L3491.038 147.397 C3491.111 147.714 3490.914 148.031 3490.596 148.105 L3481.807 150.145 C3481.489 150.218 3481.172 150.021 3481.099 149.703 L3480.406 146.720 C3480.333 146.403 3480.530 146.086 3480.847 146.012 Z
rounded_rectangle	svg	M4030.120 2421.760 C4054.830 2405.540 4079.540 2389.330 4104.250 2373.110 C4106.600 2371.570 4109.760 2372.220 4111.300 2374.580 L4119.730 2387.420 C4121.270 2389.770 4120.620 2392.930 4118.270 2394.470 C4093.560 2410.680 4068.850 2426.900 4044.140 2443.110 C4041.780 2444.660 4038.630 2444.000 4037.080 2441.650 C4034.280 2437.370 4031.470 2433.090 4028.660 2428.810 C4027.110 2426.460 4027.770 2423.300 4030.120 2421.760 Z
rounded_rectangle	tool	M3850.933 4285.320 L3844.621 4295.913 C3844.131 4296.735 3843.066 4297.005 3842.244 4296.515 L3842.027 4296.385 C3841.204 4295.895 3840.935 4294.831 3841.425 4294.008 L3847.737 4283.415 C3848.227 4282.593 3849.291 4282.323 3850.114 4282.814 L3850.331 4282.943 C3851.154 4283.433 3851.423 4284.497 3850.933 4285.320 Z
rounded_rectangle	svg	M3978.650 2278.210 C3974.720 2280.330 3970.780 2282.440 3966.850 2284.560 C3966.240 2284.890 3965.480 2284.660 3965.150 2284.050 C3964.830 2283.440 3964.500 2282.840 3964.180 2282.230 C3963.850 2281.620 3964.080 2280.860 3964.690 2280.540 C3968.620 2278.420 3972.550 2276.300 3976.480 2274.190 C3976.780 2274.030 3977.120 2274.000 3977.440 2274.090 C3977.760 2274.190 3978.020 2274.410 3978.180 2274.700 C3978.510 2275.300 3978.830 2275.910 3979.160 2276.510 C3979.320 2276.810 3979.350 2277.150 3979.250 2277.470 C3979.160 2277.780 3978.940 2278.050 3978.650 2278.210 Z
rounded_rectangle	tool	M502.146 2490.609 L314.935 2665.867 C297.544 2682.148 270.248 2681.248 253.968 2663.857 L120.056 2520.812 C103.775 2503.421 104.675 2476.125 122.066 2459.844 L309.277 2284.586 C326.668 2268.305 353.964 2269.205 370.245 2286.596 L504.157 2429.641 C520.437 2447.032 519.537 2474.328 502.146 2490.609 Z
rounded_rectangle	svg	M330.460 2077.890 C338.130 2077.240 345.800 2076.590 353.460 2075.940 C354.310 2075.870 355.150 2076.130 355.800 2076.680 C356.440 2077.230 356.850 2078.010 356.920 2078.860 C357.030 2080.120 357.130 2081.380 357.240 2082.640 C357.310 2083.490 357.050 2084.320 356.500 2084.970 C355.950 2085.620 355.170 2086.030 354.320 2086.100 C346.660 2086.750 338.990 2087.390 331.320 2088.040 C330.480 2088.120 329.640 2087.850 328.990 2087.300 C328.340 2086.750 327.940 2085.970 327.870 2085.130 C327.760 2083.860 327.650 2082.600 327.550 2081.340 C327.480 2080.500 327.740 2079.660 328.290 2079.010 C328.840 2078.360 329.620 2077.960 330.460 2077.890 Z
rounded_rectangle	tool	M2589.603 35.819 L2563.283 37.883 C2562.303 37.960 2561.446 37.228 2561.370 36.248 L2561.146 33.397 C2561.069 32.417 2561.801 31.561 2562.781 31.484 L2589.102 29.420 C2590.082 29.343 2590.938 30.075 2591.015 31.055 L2591.239 33.905 C2591.316 34.885 2590.583 35.742 2589.603 35.819 Z
rounded_rectangle	svg	M1824.610 4619.830 C1827.240 4543.070 1829.880 4466.300 1832.510 4389.540 C1832.710 4383.610 1835.260 4378.010 1839.600 4373.960 C1843.930 4369.910 1849.690 4367.750 1855.620 4367.960 C1863.450 4368.230 1871.280 4368.490 1879.100 4368.760 C1885.030 4368.970 1890.640 4371.510 1894.690 4375.850 C1898.730 4380.190 1900.890 4385.950 1900.690 4391.880 C1898.050 4468.640 1895.420 4545.410 1892.780 4622.170 C1892.580 4628.090 1890.030 4633.700 1885.690 4637.740 C1881.360 4641.790 1875.590 4643.950 1869.670 4643.740 C1861.840 4643.480 1854.010 4643.210 1846.180 4642.940 C1833.840 4642.510 1824.180 4632.170 1824.610 4619.830 Z
rounded_rectangle	tool	M980.230 1668.240 L1060.931 1893.332 C1064.547 1903.420 1059.301 1914.530 1049.213 1918.147 L1010.039 1932.192 C999.951 1935.809 988.841 1930.563 985.224 1920.475 L904.523 1695.383 C900.906 1685.295 906.152 1674.185 916.240 1670.568 L955.415 1656.523 C965.503 1652.906 976.613 1658.152 980.230 1668.240 Z
rounded_rectangle	svg	M23.210 3581.960 C-18.050 3517.140 -59.300 3452.310 -100.560 3387.490 C-117.230 3361.300 -109.510 3326.550 -83.320 3309.880 C-69.700 3301.210 -56.070 3292.540 -42.450 3283.870 C-29.870 3275.860 -14.630 3273.180 -0.070 3276.410 C14.480 3279.640 27.160 3288.520 35.170 3301.100 C76.420 3365.930 117.680 3430.750 158.940 3495.580 C166.950 3508.160 169.630 3523.400 166.390 3537.960 C163.160 3552.510 154.270 3565.180 141.690 3573.190 C128.060 3581.860 114.440 3590.530 100.820 3599.200 C74.630 3615.870 39.880 3608.150 23.210 3581.960 Z
rounded_rectangle	tool	M4914.842 2502.685 L5024.308 2663.515 C5045.707 2694.954 5037.568 2737.788 5006.128 2759.187 L4986.747 2772.379 C4955.308 2793.778 4912.474 2785.638 4891.075 2754.199 L4781.608 2593.369 C4760.209 2561.929 4768.349 2519.096 4799.788 2497.697 L4819.169 2484.505 C4850.609 2463.106 4893.443 2471.246 4914.842 2502.685 Z
rounded_rectangle	svg	M1758.950 4489.820 C1744.340 4489.950 1729.720 4490.080 1715.110 4490.210 C1711.960 4490.230 1709.390 4487.700 1709.360 4484.560 C1709.340 4482.420 1709.330 4480.280 1709.310 4478.140 C1709.280 4474.990 1711.810 4472.420 1714.950 4472.390 C1729.570 4472.260 1744.180 4472.140 1758.790 4472.010 C1760.300 4472.000 1761.760 4472.580 1762.840 4473.640 C1763.920 4474.700 1764.530 4476.150 1764.540 4477.660 C1764.560 4479.800 1764.580 4481.940 1764.600 4484.070 C1764.610 4485.590 1764.020 4487.040 1762.960 4488.120 C1761.900 4489.200 1760.460 4489.810 1758.950 4489.820 Z
rounded_rectangle	tool	M4804.325 3348.189 L4812.193 3321.443 C4812.767 3319.492 4814.814 3318.375 4816.765 3318.949 L4819.079 3319.630 C4821.030 3320.204 4822.146 3322.251 4821.572 3324.202 L4813.704 3350.948 C4813.131 3352.899 4811.084 3354.015 4809.133 3353.441 L4806.819 3352.760 C4804.868 3352.187 4803.751 3350.140 4804.325 3348.189 Z
rounded_rectangle	svg	M2463.590 1684.840 C2467.840 1695.170 2472.090 1705.500 2476.330 1715.830 C2477.120 1717.740 2477.110 1719.880 2476.320 1721.790 C2475.520 1723.690 2474.000 1725.200 2472.090 1725.990 L2465.970 1728.510 C2462.000 1730.140 2457.450 1728.240 2455.810 1724.270 C2451.570 1713.940 2447.320 1703.610 2443.070 1693.280 C2441.440 1689.300 2443.330 1684.760 2447.310 1683.120 L2453.430 1680.600 C2457.410 1678.970 2461.960 1680.870 2463.590 1684.840 Z
rounded_rectangle	tool	M2634.811 2928.299 L2615.296 2929.100 C2606.679 2929.454 2599.406 2922.755 2599.053 2914.137 L2598.875 2909.820 C2598.522 2901.203 2605.221 2893.930 2613.838 2893.576 L2633.352 2892.775 C2641.970 2892.421 2649.242 2899.120 2649.596 2907.738 L2649.773 2912.055 C2650.127 2920.672 2643.428 2927.945 2634.811 2928.299 Z
rounded_rectangle	svg	M3654.960 2949.860 C3630.520 2942.170 3606.080 2934.480 3581.650 2926.790 C3580.760 2926.510 3580.010 2925.880 3579.580 2925.060 C3579.150 2924.230 3579.070 2923.260 3579.350 2922.370 C3580.550 2918.570 3581.740 2914.760 3582.940 2910.950 C3583.530 2909.100 3585.500 2908.070 3587.360 2908.650 C3611.790 2916.340 3636.230 2924.040 3660.670 2931.730 C3662.520 2932.310 3663.550 2934.290 3662.970 2936.140 C3661.770 2939.950 3660.570 2943.760 3659.370 2947.560 C3658.790 2949.420 3656.810 2950.450 3654.960 2949.860 Z
rounded_rectangle	tool	M4706.676 3839.520 L4679.006 3827.272 C4678.128 3826.883 4677.730 3825.855 4678.119 3824.976 L4680.020 3820.683 C4680.409 3819.804 4681.437 3819.407 4682.315 3819.796 L4709.985 3832.044 C4710.863 3832.433 4711.260 3833.461 4710.871 3834.339 L4708.971 3838.633 C4708.582 3839.511 4707.554 3839.908 4706.676 3839.520 Z
rounded_rectangle	svg	M1574.270 1836.900 C1537.830 1824.600 1501.380 1812.310 1464.940 1800.020 C1457.640 1797.550 1453.730 1789.640 1456.190 1782.340 C1458.910 1774.290 1461.620 1766.230 1464.340 1758.170 C1466.800 1750.880 1474.710 1746.960 1482.010 1749.420 C1518.450 1761.710 1554.900 1774.000 1591.340 1786.300 C1598.640 1788.760 1602.560 1796.670 1600.100 1803.970 C1597.380 1812.020 1594.670 1820.080 1591.950 1828.130 C1590.770 1831.640 1588.240 1834.530 1584.920 1836.180 C1581.610 1837.820 1577.780 1838.080 1574.270 1836.900 Z
rounded_rectangle	tool	M2291.919 4263.435 L2355.082 3791.344 C2357.493 3773.321 2374.058 3760.666 2392.080 3763.077 L2525.207 3780.889 C2543.229 3783.300 2555.884 3799.865 2553.473 3817.887 L2490.310 4289.978 C2487.899 4308.001 2471.334 4320.656 2453.312 4318.245 L2320.185 4300.433 C2302.163 4298.022 2289.507 4281.457 2291.919 4263.435 Z
rounded_rectangle	svg	M1999.760 1765.740 C1957.620 1753.720 1915.480 1741.700 1873.340 1729.670 C1871.230 1729.070 1869.450 1727.660 1868.380 1725.740 C1867.320 1723.820 1867.060 1721.560 1867.660 1719.450 C1869.730 1712.180 1871.800 1704.920 1873.880 1697.650 C1874.480 1695.540 1875.890 1693.760 1877.810 1692.690 C1879.730 1691.630 1881.990 1691.370 1884.100 1691.970 L2010.520 1728.030 C2012.630 1728.640 2014.410 1730.050 2015.480 1731.970 C2016.550 1733.890 2016.810 1736.150 2016.200 1738.260 C2014.130 1745.520 2012.060 1752.790 2009.990 1760.050 C2009.380 1762.160 2007.970 1763.950 2006.050 1765.020 C2004.130 1766.080 2001.870 1766.340 1999.760 1765.740 Z
rounded_rectangle	tool	M2597.106 3428.683 L2679.936 3431.388 C2684.508 3431.537 2688.093 3435.365 2687.944 3439.936 L2687.247 3461.286 C2687.097 3465.857 2683.270 3469.442 2678.699 3469.293 L2595.868 3466.588 C2591.297 3466.439 2587.712 3462.612 2587.861 3458.040 L2588.558 3436.691 C2588.707 3432.119 2592.535 3428.534 2597.106 3428.683 Z
rounded_rectangle	svg	M485.690 106.860 C487.200 102.370 488.700 97.880 490.210 93.400 C490.860 91.440 492.980 90.390 494.930 91.040 C495.330 91.180 495.740 91.310 496.140 91.450 C497.080 91.760 497.860 92.440 498.300 93.330 C498.740 94.210 498.810 95.240 498.500 96.170 C496.990 100.660 495.490 105.150 493.980 109.640 C493.670 110.580 492.990 111.350 492.110 111.800 C491.220 112.240 490.200 112.310 489.260 111.990 C488.850 111.860 488.450 111.720 488.040 111.590 C486.090 110.930 485.040 108.820 485.690 106.860 Z
rounded_rectangle	tool	M3276.363 3833.633 L3290.553 3843.045 C3291.625 3843.756 3291.917 3845.202 3291.206 3846.274 L3291.048 3846.512 C3290.337 3847.583 3288.892 3847.876 3287.820 3847.165 L3273.631 3837.753 C3272.559 3837.042 3272.266 3835.596 3272.977 3834.524 L3273.135 3834.286 C3273.846 3833.215 3275.291 3832.922 3276.363 3833.633 Z
rounded_rectangle	svg	M1388.540 1075.990 C1390.480 1088.510 1392.430 1101.030 1394.370 1113.550 C1394.630 1115.250 1394.210 1116.990 1393.190 1118.390 C1392.170 1119.780 1390.640 1120.710 1388.930 1120.970 C1383.200 1121.860 1377.460 1122.750 1371.720 1123.640 C1370.020 1123.910 1368.280 1123.480 1366.890 1122.460 C1365.490 1121.440 1364.560 1119.910 1364.300 1118.210 L1358.480 1080.650 C1358.210 1078.950 1358.640 1077.210 1359.650 1075.820 C1360.670 1074.420 1362.200 1073.490 1363.910 1073.230 C1369.650 1072.340 1375.380 1071.450 1381.120 1070.560 C1384.670 1070.010 1387.990 1072.440 1388.540 1075.990 Z
rounded_rectangle	tool	M2062.979 2858.356 L2029.629 2814.194 C2024.730 2807.706 2026.018 2798.475 2032.505 2793.576 L2074.490 2761.870 C2080.978 2756.971 2090.209 2758.258 2095.108 2764.746 L2128.458 2808.908 C2133.357 2815.396 2132.070 2824.627 2125.582 2829.526 L2083.597 2861.232 C2077.109 2866.131 2067.878 2864.843 2062.979 2858.356 Z
rounded_rectangle	svg	M2011.860 2571.240 C2013.270 2546.290 2014.680 2521.350 2016.090 2496.410 C2016.240 2493.760 2018.510 2491.730 2021.170 2491.880 C2023.960 2492.040 2026.760 2492.200 2029.560 2492.350 C2032.210 2492.500 2034.240 2494.780 2034.090 2497.430 L2029.860 2572.250 C2029.710 2574.910 2027.430 2576.940 2024.780 2576.790 C2021.980 2576.630 2019.190 2576.470 2016.390 2576.310 C2013.740 2576.160 2011.710 2573.890 2011.860 2571.240 Z
rounded_rectangle	tool	M1146.882 1486.173 L1286.099 1437.328 C1297.782 1433.229 1310.575 1439.377 1314.674 1451.060 L1327.582 1487.848 C1331.681 1499.531 1325.533 1512.325 1313.850 1516.424 L1174.633 1565.269 C1162.950 1569.368 1150.156 1563.220 1146.057 1551.537 L1133.150 1514.749 C1129.051 1503.066 1135.199 1490.272 1146.882 1486.173 Z
rounded_rectangle	svg	M1099.840 -2.740 C1095.630 52.240 1091.420 107.230 1087.210 162.210 C1085.610 182.990 1067.480 198.540 1046.700 196.950 C995.550 193.030 944.400 189.120 893.250 185.200 C872.470 183.610 856.910 165.470 858.500 144.700 C862.710 89.710 866.920 34.730 871.140 -20.250 C872.730 -41.030 890.860 -56.590 911.640 -55.000 C962.790 -51.080 1013.940 -47.160 1065.090 -43.250 C1085.870 -41.660 1101.430 -23.520 1099.840 -2.740 Z
rounded_rectangle	tool	M904.354 3604.875 L901.559 3407.374 C901.083 3373.726 927.974 3346.062 961.622 3345.586 L993.132 3345.140 C1026.781 3344.664 1054.444 3371.555 1054.920 3405.203 L1057.715 3602.705 C1058.192 3636.353 1031.300 3664.016 997.652 3664.493 L966.142 3664.938 C932.494 3665.415 904.830 3638.523 904.354 3604.875 Z
rounded_rectangle	svg	M1087.560 4323.140 C1090.580 4319.340 1093.590 4315.550 1096.610 4311.750 C1098.470 4309.410 1101.880 4309.020 1104.220 4310.880 C1104.820 4311.350 1105.410 4311.820 1106.000 4312.290 C1108.340 4314.160 1108.730 4317.560 1106.870 4319.910 C1103.850 4323.700 1100.840 4327.500 1097.820 4331.290 C1095.960 4333.640 1092.550 4334.030 1090.210 4332.160 C1089.620 4331.690 1089.020 4331.220 1088.430 4330.750 C1086.090 4328.890 1085.700 4325.480 1087.560 4323.140 Z
rounded_rectangle	tool	M76.721 4407.880 L98.592 4535.671 C99.021 4538.174 97.339 4540.551 94.835 4540.980 L75.587 4544.274 C73.084 4544.702 70.707 4543.020 70.279 4540.517 L48.407 4412.726 C47.979 4410.223 49.661 4407.846 52.164 4407.418 L71.412 4404.123 C73.916 4403.695 76.292 4405.377 76.721 4407.880 Z
rounded_rectangle	svg	M2733.490 1305.330 C2731.800 1317.720 2730.110 1330.100 2728.430 1342.480 C2728.300 1343.420 2727.800 1344.280 2727.040 1344.860 C2726.280 1345.440 2725.320 1345.690 2724.370 1345.560 C2720.660 1345.050 2716.940 1344.550 2713.230 1344.040 C2712.280 1343.910 2711.430 1343.410 2710.850 1342.650 C2710.270 1341.890 2710.020 1340.930 2710.150 1339.990 C2711.840 1327.610 2713.520 1315.230 2715.210 1302.840 C2715.340 1301.900 2715.840 1301.040 2716.600 1300.460 C2717.360 1299.890 2718.320 1299.630 2719.260 1299.760 C2722.980 1300.270 2726.690 1300.770 2730.400 1301.280 C2732.370 1301.550 2733.750 1303.360 2733.490 1305.330 Z
rounded_rectangle	tool	M3078.475 3224.772 L2965.811 3319.768 C2954.184 3329.572 2936.809 3328.094 2927.005 3316.466 L2923.499 3312.308 C2913.694 3300.680 2915.173 3283.306 2926.800 3273.501 L3039.464 3178.505 C3051.092 3168.701 3068.466 3170.179 3078.271 3181.807 L3081.777 3185.965 C3091.581 3197.593 3090.103 3214.967 3078.475 3224.772 Z
rounded_rectangle	svg	M425.220 862.850 C428.310 857.480 431.410 852.110 434.500 846.750 C435.060 845.780 435.970 845.080 437.050 844.790 C438.120 844.500 439.260 844.650 440.230 845.210 C441.490 845.940 442.760 846.670 444.020 847.400 C444.980 847.950 445.690 848.870 445.980 849.940 C446.260 851.020 446.110 852.160 445.560 853.120 C442.460 858.490 439.370 863.860 436.270 869.220 C435.720 870.190 434.800 870.890 433.730 871.180 C432.660 871.460 431.510 871.310 430.550 870.760 C429.290 870.030 428.020 869.300 426.760 868.570 C424.750 867.420 424.060 864.850 425.220 862.850 Z
rounded_rectangle	tool	M473.176 4393.721 L501.956 4540.307 C503.710 4549.240 497.891 4557.904 488.957 4559.658 L440.907 4569.092 C431.974 4570.846 423.311 4565.026 421.557 4556.093 L392.776 4409.507 C391.022 4400.573 396.842 4391.910 405.775 4390.156 L453.825 4380.722 C462.758 4378.968 471.422 4384.788 473.176 4393.721 Z
rounded_rectangle	svg	M1218.310 4856.990 C1208.720 4858.210 1199.130 4859.430 1189.550 4860.650 C1187.260 4860.940 1184.950 4860.310 1183.120 4858.900 C1181.300 4857.490 1180.110 4855.410 1179.820 4853.120 L1179.370 4849.640 C1179.080 4847.350 1179.710 4845.040 1181.130 4843.210 C1182.540 4841.390 1184.620 4840.200 1186.900 4839.910 L1215.670 4836.250 C1220.440 4835.640 1224.800 4839.010 1225.400 4843.780 C1225.550 4844.940 1225.700 4846.100 1225.840 4847.260 C1226.450 4852.020 1223.080 4856.380 1218.310 4856.990 Z
rounded_rectangle	tool	M3989.205 1428.195 L4002.078 1348.599 C4002.833 1343.934 4007.227 1340.763 4011.892 1341.518 L4017.943 1342.496 C4022.608 1343.251 4025.779 1347.645 4025.024 1352.310 L4012.151 1431.906 C4011.397 1436.572 4007.003 1439.742 4002.338 1438.988 L3996.287 1438.009 C3991.621 1437.255 3988.451 1432.861 3989.205 1428.195 Z
rounded_rectangle	svg	M1758.270 3370.390 C1744.900 3249.990 1731.530 3129.580 1718.160 3009.180 C1715.200 2982.480 1734.440 2958.430 1761.140 2955.470 C1786.140 2952.690 1811.140 2949.920 1836.140 2947.140 C1862.840 2944.180 1886.890 2963.410 1889.860 2990.110 C1903.230 3110.520 1916.600 3230.920 1929.970 3351.330 C1931.390 3364.150 1927.660 3377.010 1919.610 3387.090 C1911.550 3397.160 1899.810 3403.620 1886.990 3405.040 C1861.990 3407.820 1836.990 3410.590 1811.990 3413.370 C1799.160 3414.790 1786.300 3411.070 1776.230 3403.010 C1766.150 3394.950 1759.700 3383.220 1758.270 3370.390 Z
rounded_rectangle	tool	M1071.995 1816.748 L1083.840 1814.381 C1085.916 1813.966 1087.935 1815.312 1088.350 1817.389 L1090.054 1825.913 C1090.469 1827.989 1089.123 1830.008 1087.046 1830.423 L1075.202 1832.791 C1073.125 1833.206 1071.106 1831.859 1070.691 1829.783 L1068.987 1821.259 C1068.572 1819.183 1069.919 1817.163 1071.995 1816.748 Z
rounded_rectangle	svg	M1769.310 2507.590 C1767.320 2487.480 1765.340 2467.380 1763.350 2447.270 C1758.960 2402.910 1772.380 2358.630 1800.650 2324.160 C1828.920 2289.690 1869.720 2267.860 1914.080 2263.480 C1930.050 2261.900 1946.020 2260.320 1961.990 2258.750 C2006.350 2254.360 2050.640 2267.780 2085.110 2296.050 C2119.580 2324.320 2141.400 2365.120 2145.780 2409.480 C2147.770 2429.590 2149.760 2449.690 2151.750 2469.800 C2156.130 2514.160 2142.710 2558.440 2114.440 2592.910 C2086.170 2627.380 2045.370 2649.210 2001.010 2653.590 C1985.040 2655.170 1969.070 2656.740 1953.100 2658.320 C1860.730 2667.450 1778.440 2599.970 1769.310 2507.590 Z
rounded_rectangle	tool	M4699.888 2052.608 L4693.692 2048.080 C4692.123 2046.934 4691.781 2044.734 4692.927 2043.166 L4696.641 2038.082 C4697.787 2036.514 4699.987 2036.172 4701.555 2037.318 L4707.752 2041.845 C4709.320 2042.991 4709.662 2045.191 4708.517 2046.759 L4704.802 2051.843 C4703.656 2053.411 4701.456 2053.754 4699.888 2052.608 Z
rounded_rectangle	svg	M1152.330 2859.830 C1155.870 2862.180 1159.410 2864.520 1162.950 2866.860 C1163.600 2867.290 1163.780 2868.170 1163.350 2868.820 C1163.090 2869.210 1162.830 2869.600 1162.580 2869.990 C1162.150 2870.640 1161.270 2870.820 1160.620 2870.390 C1157.080 2868.040 1153.540 2865.700 1149.990 2863.360 C1149.680 2863.150 1149.460 2862.830 1149.390 2862.460 C1149.310 2862.090 1149.390 2861.710 1149.600 2861.400 C1149.850 2861.010 1150.110 2860.620 1150.370 2860.230 C1150.570 2859.920 1150.900 2859.700 1151.260 2859.630 C1151.630 2859.550 1152.010 2859.630 1152.330 2859.830 Z
rounded_rectangle	tool	M3218.054 2307.277 L3348.757 2505.731 C3357.731 2519.357 3353.960 2537.678 3340.334 2546.652 L3327.556 2555.067 C3313.930 2564.041 3295.609 2560.270 3286.635 2546.644 L3155.933 2348.190 C3146.959 2334.564 3150.730 2316.243 3164.356 2307.269 L3177.133 2298.854 C3190.759 2289.879 3209.080 2293.651 3218.054 2307.277 Z
rounded_rectangle	svg	M4809.450 787.510 C4873.570 825.720 4937.700 863.930 5001.830 902.150 C5038.400 923.940 5050.380 971.260 5028.590 1007.840 C5027.720 1009.300 5026.840 1010.760 5025.970 1012.230 C5004.180 1048.800 4956.860 1060.780 4920.280 1038.990 C4856.160 1000.780 4792.030 962.560 4727.900 924.350 C4710.340 913.880 4697.650 896.870 4692.630 877.050 C4687.610 857.230 4690.670 836.220 4701.140 818.660 C4702.010 817.200 4702.890 815.730 4703.760 814.270 C4714.220 796.700 4731.240 784.020 4751.060 779.000 C4770.880 773.980 4791.880 777.040 4809.450 787.510 Z
rounded_rectangle	tool	M3086.579 1300.823 L3097.684 1342.195 C3100.630 1353.171 3094.120 1364.457 3083.144 1367.404 L3052.410 1375.652 C3041.434 1378.599 3030.148 1372.089 3027.202 1361.112 L3016.097 1319.740 C3013.151 1308.764 3019.661 1297.478 3030.637 1294.532 L3061.371 1286.283 C3072.347 1283.337 3083.633 1289.846 3086.579 1300.823 Z
rounded_rectangle	svg	M1309.290 4274.570 C1328.510 4281.390 1347.720 4288.220 1366.940 4295.050 C1368.660 4295.670 1369.560 4297.560 1368.950 4299.290 C1367.520 4303.330 1366.080 4307.370 1364.640 4311.410 C1364.350 4312.240 1363.740 4312.920 1362.940 4313.300 C1362.150 4313.670 1361.240 4313.720 1360.410 4313.430 C1341.190 4306.600 1321.980 4299.770 1302.760 4292.940 C1301.930 4292.650 1301.250 4292.030 1300.880 4291.240 C1300.500 4290.450 1300.450 4289.530 1300.750 4288.710 C1302.180 4284.660 1303.620 4280.620 1305.060 4276.580 C1305.670 4274.850 1307.560 4273.950 1309.290 4274.570 Z
rounded_rectangle	tool	M1060.401 503.135 L1067.673 504.269 C1068.834 504.450 1069.628 505.537 1069.447 506.698 L1069.344 507.354 C1069.163 508.514 1068.076 509.308 1066.916 509.127 L1059.643 507.993 C1058.483 507.812 1057.689 506.725 1057.870 505.565 L1057.973 504.908 C1058.154 503.748 1059.241 502.954 1060.401 503.135 Z
rounded_rectangle	svg	M2451.410 1823.860 C2487.880 1814.070 2524.340 1804.290 2560.800 1794.500 C2564.850 1793.410 2569.010 1795.820 2570.100 1799.860 C2572.470 1808.700 2574.840 1817.540 2577.220 1826.370 C2578.300 1830.420 2575.900 1834.580 2571.850 1835.670 C2535.390 1845.460 2498.930 1855.240 2462.460 1865.030 C2458.410 1866.120 2454.250 1863.710 2453.160 1859.670 C2450.790 1850.830 2448.420 1841.990 2446.050 1833.160 C2444.960 1829.110 2447.360 1824.950 2451.410 1823.860 Z
rounded_rectangle	tool	M3976.831 3589.619 L3964.773 3524.314 C3963.270 3516.172 3968.652 3508.352 3976.794 3506.849 L3984.863 3505.360 C3993.005 3503.856 4000.824 3509.238 4002.328 3517.381 L4014.385 3582.686 C4015.888 3590.828 4010.506 3598.648 4002.364 3600.151 L3994.296 3601.640 C3986.153 3603.144 3978.334 3597.762 3976.831 3589.619 Z
rounded_rectangle	svg	M3149.120 4893.240 C3108.910 4902.700 3068.710 4912.160 3028.500 4921.620 C3005.450 4927.030 2982.380 4912.750 2976.950 4889.700 C2972.060 4868.880 2967.160 4848.060 2962.260 4827.230 C2956.840 4804.190 2971.130 4781.120 2994.170 4775.690 C3034.380 4766.230 3074.590 4756.780 3114.800 4747.320 C3137.840 4741.900 3160.920 4756.180 3166.340 4779.230 L3181.040 4841.690 C3186.460 4864.740 3172.170 4887.820 3149.120 4893.240 Z
rounded_rectangle	tool	M2572.719 866.911 L2567.501 832.260 C2567.358 831.306 2568.014 830.417 2568.968 830.273 L2573.286 829.623 C2574.239 829.480 2575.128 830.136 2575.272 831.090 L2580.490 865.741 C2580.633 866.695 2579.977 867.584 2579.023 867.728 L2574.705 868.378 C2573.752 868.521 2572.863 867.865 2572.719 866.911 Z
rounded_rectangle	svg	M1283.460 18.460 C1284.410 24.900 1285.350 31.340 1286.300 37.770 C1286.450 38.820 1285.730 39.790 1284.680 39.940 C1283.970 40.050 1283.260 40.150 1282.550 40.260 C1281.510 40.410 1280.530 39.690 1280.380 38.640 C1279.440 32.210 1278.490 25.770 1277.550 19.330 C1277.470 18.830 1277.600 18.320 1277.900 17.910 C1278.210 17.510 1278.660 17.240 1279.160 17.160 C1279.870 17.060 1280.580 16.950 1281.290 16.850 C1282.340 16.700 1283.310 17.420 1283.460 18.460 Z
rounded_rectangle	tool	M4911.770 1921.949 L4933.085 2071.592 C4933.920 2077.451 4929.847 2082.876 4923.989 2083.711 L4906.595 2086.189 C4900.737 2087.023 4895.311 2082.950 4894.477 2077.092 L4873.161 1927.449 C4872.326 1921.591 4876.399 1916.165 4882.257 1915.331 L4899.651 1912.853 C4905.510 1912.018 4910.935 1916.091 4911.770 1921.949 Z
rounded_rectangle	svg	M4105.480 43.420 C4025.540 127.230 3945.600 211.030 3865.670 294.840 C3850.850 310.370 3826.250 310.950 3810.710 296.130 C3806.150 291.780 3801.580 287.420 3797.020 283.070 C3789.560 275.960 3785.230 266.170 3784.990 255.860 C3784.750 245.560 3788.610 235.580 3795.720 228.120 C3875.660 144.310 3955.600 60.510 4035.540 -23.290 C4042.650 -30.750 4052.440 -35.080 4062.740 -35.320 C4073.050 -35.570 4083.030 -31.710 4090.490 -24.590 C4095.050 -20.240 4099.620 -15.880 4104.180 -11.530 C4119.720 3.290 4120.300 27.890 4105.480 43.420 Z
rounded_rectangle	tool	M327.630 3826.741 L285.401 3889.413 C283.205 3892.673 278.781 3893.535 275.521 3891.339 L268.657 3886.713 C265.397 3884.516 264.535 3880.093 266.731 3876.833 L308.961 3814.161 C311.157 3810.901 315.580 3810.039 318.840 3812.236 L325.705 3816.862 C328.965 3819.058 329.827 3823.481 327.630 3826.741 Z
rounded_rectangle	svg	M3972.800 1782.740 L4115.930 1829.900 C4149.630 1841.010 4167.950 1877.320 4156.850 1911.020 L4140.470 1960.730 C4129.360 1994.430 4093.040 2012.740 4059.350 2001.640 C4011.640 1985.920 3963.920 1970.200 3916.210 1954.480 C3882.520 1943.370 3864.200 1907.050 3875.300 1873.350 C3880.760 1856.790 3886.220 1840.220 3891.680 1823.650 C3902.780 1789.950 3939.100 1771.630 3972.800 1782.740 Z
rounded_rectangle	tool	M182.522 2851.609 L158.409 2824.598 C157.436 2823.508 157.531 2821.836 158.621 2820.864 L163.641 2816.382 C164.731 2815.409 166.403 2815.504 167.375 2816.594 L191.488 2843.605 C192.461 2844.695 192.366 2846.367 191.276 2847.339 L186.256 2851.821 C185.166 2852.794 183.494 2852.699 182.522 2851.609 Z
rounded_rectangle	svg	M4069.090 194.590 C4075.510 196.280 4081.920 197.980 4088.330 199.670 C4088.810 199.800 4089.090 200.290 4088.960 200.760 C4088.680 201.850 4088.390 202.940 4088.100 204.020 C4087.970 204.500 4087.490 204.780 4087.010 204.660 C4080.600 202.960 4074.190 201.270 4067.780 199.570 C4067.300 199.440 4067.020 198.960 4067.140 198.480 C4067.430 197.390 4067.720 196.310 4068.000 195.220 C4068.130 194.740 4068.620 194.460 4069.090 194.590 Z
triangle	tool	M3228.559 1594.149 L3209.852 1589.392 L3221.316 1583.473 L3228.559 1594.149 Z
triangle	svg	M818.660 711.210 L827.570 704.640 L828.800 715.650 L818.660 711.210 Z
triangle	tool	M2409.573 1738.934 L2237.723 1547.372 L2489.545 1494.327 L2409.573 1738.934 Z
triangle	svg	M3296.010 4474.760 L3408.210 4525.250 C3370.570 4558.940 3332.920 4592.630 3295.280 4626.320 C3295.520 4575.800 3295.770 4525.280 3296.010 4474.760 Z
triangle	tool	M1571.249 599.525 L1487.363 593.137 L1533.647 539.325 L1571.249 599.525 Z
triangle	svg	M4638.230 2191.890 C4648.630 2176.680 4659.030 2161.480 4669.430 2146.280 C4677.020 2173.790 4684.620 2201.300 4692.210 2228.810 C4674.210 2216.500 4656.220 2204.190 4638.230 2191.890 Z
triangle	tool	M2807.677 1763.898 L2825.163 1769.418 L2811.639 1781.801 L2807.677 1763.898 Z
triangle	svg	M463.390 3026.430 L481.300 3036.930 C468.560 3044.980 455.830 3053.020 443.090 3061.060 C449.860 3049.520 456.620 3037.980 463.390 3026.430 Z
triangle	tool	M3737.663 2189.762 L3733.316 2185.526 L3744.703 2188.781 L3737.663 2189.762 Z
triangle	svg	M4305.600 3717.710 C4290.810 3709.480 4276.030 3701.260 4261.240 3693.030 C4278.070 3680.180 4294.900 3667.330 4311.730 3654.470 C4309.690 3675.550 4307.640 3696.630 4305.600 3717.710 Z
triangle	tool	M2481.391 3826.901 L2477.944 3822.177 L2487.636 3818.722 L2481.391 3826.901 Z
triangle	svg	M4773.870 4110.250 L4667.070 3804.310 C4859.460 3794.350 5051.850 3784.400 5244.240 3774.440 C5087.450 3886.380 4930.660 3998.310 4773.870 4110.250 Z
triangle	tool	M1599.073 3605.355 L1177.874 3871.457 L1401.894 3293.252 L1599.073 3605.355 Z
triangle	svg	M4292.140 355.240 C4250.590 315.330 4209.050 275.430 4167.510 235.530 C4215.860 226.770 4264.200 218.010 4312.550 209.260 C4305.740 257.920 4298.940 306.580 4292.140 355.240 Z
triangle	tool	M3800.814 4792.396 L3930.704 4661.833 L4112.989 4973.072 L3800.814 4792.396 Z
triangle	svg	M1573.470 2291.290 C1622.000 2244.030 1670.520 2196.770 1719.040 2149.510 C1700.140 2227.180 1681.250 2304.860 1662.350 2382.540 C1632.720 2352.120 1603.100 2321.710 1573.470 2291.290 Z
triangle	tool	M2434.818 3749.137 L2286.675 4000.338 L2288.677 3662.952 L2434.818 3749.137 Z
triangle	svg	M1453.500 1877.900 C1452.960 1882.390 1452.420 1886.870 1451.880 1891.360 C1449.870 1886.570 1447.850 1881.780 1445.830 1876.990 C1448.390 1877.290 1450.940 1877.600 1453.500 1877.900 Z
triangle	tool	M1157.294 1310.680 L1230.381 1329.640 L1133.543 1402.235 L1157.294 1310.680 Z
triangle	svg	M2048.580 1282.260 C2065.140 1289.420 2081.700 1296.580 2098.250 1303.740 C2083.770 1314.500 2069.290 1325.260 2054.810 1336.010 C2052.740 1318.090 2050.660 1300.180 2048.580 1282.260 Z
triangle	tool	M1608.801 1975.658 L1732.494 2107.657 L1521.911 2057.081 L1608.801 1975.658 Z
triangle	svg	M4641.840 155.460 C4634.280 149.660 4626.720 143.870 4619.160 138.070 C4631.440 137.720 4643.710 137.360 4655.990 137.000 C4651.280 143.150 4646.560 149.310 4641.840 155.460 Z
triangle	tool	M2175.164 3717.315 L2049.287 3573.362 L2236.893 3536.326 L2175.164 3717.315 Z
triangle	svg	M3283.000 1969.010 L3264.070 1994.330 L3262.690 1973.570 L3283.000 1969.010 Z
triangle	tool	M1314.235 924.040 L1272.784 852.698 L1363.028 897.964 L1314.235 924.040 Z
triangle	svg	M2120.660 2357.110 C2098.250 2309.670 2075.850 2262.230 2053.450 2214.780 C2110.550 2127.960 2167.660 2041.140 2224.760 1954.320 C2190.060 2088.590 2155.360 2222.850 2120.660 2357.110 Z
triangle	tool	M2817.556 717.877 L2551.983 1241.047 L2390.895 501.295 L2817.556 717.877 Z
triangle	svg	M4547.930 4076.670 C4541.170 3927.410 4534.420 3778.140 4527.660 3628.880 C4617.590 3774.380 4707.520 3919.880 4797.460 4065.370 C4714.280 4069.140 4631.100 4072.900 4547.930 4076.670 Z
triangle	tool	M790.961 4120.508 L784.525 4115.068 L796.182 4114.332 L790.961 4120.508 Z
triangle	svg	M528.820 180.130 C531.190 181.470 533.560 182.800 535.930 184.130 C533.590 185.520 531.250 186.910 528.910 188.290 L528.820 180.130 Z
triangle	tool	M4055.383 2560.579 L4059.159 2546.544 L4065.308 2554.329 L4055.383 2560.579 Z
triangle	svg	M3010.070 3928.580 C3012.780 3933.680 3015.500 3938.790 3018.210 3943.890 C3010.420 3941.490 3002.630 3939.090 2994.830 3936.680 L3010.070 3928.580 Z
triangle	tool	M3022.034 3394.042 L2794.628 2940.381 L3301.213 2970.273 L3022.034 3394.042 Z
triangle	svg	M3738.630 4794.210 C3741.750 4795.090 3744.860 4795.980 3747.980 4796.870 C3745.110 4801.020 3742.250 4805.170 3739.380 4809.320 C3739.130 4804.280 3738.880 4799.240 3738.630 4794.210 Z
triangle	tool	M4318.822 1123.289 L4469.592 1125.522 L4392.274 1254.976 L4318.822 1123.289 Z
triangle	svg	M809.380 2225.570 C793.880 2232.330 778.370 2239.090 762.870 2245.850 C764.770 2229.040 766.670 2212.240 768.560 2195.430 C782.170 2205.480 795.770 2215.520 809.380 2225.570 L809.380 2225.570 Z
triangle	tool	M387.664 4243.659 L360.438 4264.403 L365.322 4252.353 L387.664 4243.659 Z
triangle	svg	M1508.020 833.350 L1490.830 896.980 L1469.380 822.910 L1508.020 833.350 Z
triangle	tool	M2155.508 2482.288 L2327.817 2211.021 L2540.587 2798.545 L2155.508 2482.288 Z
triangle	svg	M2937.430 4835.800 C2942.220 4838.380 2947.000 4840.960 2951.780 4843.540 C2941.760 4850.660 2931.750 4857.790 2921.730 4864.920 C2926.960 4855.210 2932.200 4845.500 2937.430 4835.800 Z
triangle	tool	M459.126 59.003 L459.519 90.794 L478.147 92.921 L459.126 59.003 Z
triangle	svg	M577.450 1349.950 L836.710 1310.020 C805.030 1391.520 773.340 1473.020 741.660 1554.520 C686.920 1486.330 632.190 1418.140 577.450 1349.950 Z
triangle	tool	M3121.592 1102.325 L3083.625 1077.205 L3120.168 1063.224 L3121.592 1102.325 Z
triangle	svg	M3493.320 4666.840 C3414.200 4663.530 3335.080 4660.220 3255.960 4656.900 C3337.720 4597.170 3419.480 4537.430 3501.240 4477.690 L3493.320 4666.840 Z
triangle	tool	M2901.844 4317.757 L3054.658 4675.465 L2662.897 4419.836 L2901.844 4317.757 Z
triangle	svg	M4276.610 709.440 C4263.650 693.700 4250.680 677.960 4237.720 662.220 C4257.830 658.870 4277.940 655.510 4298.050 652.150 C4290.910 671.250 4283.760 690.340 4276.610 709.440 L4276.610 709.440 Z
triangle	tool	M387.035 3304.997 L356.929 3168.452 L571.709 3192.687 L387.035 3304.997 Z
triangle	svg	M2284.840 4538.570 C2255.880 4514.380 2226.930 4490.200 2197.970 4466.020 C2240.960 4473.390 2283.960 4480.770 2326.950 4488.140 C2312.910 4504.950 2298.870 4521.760 2284.840 4538.570 Z
triangle	tool	M736.824 1013.544 L875.714 1175.441 L603.427 1127.984 L736.824 1013.544 Z
triangle	svg	M1904.200 1993.270 C1909.070 1993.870 1913.950 1994.460 1918.820 1995.060 L1909.970 2006.820 C1908.040 2002.310 1906.120 1997.790 1904.200 1993.270 Z
triangle	tool	M2388.917 3066.824 L2195.421 2849.954 L2686.353 2606.690 L2388.917 3066.824 Z
triangle	svg	M1294.380 1551.140 C1287.520 1551.650 1280.670 1552.160 1273.810 1552.680 C1279.870 1541.530 1285.930 1530.370 1291.990 1519.220 C1292.790 1529.860 1293.590 1540.500 1294.380 1551.140 Z
triangle	tool	M3290.333 2328.860 L3296.556 2323.542 L3294.335 2333.544 L3290.333 2328.860 Z
triangle	svg	M4636.610 2512.700 C4621.470 2505.670 4606.320 2498.650 4591.180 2491.620 C4604.830 2482.020 4618.490 2472.420 4632.150 2462.810 C4633.640 2479.440 4635.120 2496.070 4636.610 2512.700 Z
triangle	tool	M817.076 246.797 L889.357 220.465 L871.679 284.310 L817.076 246.797 Z
triangle	svg	M201.190 1067.320 C215.680 1060.550 230.170 1053.790 244.660 1047.020 C234.070 1062.140 223.480 1077.250 212.890 1092.370 L201.190 1067.320 Z
triangle	tool	M2280.267 3584.055 L2466.027 3563.537 L2390.916 3734.669 L2280.267 3584.055 Z
triangle	svg	M4100.840 1702.190 C4069.480 1749.270 4038.120 1796.340 4006.770 1843.420 C3981.790 1792.800 3956.820 1742.180 3931.850 1691.570 L4100.840 1702.190 Z
triangle	tool	M4529.805 3657.709 L4529.048 3662.480 L4520.586 3658.691 L4529.805 3657.709 Z
triangle	svg	M1889.270 2592.500 C2003.560 2581.260 2117.850 2570.030 2232.150 2558.790 C2125.250 2645.220 2018.340 2731.650 1911.440 2818.080 C1904.050 2742.890 1896.660 2667.700 1889.270 2592.500 Z
triangle	tool	M4272.957 4203.205 L4294.331 4171.095 L4247.901 4190.788 L4272.957 4203.205 Z
triangle	svg	M441.820 654.700 C422.850 520.490 403.890 386.270 384.920 252.060 C557.960 296.050 730.990 340.050 904.030 384.050 C749.960 474.270 595.890 564.490 441.820 654.700 Z
triangle	tool	M1915.289 2034.482 L1910.418 2004.427 L1938.881 2015.236 L1915.289 2034.482 Z
triangle	svg	M4359.800 4285.080 C4357.430 4272.390 4355.070 4259.700 4352.710 4247.010 L4390.510 4259.670 C4380.270 4268.140 4370.030 4276.610 4359.800 4285.080 Z
triangle	tool	M4724.169 1930.691 L4749.355 1924.269 L4742.324 1949.292 L4724.169 1930.691 Z
triangle	svg	M3351.560 1355.250 C3365.890 1358.210 3380.220 1361.160 3394.550 1364.120 C3378.070 1371.580 3361.600 1379.040 3345.120 1386.490 C3347.270 1376.080 3349.420 1365.670 3351.560 1355.250 Z
triangle	tool	M4043.650 4607.034 L3832.379 4406.827 L4111.399 4323.965 L4043.650 4607.034 Z
triangle	svg	M3773.580 3378.380 L3829.860 3371.240 C3822.540 3388.680 3815.220 3406.120 3807.900 3423.550 C3796.460 3408.490 3785.020 3393.430 3773.580 3378.380 Z
triangle	tool	M1418.766 64.877 L1470.668 113.840 L1434.110 207.339 L1418.766 64.877 Z
triangle	svg	M4381.840 2494.130 C4376.720 2510.740 4371.610 2527.360 4366.500 2543.980 C4349.760 2529.730 4333.020 2515.490 4316.280 2501.240 C4338.130 2498.870 4359.980 2496.500 4381.840 2494.130 Z
triangle	tool	M4176.803 1069.592 L4092.703 1018.898 L4174.254 978.714 L4176.803 1069.592 Z
triangle	svg	M2873.000 1930.180 C2846.010 1959.010 2819.030 1987.840 2792.040 2016.680 C2749.280 1922.570 2706.530 1828.460 2663.770 1734.350 C2733.510 1799.620 2803.260 1864.900 2873.000 1930.180 Z
triangle	tool	M3865.623 4695.869 L3797.346 4783.340 L3755.732 4680.474 L3865.623 4695.869 Z
triangle	svg	M2448.020 777.410 C2444.500 774.700 2440.990 771.990 2437.480 769.270 C2442.720 769.750 2447.960 770.220 2453.200 770.690 C2451.470 772.930 2449.740 775.170 2448.020 777.410 Z
triangle	tool	M414.369 4492.289 L403.547 4492.400 L421.808 4484.432 L414.369 4492.289 Z
triangle	svg	M3387.520 143.000 C3352.710 129.770 3317.890 116.530 3283.080 103.300 C3311.950 79.760 3340.810 56.230 3369.680 32.700 C3375.630 69.470 3381.570 106.230 3387.520 143.000 L3387.520 143.000 Z
triangle	tool	M3067.876 190.222 L2903.007 433.409 L2774.835 169.034 L3067.876 190.222 Z
triangle	svg	M4070.990 3524.060 C4082.950 3536.780 4094.910 3549.510 4106.880 3562.230 C4079.480 3576.000 4052.090 3589.770 4024.700 3603.540 C4040.130 3577.050 4055.560 3550.550 4070.990 3524.060 Z
triangle	tool	M4878.053 1303.059 L5016.502 1266.348 L4989.123 1442.516 L4878.053 1303.059 Z
triangle	svg	M3558.960 4143.050 C3672.350 4125.670 3785.730 4108.290 3899.110 4090.910 C3854.720 4179.830 3810.330 4268.760 3765.940 4357.680 C3696.950 4286.140 3627.950 4214.600 3558.960 4143.050 Z
triangle	tool	M3633.360 1520.857 L3786.869 1210.897 L4003.287 1704.066 L3633.360 1520.857 Z
triangle	svg	M220.460 3215.260 C210.760 3213.900 201.050 3212.540 191.340 3211.180 C201.960 3206.030 212.580 3200.880 223.200 3195.720 C222.290 3202.240 221.380 3208.750 220.460 3215.260 Z
triangle	tool	M1454.085 2463.368 L1527.736 2461.575 L1455.501 2521.531 L1454.085 2463.368 Z
triangle	svg	M3052.140 3153.930 C3050.740 3163.220 3049.340 3172.500 3047.950 3181.790 C3040.600 3175.940 3033.260 3170.080 3025.910 3164.230 C3034.650 3160.800 3043.400 3157.360 3052.140 3153.930 Z
triangle	tool	M3734.394 3604.398 L3742.414 3532.417 L3788.907 3574.034 L3734.394 3604.398 Z
triangle	svg	M276.890 1956.110 C242.800 1909.810 208.720 1863.520 174.640 1817.230 C166.110 1829.470 157.580 1841.710 149.050 1853.960 C191.660 1888.010 234.280 1922.060 276.890 1956.110 Z
triangle	tool	M2258.094 4684.225 L2294.380 4679.039 L2280.728 4713.056 L2258.094 4684.225 Z
triangle	svg	M1198.980 1507.970 C1210.030 1500.790 1221.070 1493.610 1232.120 1486.420 C1232.820 1499.580 1233.510 1512.740 1234.210 1525.900 C1222.470 1519.920 1210.720 1513.950 1198.980 1507.970 Z
triangle	tool	M2.137 1268.268 L35.606 1214.338 L38.863 1291.061 L2.137 1268.268 Z
triangle	svg	M2057.720 2931.090 C2057.440 2938.440 2057.150 2945.790 2056.860 2953.150 C2050.640 2949.220 2044.410 2945.300 2038.190 2941.370 C2044.700 2937.940 2051.210 2934.510 2057.720 2931.090 Z
triangle	tool	M1161.985 2843.442 L1300.366 2683.444 L1245.533 2915.703 L1161.985 2843.442 Z
triangle	svg	M2855.480 1180.210 L2963.390 1106.080 C2968.460 1151.990 2973.520 1197.900 2978.590 1243.820 C2937.550 1222.610 2896.510 1201.410 2855.480 1180.210 Z
triangle	tool	M175.538 2205.208 L-189.698 2184.225 L195.465 1858.356 L175.538 2205.208 Z
triangle	svg	M1887.700 2195.270 C1889.210 2195.310 1890.720 2195.350 1892.220 2195.400 L1889.700 2204.220 C1889.040 2201.240 1888.370 2198.250 1887.700 2195.270 Z
triangle	tool	M4704.788 584.187 L4702.199 593.590 L4698.483 582.450 L4704.788 584.187 Z
triangle	svg	M4819.080 1913.060 C4823.920 1917.410 4828.770 1921.750 4833.610 1926.090 L4819.840 1926.840 C4819.580 1922.240 4819.330 1917.650 4819.080 1913.060 Z
triangle	tool	M1399.655 3759.811 L1385.165 3729.613 L1418.562 3732.164 L1399.655 3759.811 Z
triangle	svg	M4840.500 650.380 C4829.010 655.680 4817.530 660.980 4806.040 666.270 C4807.680 639.620 4809.310 612.960 4810.940 586.310 C4820.790 607.660 4830.650 629.020 4840.500 650.380 Z
triangle	tool	M832.589 3599.679 L1050.525 3629.553 L921.681 3759.618 L832.589 3599.679 Z
triangle	svg	M3272.710 1032.860 C3271.360 1029.440 3270.010 1026.010 3268.660 1022.580 C3272.490 1025.030 3276.330 1027.480 3280.170 1029.930 C3277.680 1030.910 3275.190 1031.880 3272.710 1032.860 Z
triangle	tool	M3695.908 4891.280 L3690.127 4897.912 L3685.973 4882.622 L3695.908 4891.280 Z
triangle	svg	M3690.030 4159.190 C3583.610 4182.480 3477.180 4205.770 3370.760 4229.060 C3403.810 4125.250 3436.850 4021.440 3469.890 3917.630 L3690.030 4159.190 Z
triangle	tool	M2129.252 4404.921 L2154.839 4424.562 L2131.632 4428.307 L2129.252 4404.921 Z
triangle	svg	M4113.670 3394.950 L4110.610 3417.330 C4104.660 3412.710 4098.710 3408.100 4092.760 3403.490 C4099.730 3400.640 4106.700 3397.790 4113.670 3394.950 Z
triangle	tool	M11.167 4349.308 L-20.796 4258.393 L76.688 4275.197 L11.167 4349.308 Z
triangle	svg	M-6.030 1408.400 C-24.160 1397.150 -42.280 1385.900 -60.400 1374.650 C-19.470 1384.640 21.460 1394.630 62.400 1404.620 L-6.030 1408.400 L-6.030 1408.400 Z
triangle	tool	M844.083 4629.615 L882.849 4637.737 L839.435 4651.801 L844.083 4629.615 Z
triangle	svg	M847.430 4294.860 C838.410 4300.230 829.400 4305.600 820.380 4310.970 C829.040 4318.330 837.700 4325.690 846.370 4333.050 C846.720 4320.320 847.080 4307.590 847.430 4294.860 Z
triangle	tool	M2943.213 4542.437 L2960.628 4487.851 L2939.570 4463.023 L2943.213 4542.437 Z
triangle	svg	M374.140 3283.330 C372.150 3280.300 370.160 3277.260 368.170 3274.230 L378.730 3280.320 C377.200 3281.330 375.670 3282.330 374.140 3283.330 Z
triangle	tool	M107.316 1370.936 L139.518 1386.375 L102.430 1422.430 L107.316 1370.936 Z
triangle	svg	M2082.650 2722.340 C1954.820 2708.060 1826.990 2693.780 1699.160 2679.510 C1830.620 2742.880 1962.080 2806.260 2093.550 2869.640 C2089.910 2820.540 2086.280 2771.440 2082.650 2722.340 Z
triangle	tool	M2239.908 1835.023 L1989.698 1496.748 L2437.008 1427.563 L2239.908 1835.023 Z
triangle	svg	M1820.460 4974.910 C1782.010 4966.450 1743.560 4957.990 1705.100 4949.520 C1725.680 4945.250 1746.250 4940.980 1766.830 4936.700 C1784.710 4949.440 1802.580 4962.180 1820.460 4974.910 Z
triangle	tool	M3416.094 4950.814 L3426.022 4954.848 L3410.891 4963.620 L3416.094 4950.814 Z
triangle	svg	M1382.370 4517.970 C1375.180 4525.820 1367.980 4533.680 1360.790 4541.530 C1366.330 4550.420 1371.880 4559.300 1377.420 4568.190 L1382.370 4517.970 Z
triangle	tool	M3895.842 4860.622 L3928.083 4744.570 L4012.467 4830.518 L3895.842 4860.622 Z
triangle	svg	M4368.090 2485.790 C4401.660 2457.490 4435.220 2429.180 4468.790 2400.880 C4457.800 2381.730 4446.810 2362.570 4435.810 2343.420 C4413.240 2390.880 4390.660 2438.340 4368.090 2485.790 Z
triangle	tool	M691.301 2286.580 L954.201 2144.822 L399.741 2157.938 L691.301 2286.580 Z
triangle	svg	M4171.250 187.370 C4168.110 181.950 4164.970 176.540 4161.820 171.130 L4195.870 162.220 C4187.660 170.600 4179.460 178.980 4171.250 187.370 Z
triangle	tool	M859.693 4835.476 L985.999 4875.555 L864.977 5037.886 L859.693 4835.476 Z
triangle	svg	M1910.550 1451.240 C1911.310 1448.150 1912.080 1445.050 1912.840 1441.960 L1919.740 1448.590 C1916.670 1449.470 1913.610 1450.360 1910.550 1451.240 Z
triangle	tool	M885.959 803.439 L1020.397 819.444 L939.317 927.868 L885.959 803.439 Z
triangle	svg	M3474.500 2915.310 C3472.940 2918.580 3471.370 2921.850 3469.810 2925.120 C3468.080 2922.280 3466.350 2919.450 3464.630 2916.610 C3467.920 2916.180 3471.210 2915.740 3474.500 2915.310 Z
triangle	tool	M4316.184 2615.374 L4406.325 2530.423 L4412.882 2717.980 L4316.184 2615.374 Z
triangle	svg	M1723.470 3929.160 L1781.880 3830.880 C1800.510 3864.120 1819.150 3897.360 1837.790 3930.590 C1799.680 3930.110 1761.580 3929.640 1723.470 3929.160 Z
triangle	tool	M148.464 1699.422 L373.357 1831.197 L-113.492 2146.487 L148.464 1699.422 Z
triangle	svg	M4086.510 1842.670 C4118.550 1860.950 4150.580 1879.230 4182.620 1897.500 C4164.190 1935.340 4145.750 1973.180 4127.320 2011.010 C4113.720 1954.900 4100.120 1898.790 4086.510 1842.670 Z
triangle	tool	M4429.806 2504.063 L4385.120 2751.218 L4193.421 2588.941 L4429.806 2504.063 Z
triangle	svg	M686.610 946.210 C749.320 1007.130 812.030 1068.040 874.740 1128.960 C772.020 1109.230 669.310 1089.490 566.590 1069.760 C606.600 1028.580 646.600 987.400 686.610 946.210 Z
triangle	tool	M2441.015 3212.410 L2441.447 3200.534 L2452.908 3206.896 L2441.015 3212.410 Z
triangle	svg	M1560.190 4357.480 C1546.030 4379.370 1531.880 4401.260 1517.730 4423.150 C1484.510 4386.160 1451.300 4349.160 1418.080 4312.170 C1465.450 4327.270 1512.820 4342.370 1560.190 4357.480 Z
triangle	tool	M3075.415 4127.969 L3127.567 4190.438 L3006.733 4238.312 L3075.415 4127.969 Z
triangle	svg	M1814.950 225.570 L1758.520 146.040 C1807.760 131.030 1857.000 116.010 1906.240 101.000 C1875.810 142.520 1845.380 184.040 1814.950 225.570 Z
triangle	tool	M4103.253 1299.720 L4098.693 1287.277 L4122.074 1285.767 L4103.253 1299.720 Z
triangle	svg	M1272.040 2505.200 C1264.120 2547.810 1256.190 2590.410 1248.270 2633.010 C1215.340 2604.850 1182.400 2576.690 1149.470 2548.520 C1190.330 2534.080 1231.180 2519.640 1272.040 2505.200 Z
triangle	tool	M2763.659 1406.483 L2831.412 1742.537 L2522.117 1455.181 L2763.659 1406.483 Z
triangle	svg	M85.610 2244.980 C80.590 2243.890 75.580 2242.810 70.570 2241.730 L87.970 2234.050 C87.180 2237.690 86.400 2241.330 85.610 2244.980 Z
triangle	tool	M417.514 123.991 L288.027 305.671 L195.431 102.692 L417.514 123.991 Z
triangle	svg	M3023.040 596.350 C3015.680 549.350 3008.320 502.340 3000.970 455.340 C3019.780 459.120 3038.600 462.910 3057.410 466.700 C3045.950 509.920 3034.490 553.130 3023.040 596.350 Z
triangle	tool	M3901.867 4893.241 L3851.881 4849.760 L3942.286 4796.304 L3901.867 4893.241 Z
triangle	svg	M489.970 1663.690 C362.190 1734.860 234.400 1806.020 106.620 1877.180 C197.420 1739.610 288.220 1602.030 379.020 1464.460 C416.000 1530.870 452.980 1597.280 489.970 1663.690 Z
triangle	tool	M4014.965 3715.581 L4018.882 3725.122 L4000.768 3726.985 L4014.965 3715.581 Z
triangle	svg	M1354.690 4129.810 C1363.830 4162.130 1372.970 4194.440 1382.110 4226.750 C1349.550 4218.510 1317.000 4210.270 1284.450 4202.020 C1307.860 4177.950 1331.280 4153.880 1354.690 4129.810 Z
triangle	tool	M1287.440 2375.537 L1265.376 2383.969 L1282.849 2363.523 L1287.440 2375.537 Z
triangle	svg	M621.050 1996.330 C623.110 1994.200 625.170 1992.060 627.240 1989.920 C627.840 1992.570 628.450 1995.220 629.050 1997.860 C626.390 1997.350 623.720 1996.840 621.050 1996.330 Z
triangle	tool	M3708.252 3138.829 L3635.670 3176.554 L3649.665 3114.797 L3708.252 3138.829 Z
triangle	svg	M4630.070 2304.800 C4620.150 2298.440 4610.220 2292.070 4600.300 2285.710 C4614.480 2285.430 4628.660 2285.150 4642.840 2284.880 C4638.590 2291.520 4634.330 2298.160 4630.070 2304.800 Z
triangle	tool	M833.695 3745.134 L841.825 3611.680 L904.855 3749.469 L833.695 3745.134 Z
triangle	svg	M4370.950 553.180 L4360.570 543.940 L4379.620 532.990 L4370.950 553.180 Z
triangle	tool	M3661.381 1361.212 L3652.182 1365.504 L3654.568 1358.614 L3661.381 1361.212 Z
triangle	svg	M858.670 2828.280 C861.110 2827.690 863.550 2827.090 865.990 2826.500 C865.490 2829.780 865.000 2833.060 864.500 2836.330 C862.560 2833.650 860.620 2830.960 858.670 2828.280 Z
triangle	tool	M206.471 3932.587 L198.568 3909.708 L219.194 3928.192 L206.471 3932.587 Z
triangle	svg	M2198.970 4823.130 C2200.290 4826.080 2201.610 4829.030 2202.940 4831.980 C2200.010 4831.520 2197.090 4831.060 2194.160 4830.600 C2195.760 4828.110 2197.370 4825.620 2198.970 4823.130 Z
triangle	tool	M598.570 246.538 L560.052 338.587 L499.594 259.205 L598.570 246.538 Z
triangle	svg	M3039.070 2413.110 C3027.900 2461.870 3016.730 2510.640 3005.570 2559.400 C2968.920 2525.350 2932.270 2491.290 2895.630 2457.240 C2943.440 2442.530 2991.250 2427.820 3039.070 2413.110 Z
triangle	tool	M2347.336 2603.612 L2346.367 2594.830 L2363.054 2597.433 L2347.336 2603.612 Z
triangle	svg	M2469.980 1066.960 C2466.660 1075.060 2463.340 1083.150 2460.020 1091.240 C2457.800 1080.880 2455.580 1070.510 2453.350 1060.150 C2458.900 1062.420 2464.440 1064.690 2469.980 1066.960 Z
triangle	tool	M4562.991 3220.105 L4478.869 2875.857 L4757.984 3172.456 L4562.991 3220.105 Z
triangle	svg	M1222.670 2189.570 C1370.180 2160.840 1517.690 2132.100 1665.200 2103.370 C1616.330 2245.480 1567.460 2387.600 1518.590 2529.720 C1419.950 2416.330 1321.310 2302.950 1222.670 2189.570 Z
triangle	tool	M4856.432 2756.795 L4550.285 2543.189 L4282.562 2608.913 L4856.432 2756.795 Z
triangle	svg	M1431.810 4726.810 C1449.540 4718.840 1467.260 4710.880 1484.990 4702.920 C1471.520 4720.370 1458.060 4737.810 1444.590 4755.250 L1431.810 4726.810 Z
triangle	tool	M4508.415 1741.794 L3941.957 1676.124 L4265.464 1361.523 L4508.415 1741.794 Z
triangle	svg	M2843.690 4069.910 C2808.780 4067.820 2773.880 4065.730 2738.980 4063.640 C2759.080 4020.530 2779.170 3977.420 2799.260 3934.300 C2814.070 3979.510 2828.880 4024.710 2843.690 4069.910 Z
triangle	tool	M3965.901 3406.883 L3929.521 3406.438 L3948.097 3375.155 L3965.901 3406.883 Z
triangle	svg	M188.740 477.490 C212.120 472.400 235.500 467.320 258.880 462.230 C240.880 492.030 222.880 521.840 204.870 551.650 C199.500 526.930 194.120 502.210 188.740 477.490 Z
triangle	tool	M1300.566 3156.465 L1784.417 3259.567 L1212.098 3571.643 L1300.566 3156.465 Z
triangle	svg	M2813.510 888.990 C2830.340 899.460 2847.170 909.940 2863.990 920.410 C2838.820 942.100 2813.660 963.800 2788.490 985.490 C2796.830 953.330 2805.170 921.160 2813.510 888.990 Z
triangle	tool	M4938.199 2832.698 L4684.870 2750.647 L4982.644 2695.479 L4938.199 2832.698 Z
triangle	svg	M2208.260 370.800 C2159.130 408.910 2110.000 447.030 2060.870 485.140 C2022.080 333.690 1983.290 182.240 1944.500 30.800 C2032.420 144.130 2120.340 257.470 2208.260 370.800 Z
triangle	tool	M653.357 1781.046 L585.397 1665.704 L719.267 1664.520 L653.357 1781.046 Z
triangle	svg	M832.530 291.670 C843.120 295.550 853.710 299.440 864.310 303.330 C855.640 310.560 846.980 317.790 838.320 325.020 C836.390 313.900 834.460 302.780 832.530 291.670 L832.530 291.670 Z
triangle	tool	M486.889 3598.487 L656.546 3519.266 L566.599 3769.193 L486.889 3598.487 Z
triangle	svg	M1657.410 238.600 C1614.640 272.680 1571.880 306.750 1529.110 340.820 C1520.990 286.750 1512.860 232.670 1504.740 178.600 L1657.410 238.600 Z
triangle	tool	M3223.772 1065.377 L3239.468 1027.555 L3264.375 1060.059 L3223.772 1065.377 Z
triangle	svg	M4306.360 3947.850 C4307.260 3943.090 4308.160 3938.330 4309.060 3933.580 C4312.760 3936.740 4316.460 3939.900 4320.160 3943.070 C4315.560 3944.660 4310.960 3946.250 4306.360 3947.850 Z
triangle	tool	M874.454 1366.620 L926.155 1242.347 L964.986 1404.284 L874.454 1366.620 Z
triangle	svg	M348.880 2079.710 C355.640 2087.950 362.410 2096.190 369.170 2104.430 C358.650 2106.170 348.130 2107.910 337.620 2109.650 C341.370 2099.670 345.120 2089.690 348.880 2079.710 Z
triangle	tool	M2714.269 822.032 L2716.684 830.797 L2707.687 823.846 L2714.269 822.032 Z
triangle	svg	M514.460 3706.710 C647.400 3711.760 780.340 3716.820 913.280 3721.880 C843.520 3805.810 773.760 3889.750 704.010 3973.680 C640.820 3884.690 577.640 3795.700 514.460 3706.710 Z
triangle	tool	M4437.862 7.628 L4202.396 278.574 L4165.220 8.478 L4437.862 7.628 Z
triangle	svg	M4553.990 2799.150 C4553.080 2796.640 4552.180 2794.140 4551.270 2791.640 C4554.280 2791.960 4557.290 2792.290 4560.300 2792.620 C4558.200 2794.790 4556.090 2796.970 4553.990 2799.150 Z
polygon	tool	M2118.709 1820.601 L2086.198 1810.660 L2071.847 1774.450 L2080.137 1739.297 L2097.304 1733.947 L2125.927 1766.663 L2128.787 1792.496 L2118.709 1820.601 Z
polygon	svg	M1629.570 4602.640 C1652.440 4601.650 1675.320 4600.660 1698.190 4599.670 C1714.450 4610.920 1730.710 4622.160 1746.970 4633.410 C1752.920 4648.540 1758.870 4663.680 1764.820 4678.820 C1754.480 4702.780 1744.140 4726.730 1733.810 4750.690 C1723.630 4753.440 1713.450 4756.190 1703.280 4758.940 C1678.150 4743.660 1653.020 4728.380 1627.890 4713.110 C1621.180 4690.330 1614.470 4667.550 1607.750 4644.770 C1615.030 4630.730 1622.300 4616.680 1629.570 4602.640 Z
polygon	tool	M1916.680 4164.547 L1911.212 4162.661 L1908.235 4157.702 L1909.143 4151.990 L1913.510 4148.197 L1919.293 4148.099 L1923.786 4151.741 L1924.887 4157.420 L1922.080 4162.477 L1916.680 4164.547 Z
polygon	svg	M847.290 924.520 C836.900 927.870 826.520 931.220 816.140 934.570 C801.320 928.420 786.510 922.260 771.690 916.110 C765.080 906.680 758.470 897.260 751.870 887.840 C754.410 879.790 756.950 871.730 759.490 863.680 C774.850 864.570 790.200 865.460 805.560 866.350 C815.430 873.970 825.290 881.600 835.160 889.230 C839.200 900.990 843.240 912.760 847.280 924.520 L847.290 924.520 Z
polygon	tool	M2827.752 1160.729 L2867.107 1193.862 L2878.536 1280.521 L2856.547 1394.825 L2806.445 1463.147 L2772.449 1491.876 L2684.426 1506.247 L2659.550 1477.229 L2645.868 1399.791 L2664.371 1291.734 L2725.021 1202.020 L2773.715 1167.968 L2827.752 1160.729 Z
polygon	svg	M2385.410 2206.010 C2333.170 2210.670 2280.940 2215.320 2228.700 2219.980 C2195.940 2174.470 2163.190 2128.950 2130.430 2083.440 C2150.690 2047.510 2170.960 2011.580 2191.230 1975.650 C2260.930 2004.310 2330.630 2032.980 2400.340 2061.640 C2395.360 2109.760 2390.380 2157.890 2385.410 2206.010 Z
polygon	tool	M1569.983 1141.197 L1574.183 1144.399 L1575.906 1150.713 L1573.307 1157.980 L1568.646 1161.861 L1563.781 1162.827 L1559.528 1160.864 L1555.760 1156.273 L1555.174 1148.637 L1559.559 1142.836 L1564.659 1140.470 L1569.983 1141.197 Z
polygon	svg	M743.450 4558.030 C744.030 4553.190 744.610 4548.340 745.190 4543.500 C749.970 4542.560 754.760 4541.610 759.540 4540.670 L766.680 4553.450 C763.360 4557.020 760.040 4560.600 756.730 4564.180 C752.300 4562.130 747.870 4560.080 743.450 4558.030 L743.450 4558.030 Z
polygon	tool	M4352.447 1630.702 L4342.901 1626.951 L4342.286 1618.188 L4351.631 1615.489 L4356.540 1624.722 L4352.447 1630.702 Z
polygon	svg	M1338.640 760.460 C1325.700 749.610 1312.770 738.760 1299.830 727.910 C1302.760 711.290 1305.690 694.660 1308.620 678.030 C1324.480 672.250 1340.350 666.480 1356.210 660.700 C1369.140 671.550 1382.080 682.400 1395.010 693.250 C1392.090 709.870 1389.160 726.500 1386.230 743.130 C1370.370 748.910 1354.500 754.680 1338.640 760.460 Z
polygon	tool	M4713.542 1294.319 L4667.041 1273.058 L4629.916 1217.482 L4616.887 1123.617 L4634.006 1082.357 L4674.466 1062.890 L4733.995 1112.279 L4763.312 1200.334 L4756.828 1244.200 L4713.542 1294.319 Z
polygon	svg	M3969.430 4766.580 C3976.770 4772.030 3984.100 4777.480 3991.440 4782.930 C3995.070 4791.320 3998.700 4799.700 4002.330 4808.090 L3999.180 4835.330 C3993.730 4842.660 3988.290 4850.000 3982.840 4857.340 C3974.450 4860.970 3966.060 4864.600 3957.680 4868.230 L3930.440 4865.080 C3923.100 4859.630 3915.770 4854.180 3908.430 4848.730 C3904.800 4840.350 3901.170 4831.960 3897.540 4823.570 C3898.590 4814.490 3899.640 4805.420 3900.690 4796.340 C3906.140 4789.000 3911.590 4781.660 3917.040 4774.330 C3925.420 4770.700 3933.810 4767.070 3942.200 4763.440 C3951.270 4764.490 3960.350 4765.540 3969.430 4766.580 Z
polygon	tool	M4719.712 3780.259 L4721.065 3784.355 L4719.988 3788.533 L4716.823 3791.464 L4712.576 3792.220 L4708.594 3790.559 L4706.143 3787.010 L4705.999 3782.698 L4708.210 3778.993 L4712.072 3777.072 L4716.360 3777.544 L4719.712 3780.259 Z
polygon	svg	M2135.740 427.410 C2128.840 429.720 2121.940 432.040 2115.040 434.360 C2108.090 432.170 2101.150 429.990 2094.210 427.810 C2089.870 421.960 2085.540 416.120 2081.200 410.270 C2081.130 402.990 2081.060 395.710 2080.990 388.440 L2093.650 370.650 C2100.550 368.330 2107.450 366.020 2114.350 363.700 C2121.290 365.880 2128.240 368.060 2135.180 370.240 C2139.520 376.090 2143.850 381.940 2148.190 387.780 L2148.400 409.620 L2135.740 427.410 Z
polygon	tool	M1670.595 2689.119 L1669.202 2698.448 L1653.248 2707.899 L1648.636 2699.891 L1655.558 2689.443 L1670.595 2689.119 Z
polygon	svg	M4820.710 4942.920 C4824.320 4938.000 4827.940 4933.080 4831.560 4928.160 C4837.630 4928.830 4843.700 4929.510 4849.770 4930.180 C4852.220 4935.770 4854.680 4941.370 4857.130 4946.960 C4853.510 4951.880 4849.890 4956.800 4846.280 4961.720 C4840.200 4961.050 4834.130 4960.380 4828.060 4959.700 C4825.610 4954.110 4823.160 4948.520 4820.710 4942.920 Z
polygon	tool	M4924.463 3243.193 L4866.414 3504.065 L4600.371 3529.472 L4493.996 3284.301 L4694.296 3107.371 L4924.463 3243.193 Z
polygon	svg	M2492.120 493.490 C2504.690 484.630 2517.270 475.770 2529.840 466.920 C2543.880 464.050 2557.910 461.190 2571.950 458.320 C2597.490 466.990 2623.040 475.650 2648.590 484.320 C2659.920 497.270 2671.260 510.230 2682.600 523.180 C2683.800 536.090 2684.990 548.990 2686.190 561.900 C2672.600 573.690 2659.020 585.490 2645.430 597.290 C2626.490 598.040 2607.540 598.790 2588.600 599.540 C2574.930 594.910 2561.260 590.280 2547.600 585.650 C2530.140 569.850 2512.680 554.050 2495.230 538.250 C2494.190 523.330 2493.150 508.410 2492.120 493.490 Z
polygon	tool	M2495.927 2108.767 L2479.262 2075.504 L2483.226 2038.512 L2506.559 2009.535 L2541.855 1997.773 L2577.907 2006.960 L2603.269 2034.181 L2609.888 2070.791 L2595.663 2105.168 L2565.110 2126.398 L2527.930 2127.739 L2495.927 2108.767 Z
polygon	svg	M650.870 354.030 C650.970 331.650 651.060 309.260 651.150 286.870 C667.050 271.100 682.950 255.340 698.850 239.570 C721.240 239.660 743.630 239.760 766.020 239.850 C781.780 255.750 797.550 271.650 813.310 287.550 C813.220 309.940 813.120 332.330 813.030 354.710 C797.130 370.480 781.230 386.250 765.340 402.010 C742.950 401.920 720.560 401.820 698.170 401.730 C682.400 385.830 666.640 369.930 650.870 354.030 Z
polygon	tool	M1187.113 2118.286 L1024.359 2084.917 L971.880 1927.283 L1082.156 1803.018 L1244.911 1836.387 L1297.389 1994.021 L1187.113 2118.286 Z
polygon	svg	M3287.660 1664.400 L3282.110 1664.370 C3281.200 1662.770 3280.280 1661.170 3279.370 1659.560 C3280.300 1657.970 3281.230 1656.370 3282.160 1654.780 C3284.010 1654.790 3285.860 1654.790 3287.700 1654.800 C3288.620 1656.410 3289.530 1658.010 3290.450 1659.620 C3289.520 1661.210 3288.590 1662.810 3287.660 1664.400 Z
polygon	tool	M4484.270 3544.032 L4527.426 3510.270 L4582.184 3508.323 L4627.630 3538.934 L4646.403 3590.411 L4631.334 3643.091 L4588.178 3676.853 L4533.419 3678.800 L4487.974 3648.189 L4469.200 3596.712 L4484.270 3544.032 Z
polygon	svg	M2493.530 3777.900 C2496.700 3780.190 2499.870 3782.480 2503.050 3784.770 C2503.230 3788.680 2503.410 3792.590 2503.600 3796.500 L2494.780 3804.240 C2490.930 3803.550 2487.070 3802.860 2483.220 3802.170 L2477.640 3791.850 C2479.160 3788.250 2480.690 3784.650 2482.220 3781.050 L2493.530 3777.900 Z
polygon	tool	M4529.868 1926.530 L4608.198 1902.762 L4680.393 1941.343 L4704.161 2019.673 L4665.580 2091.867 L4587.250 2115.636 L4515.056 2077.055 L4491.287 1998.725 L4529.868 1926.530 Z
polygon	svg	M2036.570 4118.810 C2043.980 4124.380 2051.400 4129.950 2058.810 4135.520 C2063.060 4150.390 2067.300 4165.270 2071.540 4180.140 C2061.950 4182.640 2052.360 4185.150 2042.770 4187.650 C2036.800 4179.190 2030.820 4170.720 2024.840 4162.260 C2028.750 4147.780 2032.660 4133.300 2036.570 4118.810 Z
polygon	tool	M4024.579 1888.309 L4046.000 1885.430 L4065.022 1895.692 L4074.379 1915.174 L4070.498 1936.436 L4054.860 1951.356 L4033.440 1954.235 L4014.418 1943.973 L4005.061 1924.491 L4008.942 1903.229 L4024.579 1888.309 Z
polygon	svg	M1458.550 2169.860 C1455.100 2163.180 1451.650 2156.490 1448.200 2149.810 C1448.550 2142.300 1448.900 2134.790 1449.260 2127.280 L1461.440 2108.290 C1468.120 2104.840 1474.800 2101.380 1481.480 2097.930 C1488.990 2098.290 1496.510 2098.640 1504.020 2098.990 L1523.010 2111.170 C1526.460 2117.850 1529.910 2124.530 1533.360 2131.220 L1532.310 2153.750 C1528.240 2160.080 1524.180 2166.410 1520.120 2172.740 L1500.080 2183.090 C1492.570 2182.740 1485.050 2182.390 1477.540 2182.040 L1458.550 2169.860 Z
polygon	tool	M1107.094 3101.285 L1114.309 3105.084 L1117.393 3112.632 L1114.905 3120.397 L1108.007 3124.745 L1099.928 3123.642 L1094.448 3117.605 L1094.131 3109.457 L1099.126 3103.012 L1107.094 3101.285 Z
polygon	svg	M1799.790 1916.390 C1802.200 1916.610 1804.600 1916.830 1807.010 1917.050 C1808.100 1917.720 1809.190 1918.380 1810.280 1919.050 C1812.150 1921.530 1814.010 1924.000 1815.870 1926.480 C1816.650 1929.300 1817.420 1932.130 1818.190 1934.950 C1818.070 1936.750 1817.940 1938.540 1817.810 1940.340 C1816.510 1942.210 1815.210 1944.080 1813.900 1945.950 C1812.390 1945.870 1810.880 1945.800 1809.370 1945.720 C1807.360 1944.510 1805.350 1943.290 1803.340 1942.080 C1801.530 1939.450 1799.730 1936.820 1797.920 1934.190 C1797.390 1932.450 1796.860 1930.700 1796.330 1928.960 C1796.700 1925.780 1797.070 1922.610 1797.440 1919.440 C1798.230 1918.420 1799.010 1917.410 1799.790 1916.390 Z
polygon	tool	M4748.676 139.438 L4690.140 220.103 L4595.334 189.358 L4595.277 89.692 L4690.048 58.840 L4748.676 139.438 Z
polygon	svg	M3597.910 4182.360 C3589.000 4187.130 3580.100 4191.900 3571.190 4196.670 C3561.520 4193.750 3551.850 4190.820 3542.180 4187.900 C3537.410 4178.990 3532.640 4170.080 3527.870 4161.180 C3530.800 4151.510 3533.720 4141.840 3536.650 4132.170 C3545.550 4127.400 3554.460 4122.630 3563.370 4117.860 C3573.030 4120.790 3582.700 4123.710 3592.370 4126.640 C3597.140 4135.540 3601.910 4144.450 3606.680 4153.350 C3603.760 4163.020 3600.830 4172.690 3597.910 4182.360 Z
polygon	tool	M739.668 286.003 L711.004 275.196 L703.364 242.760 L736.496 213.705 L757.724 223.102 L770.110 261.655 L739.668 286.003 Z
polygon	svg	M3036.550 2312.820 C2999.090 2314.130 2961.630 2315.440 2924.160 2316.750 L2824.860 2263.950 C2804.990 2232.160 2785.130 2200.370 2765.260 2168.580 C2763.950 2131.120 2762.640 2093.650 2761.330 2056.190 L2814.130 1956.890 C2845.920 1937.020 2877.710 1917.160 2909.500 1897.290 C2946.970 1895.980 2984.430 1894.670 3021.890 1893.360 L3121.190 1946.160 C3141.060 1977.950 3160.930 2009.740 3180.790 2041.530 C3182.100 2078.990 3183.410 2116.460 3184.720 2153.920 C3167.120 2187.020 3149.520 2220.120 3131.930 2253.220 C3100.140 2273.090 3068.350 2292.960 3036.550 2312.820 Z
polygon	tool	M500.923 569.591 L504.885 571.292 L506.026 575.451 L503.486 578.935 L499.178 579.121 L496.346 575.870 L497.123 571.629 L500.923 569.591 Z
polygon	svg	M922.940 3282.230 C971.080 3296.670 1019.220 3311.120 1067.360 3325.570 C1086.080 3372.210 1104.800 3418.850 1123.520 3465.500 C1098.730 3509.220 1073.930 3552.930 1049.140 3596.650 C999.500 3604.520 949.860 3612.390 900.220 3620.270 C863.120 3586.360 826.010 3552.460 788.910 3518.560 C792.280 3468.410 795.650 3418.270 799.020 3368.120 C840.330 3339.490 881.640 3310.860 922.940 3282.230 Z
polygon	tool	M4740.824 3927.612 L4700.566 3877.431 L4714.108 3792.591 L4770.863 3727.433 L4877.674 3732.185 L4896.618 3796.965 L4878.318 3870.446 L4810.779 3937.686 L4740.824 3927.612 Z
polygon	svg	M2826.930 503.540 L2824.770 488.480 C2827.440 484.180 2830.120 479.870 2832.790 475.560 C2837.610 473.980 2842.430 472.400 2847.240 470.820 C2851.950 472.710 2856.650 474.600 2861.360 476.480 L2868.530 489.890 L2865.410 504.770 C2861.430 507.910 2857.440 511.040 2853.450 514.170 C2848.390 514.010 2843.320 513.840 2838.250 513.680 C2834.480 510.300 2830.700 506.920 2826.930 503.540 Z
polygon	tool	M795.239 4512.988 L793.925 4517.425 L790.421 4520.448 L785.838 4521.097 L781.633 4519.165 L779.139 4515.266 L779.150 4510.638 L781.660 4506.750 L785.874 4504.837 L790.454 4505.506 L793.945 4508.544 L795.239 4512.988 Z
polygon	svg	M3150.270 3020.690 C3153.180 3015.440 3156.090 3010.190 3159.000 3004.930 C3161.830 3002.410 3164.670 2999.900 3167.510 2997.380 C3173.330 2996.220 3179.150 2995.070 3184.970 2993.910 C3191.850 2995.920 3198.740 2997.920 3205.620 2999.930 C3208.790 3002.180 3211.960 3004.430 3215.120 3006.680 C3216.970 3012.520 3218.810 3018.370 3220.650 3024.220 C3219.380 3027.200 3218.110 3030.180 3216.830 3033.160 C3212.950 3036.710 3209.060 3040.260 3205.170 3043.810 C3199.000 3045.640 3192.840 3047.470 3186.670 3049.300 C3179.380 3047.250 3172.080 3045.190 3164.790 3043.130 C3161.470 3039.340 3158.160 3035.550 3154.840 3031.760 C3153.320 3028.070 3151.800 3024.380 3150.270 3020.690 L3150.270 3020.690 Z
polygon	tool	M2369.364 4274.257 L2604.516 4233.381 L2716.057 4444.394 L2549.841 4615.682 L2335.572 4510.531 L2369.364 4274.257 Z
polygon	svg	M4825.770 1482.240 C4827.000 1481.420 4828.240 1480.600 4829.470 1479.780 C4830.950 1479.840 4832.440 1479.900 4833.920 1479.960 C4835.080 1480.880 4836.250 1481.800 4837.410 1482.720 L4838.610 1487.010 C4838.100 1488.400 4837.580 1489.790 4837.070 1491.180 C4835.830 1492.000 4834.600 1492.820 4833.360 1493.650 C4831.880 1493.590 4830.390 1493.530 4828.910 1493.470 C4827.750 1492.550 4826.580 1491.620 4825.420 1490.700 C4825.020 1489.280 4824.620 1487.850 4824.220 1486.420 C4824.730 1485.030 4825.250 1483.630 4825.770 1482.240 Z
polygon	tool	M3882.655 4355.903 L3872.304 4354.633 L3863.974 4348.356 L3859.899 4338.756 L3861.169 4328.404 L3867.446 4320.074 L3877.046 4315.999 L3887.398 4317.270 L3895.728 4323.546 L3899.803 4333.147 L3898.532 4343.498 L3892.256 4351.828 L3882.655 4355.903 Z
polygon	svg	M4405.350 1743.170 C4401.600 1737.570 4397.850 1731.970 4394.090 1726.370 C4394.820 1719.670 4395.550 1712.970 4396.270 1706.270 C4401.140 1701.610 4406.000 1696.940 4410.860 1692.280 C4417.590 1691.830 4424.310 1691.380 4431.030 1690.930 L4447.350 1702.870 C4448.960 1709.410 4450.570 1715.960 4452.180 1722.500 C4449.210 1728.550 4446.230 1734.590 4443.260 1740.640 C4437.090 1743.360 4430.930 1746.080 4424.760 1748.810 L4405.350 1743.170 Z
polygon	tool	M3015.219 984.075 L3018.716 985.716 L3020.771 988.987 L3020.732 992.849 L3018.610 996.077 L3015.080 997.646 L3011.262 997.057 L3008.369 994.497 L3007.319 990.780 L3008.445 987.085 L3011.391 984.586 L3015.219 984.075 Z
polygon	svg	M295.210 3183.530 C310.240 3248.880 325.280 3314.230 340.310 3379.590 C304.730 3436.430 269.150 3493.280 233.570 3550.120 C168.210 3565.150 102.860 3580.180 37.500 3595.220 C-19.340 3559.640 -76.180 3524.050 -133.030 3488.470 C-148.060 3423.120 -163.090 3357.760 -178.130 3292.410 C-142.540 3235.570 -106.960 3178.720 -71.380 3121.880 C-6.030 3106.850 59.330 3091.810 124.680 3076.780 C181.530 3112.360 238.370 3147.940 295.210 3183.530 Z
polygon	tool	M4294.649 4956.063 L4203.645 4973.342 L4152.419 4894.831 L4169.262 4832.722 L4255.753 4810.018 L4306.185 4855.542 L4294.649 4956.063 Z
polygon	svg	M1882.920 1012.110 C1898.160 993.370 1913.390 974.640 1928.630 955.900 C1952.650 953.420 1976.670 950.940 2000.690 948.470 C2019.430 963.700 2038.160 978.940 2056.900 994.170 C2059.380 1018.190 2061.860 1042.210 2064.330 1066.230 C2049.100 1084.970 2033.860 1103.710 2018.630 1122.440 L1946.570 1129.880 C1927.830 1114.640 1909.090 1099.410 1890.360 1084.170 L1882.920 1012.110 Z
polygon	tool	M878.064 697.293 L862.560 690.919 L854.781 676.070 L858.366 659.695 L871.639 649.456 L888.388 650.143 L900.776 661.436 L903.008 678.050 L894.038 692.211 L878.064 697.293 Z
polygon	svg	M4486.850 4009.730 C4487.520 4007.830 4488.200 4005.920 4488.870 4004.010 L4495.980 4003.290 C4496.930 4004.220 4497.870 4005.160 4498.820 4006.090 C4498.330 4007.290 4497.850 4008.480 4497.360 4009.670 C4494.840 4010.320 4492.320 4010.960 4489.790 4011.610 C4488.810 4010.980 4487.830 4010.360 4486.850 4009.730 Z
polygon	tool	M5026.062 3375.473 L5025.854 3403.710 L5010.412 3427.351 L4984.641 3438.891 L4956.721 3434.666 L4935.518 3416.018 L4927.763 3388.866 L4935.919 3361.832 L4957.395 3343.499 L4985.374 3339.687 L5010.972 3351.606 L5026.062 3375.473 Z
polygon	svg	M846.270 3933.880 C850.560 3930.950 854.860 3928.020 859.150 3925.090 C863.270 3928.270 867.380 3931.450 871.490 3934.630 C869.740 3939.530 867.990 3944.420 866.240 3949.320 C861.040 3949.160 855.840 3949.010 850.650 3948.850 L846.270 3933.880 Z
polygon	tool	M3323.378 2158.270 L3317.355 2151.533 L3317.072 2142.502 L3322.660 2135.401 L3331.505 2133.553 L3339.468 2137.823 L3342.824 2146.213 L3340.001 2154.797 L3332.322 2159.559 L3323.378 2158.270 Z
polygon	svg	M632.670 307.630 C636.910 305.000 641.150 302.370 645.400 299.740 C649.790 302.100 654.190 304.460 658.590 306.810 C658.750 311.800 658.910 316.790 659.060 321.780 L646.340 329.670 C641.940 327.310 637.540 324.950 633.140 322.600 C632.990 317.610 632.830 312.620 632.670 307.630 Z
polygon	tool	M1107.654 2487.372 L1110.248 2497.567 L1094.897 2514.774 L1087.689 2511.885 L1094.770 2489.330 L1107.654 2487.372 Z
polygon	svg	M4292.630 4799.220 C4285.800 4791.690 4278.980 4784.150 4272.160 4776.620 C4273.500 4768.880 4274.850 4761.150 4276.190 4753.410 L4301.000 4744.590 C4306.700 4756.740 4312.410 4768.890 4318.110 4781.030 C4309.610 4787.100 4301.120 4793.160 4292.630 4799.220 Z
polygon	tool	M3126.029 1576.631 L3130.540 1573.671 L3141.784 1578.246 L3140.591 1584.408 L3132.154 1585.562 L3126.029 1576.631 Z
polygon	svg	M326.940 4322.220 C335.120 4335.460 343.300 4348.710 351.490 4361.950 C349.240 4377.350 347.000 4392.760 344.760 4408.160 L309.900 4439.240 C294.340 4439.710 278.780 4440.170 263.220 4440.640 C251.000 4430.990 238.780 4421.350 226.560 4411.710 C223.400 4396.460 220.240 4381.220 217.080 4365.980 C224.450 4352.270 231.830 4338.560 239.210 4324.850 L282.590 4307.570 C297.370 4312.450 312.160 4317.340 326.940 4322.220 Z
polygon	tool	M3167.360 3818.655 L3215.692 3827.261 L3261.885 3892.858 L3263.214 3967.424 L3238.150 4013.504 L3183.806 4024.339 L3128.783 3972.092 L3115.461 3919.913 L3133.501 3844.712 L3167.360 3818.655 Z
polygon	svg	M4387.800 1958.480 C4386.280 1956.860 4384.760 1955.230 4383.240 1953.610 L4384.200 1947.010 L4389.960 1943.650 C4392.040 1944.450 4394.110 1945.250 4396.180 1946.060 C4396.850 1948.180 4397.510 1950.300 4398.180 1952.420 C4396.930 1954.270 4395.690 1956.110 4394.450 1957.950 C4392.230 1958.130 4390.010 1958.300 4387.800 1958.480 Z
polygon	tool	M2118.295 1477.929 L2138.667 1461.496 L2164.836 1462.002 L2184.558 1479.212 L2188.603 1505.071 L2175.080 1527.481 L2150.315 1535.956 L2125.898 1526.529 L2113.252 1503.613 L2118.295 1477.929 Z
polygon	svg	M2396.700 3950.810 C2406.120 3923.340 2415.540 3895.860 2424.950 3868.390 C2454.940 3854.970 2484.920 3841.550 2514.900 3828.140 C2545.270 3843.580 2575.630 3859.030 2605.990 3874.480 C2593.430 3898.680 2580.880 3922.880 2568.330 3947.080 C2532.160 3958.680 2495.990 3970.290 2459.820 3981.890 L2396.700 3950.810 Z
polygon	tool	M225.649 425.649 L224.196 420.635 L228.765 411.600 L237.984 408.913 L242.966 417.533 L236.371 426.634 L225.649 425.649 Z
polygon	svg	M1289.100 2305.150 C1263.600 2249.560 1238.100 2193.970 1212.610 2138.380 C1249.070 2062.190 1285.530 1985.990 1321.990 1909.800 C1384.270 1887.750 1446.540 1865.710 1508.820 1843.670 C1559.750 1881.690 1610.680 1919.720 1661.610 1957.750 C1672.870 2026.060 1684.130 2094.370 1695.390 2162.670 C1655.070 2216.890 1614.740 2271.100 1574.420 2325.310 C1479.320 2318.590 1384.210 2311.870 1289.100 2305.150 Z
polygon	tool	M4627.193 1650.668 L4621.206 1635.761 L4624.229 1619.984 L4635.302 1608.345 L4650.910 1604.541 L4666.096 1609.779 L4676.040 1622.395 L4677.585 1638.385 L4670.239 1652.672 L4656.336 1660.719 L4640.289 1659.972 L4627.193 1650.668 Z
polygon	svg	M3677.160 3171.220 C3658.040 3181.070 3638.910 3190.910 3619.780 3200.750 C3598.830 3195.190 3577.870 3189.630 3556.910 3184.070 C3540.300 3161.470 3523.690 3138.880 3507.080 3116.280 C3509.890 3100.570 3512.700 3084.860 3515.510 3069.140 C3533.420 3060.770 3551.340 3052.390 3569.250 3044.020 C3594.920 3053.130 3620.590 3062.240 3646.260 3071.360 L3677.220 3112.940 C3677.200 3132.370 3677.180 3151.800 3677.160 3171.220 Z
polygon	tool	M4668.760 3798.787 L4579.015 3842.083 L4480.962 3824.361 L4412.052 3752.389 L4398.607 3653.658 L4445.762 3565.880 L4535.506 3522.583 L4633.560 3540.305 L4702.470 3612.278 L4715.915 3711.009 L4668.760 3798.787 Z
polygon	svg	M3295.800 3867.660 L3297.960 3870.480 C3298.060 3871.660 3298.150 3872.840 3298.250 3874.020 C3297.690 3875.060 3297.140 3876.110 3296.580 3877.150 C3295.550 3877.730 3294.510 3878.310 3293.480 3878.890 C3292.300 3878.810 3291.120 3878.740 3289.940 3878.670 C3288.980 3877.970 3288.030 3877.270 3287.070 3876.570 C3286.650 3875.460 3286.220 3874.360 3285.800 3873.250 C3286.030 3872.090 3286.270 3870.930 3286.510 3869.780 C3287.340 3868.930 3288.170 3868.080 3289.000 3867.240 C3290.150 3866.980 3291.310 3866.710 3292.460 3866.450 C3293.580 3866.850 3294.690 3867.250 3295.800 3867.660 Z
polygon	tool	M1213.718 2350.721 L1251.448 2462.449 L1222.785 2576.839 L1136.827 2657.574 L1020.866 2679.020 L911.719 2634.369 L844.040 2537.796 L839.315 2419.964 L899.045 2318.282 L1004.266 2265.035 L1121.572 2277.128 L1213.718 2350.721 Z
polygon	svg	M4202.720 4792.270 C4202.370 4791.430 4202.020 4790.600 4201.660 4789.770 C4202.690 4788.260 4203.710 4786.760 4204.740 4785.250 L4206.660 4783.810 C4208.580 4783.290 4210.500 4782.760 4212.420 4782.230 C4213.110 4782.390 4213.810 4782.560 4214.500 4782.720 C4215.020 4783.550 4215.540 4784.380 4216.070 4785.210 C4216.010 4786.090 4215.960 4786.970 4215.910 4787.850 C4214.980 4789.010 4214.040 4790.180 4213.110 4791.340 C4211.550 4792.110 4209.980 4792.890 4208.420 4793.660 C4207.130 4793.670 4205.840 4793.670 4204.550 4793.680 L4202.720 4792.270 Z
polygon	tool	M3129.725 2944.669 L3154.341 2958.583 L3166.077 2984.308 L3160.450 3012.018 L3139.611 3031.129 L3111.518 3034.341 L3086.902 3020.427 L3075.167 2994.702 L3080.793 2966.992 L3101.633 2947.881 L3129.725 2944.669 Z
polygon	svg	M280.950 4788.480 C279.630 4787.630 278.300 4786.780 276.980 4785.930 C276.400 4784.470 275.830 4783.010 275.250 4781.540 C275.650 4780.020 276.050 4778.500 276.440 4776.980 C277.660 4775.980 278.870 4774.980 280.090 4773.980 C281.660 4773.890 283.230 4773.790 284.800 4773.700 C286.120 4774.550 287.450 4775.400 288.770 4776.240 C289.350 4777.710 289.920 4779.170 290.500 4780.640 C290.100 4782.160 289.700 4783.680 289.310 4785.200 C288.090 4786.200 286.880 4787.200 285.660 4788.200 C284.090 4788.290 282.520 4788.380 280.950 4788.480 Z
polygon	tool	M2581.561 4155.194 L2562.131 4111.445 L2597.735 4079.446 L2639.169 4103.420 L2629.173 4150.235 L2581.561 4155.194 Z
polygon	svg	M4202.570 1660.130 C4203.290 1668.340 4204.010 1676.560 4204.730 1684.770 C4195.280 1698.020 4185.840 1711.280 4176.400 1724.540 L4155.610 1739.210 C4139.970 1741.450 4124.330 1743.680 4108.690 1745.910 C4102.790 1742.300 4096.890 1738.700 4091.000 1735.090 C4090.230 1726.360 4089.460 1717.630 4088.700 1708.900 L4110.480 1680.310 C4123.420 1672.050 4136.350 1663.780 4149.280 1655.520 C4160.370 1654.640 4171.460 1653.770 4182.540 1652.900 C4189.220 1655.310 4195.900 1657.720 4202.570 1660.130 L4202.570 1660.130 Z
polygon	tool	M4248.243 3098.712 L4185.640 3124.705 L4118.428 3115.915 L4064.616 3074.696 L4038.623 3012.093 L4047.414 2944.881 L4088.633 2891.069 L4151.235 2865.076 L4218.448 2873.866 L4272.260 2915.085 L4298.253 2977.688 L4289.462 3044.900 L4248.243 3098.712 Z
polygon	svg	M1083.750 1351.370 C1094.260 1341.590 1104.780 1331.800 1115.290 1322.020 C1132.620 1320.960 1149.940 1319.890 1167.270 1318.830 L1224.450 1349.700 L1241.730 1385.490 C1243.580 1399.900 1245.440 1414.310 1247.290 1428.720 C1237.790 1446.390 1228.280 1464.060 1218.770 1481.740 C1199.340 1489.740 1179.910 1497.740 1160.490 1505.750 C1148.020 1501.990 1135.560 1498.230 1123.100 1494.480 C1106.270 1482.120 1089.440 1469.770 1072.610 1457.410 C1067.730 1441.390 1062.850 1425.370 1057.960 1409.360 C1066.560 1390.030 1075.160 1370.700 1083.750 1351.370 Z
polygon	tool	M1744.682 3346.462 L1721.537 3318.686 L1729.801 3285.285 L1745.734 3271.322 L1778.308 3273.771 L1797.871 3304.240 L1788.451 3334.034 L1762.707 3348.807 L1744.682 3346.462 Z
polygon	svg	M649.010 3000.320 C634.490 2998.000 619.980 2995.680 605.460 2993.360 C596.790 2985.500 588.120 2977.650 579.460 2969.800 C571.180 2948.970 562.910 2928.140 554.640 2907.310 C554.480 2898.370 554.320 2889.440 554.160 2880.500 C562.140 2867.930 570.110 2855.350 578.090 2842.780 C587.090 2843.780 596.080 2844.780 605.070 2845.770 C618.600 2855.830 632.120 2865.900 645.640 2875.960 L669.910 2939.560 C668.970 2954.210 668.030 2968.860 667.080 2983.500 C661.060 2989.110 655.040 2994.710 649.010 3000.320 Z
polygon	tool	M2437.588 282.160 L2349.674 408.566 L2202.288 364.016 L2199.112 210.077 L2344.536 159.487 L2437.588 282.160 Z
polygon	svg	M3396.320 1012.730 L3406.940 1024.880 C3404.920 1032.390 3402.910 1039.910 3400.900 1047.420 C3396.540 1050.600 3392.190 1053.780 3387.830 1056.960 L3368.060 1053.900 C3365.460 1049.430 3362.870 1044.960 3360.270 1040.500 C3362.210 1033.020 3364.140 1025.540 3366.080 1018.060 C3370.520 1015.170 3374.970 1012.280 3379.410 1009.380 C3385.050 1010.500 3390.690 1011.620 3396.320 1012.730 Z
polygon	tool	M32.486 16.035 L50.726 18.178 L64.912 29.842 L70.540 47.325 L65.823 65.074 L52.259 77.456 L34.154 80.539 L17.256 73.344 L6.931 58.155 L6.456 39.796 L15.983 24.094 L32.486 16.035 Z
polygon	svg	M4445.920 2730.490 C4440.270 2733.900 4434.610 2737.310 4428.950 2740.730 C4422.750 2738.430 4416.550 2736.140 4410.360 2733.840 C4408.290 2727.570 4406.220 2721.290 4404.150 2715.010 C4407.770 2709.480 4411.380 2703.950 4415.000 2698.420 L4434.740 2696.560 C4439.330 2701.310 4443.910 2706.070 4448.500 2710.830 C4447.640 2717.380 4446.780 2723.930 4445.920 2730.490 Z
polygon	tool	M1483.402 4767.386 L1490.992 4765.105 L1497.508 4769.616 L1498.043 4777.524 L1492.195 4782.872 L1484.367 4781.635 L1480.454 4774.743 L1483.402 4767.386 Z
polygon	svg	M2343.160 3544.040 C2344.040 3546.630 2344.910 3549.210 2345.780 3551.790 C2343.980 3553.840 2342.190 3555.880 2340.390 3557.930 C2337.710 3557.400 2335.040 3556.860 2332.370 3556.330 C2331.500 3553.740 2330.620 3551.160 2329.750 3548.580 C2331.550 3546.530 2333.350 3544.490 2335.150 3542.440 C2337.820 3542.970 2340.490 3543.510 2343.160 3544.040 Z
polygon	tool	M4680.711 3908.293 L4704.166 3884.905 L4736.542 3877.911 L4767.559 3889.530 L4787.371 3916.075 L4789.686 3949.116 L4773.771 3978.165 L4744.677 3993.997 L4711.642 3991.587 L4685.155 3971.699 L4673.624 3940.648 L4680.711 3908.293 Z
polygon	svg	M3013.660 4480.290 C3013.620 4488.280 3013.570 4496.270 3013.530 4504.270 C3008.350 4510.360 3003.180 4516.450 2998.010 4522.550 C2990.130 4523.890 2982.250 4525.230 2974.370 4526.580 C2967.470 4522.540 2960.570 4518.500 2953.670 4514.470 C2950.980 4506.940 2948.290 4499.410 2945.600 4491.890 C2948.370 4484.390 2951.150 4476.890 2953.930 4469.400 C2960.870 4465.440 2967.820 4461.490 2974.760 4457.530 C2982.630 4458.960 2990.490 4460.390 2998.360 4461.830 C3003.460 4467.980 3008.560 4474.130 3013.660 4480.290 Z
polygon	tool	M4712.252 3905.417 L4709.099 4042.539 L4577.714 4081.913 L4499.666 3969.126 L4582.815 3860.045 L4712.252 3905.417 Z
polygon	svg	M944.550 4498.500 C955.960 4507.120 967.370 4515.730 978.780 4524.350 C980.750 4538.510 982.730 4552.670 984.700 4566.830 C976.090 4578.240 967.470 4589.650 958.860 4601.060 C944.700 4603.040 930.540 4605.010 916.370 4606.990 C904.960 4598.370 893.550 4589.760 882.140 4581.140 C880.170 4566.980 878.190 4552.820 876.220 4538.660 C884.830 4527.250 893.450 4515.840 902.060 4504.430 C916.220 4502.450 930.380 4500.480 944.550 4498.500 Z
polygon	tool	M4464.352 1225.599 L4331.236 1165.520 L4316.707 1020.199 L4435.295 934.956 L4568.411 995.035 L4582.940 1140.356 L4464.352 1225.599 Z
polygon	svg	M854.850 3020.040 C857.240 3026.620 859.640 3033.200 862.030 3039.790 C860.810 3046.690 859.600 3053.590 858.380 3060.490 C853.870 3065.850 849.370 3071.220 844.860 3076.590 C838.280 3078.980 831.690 3081.380 825.110 3083.770 C818.210 3082.550 811.310 3081.330 804.410 3080.120 C799.050 3075.610 793.680 3071.110 788.310 3066.600 C785.920 3060.020 783.520 3053.430 781.130 3046.850 C782.350 3039.950 783.570 3033.050 784.780 3026.150 C789.290 3020.780 793.790 3015.420 798.300 3010.050 C804.880 3007.660 811.470 3005.260 818.050 3002.870 C824.950 3004.090 831.850 3005.300 838.750 3006.520 C844.120 3011.030 849.480 3015.530 854.850 3020.040 Z
polygon	tool	M2855.695 1282.304 L2824.699 1246.661 L2827.986 1199.541 L2863.628 1168.545 L2910.749 1171.831 L2941.744 1207.474 L2938.458 1254.595 L2902.815 1285.590 L2855.695 1282.304 Z
polygon	svg	M531.170 2355.530 C530.870 2349.690 530.570 2343.840 530.260 2337.990 C533.790 2333.320 537.310 2328.650 540.840 2323.970 C546.540 2322.660 552.250 2321.350 557.950 2320.030 C563.170 2322.690 568.380 2325.350 573.600 2328.010 C575.880 2333.400 578.170 2338.790 580.450 2344.180 C578.740 2349.780 577.020 2355.380 575.310 2360.970 C570.400 2364.160 565.490 2367.340 560.570 2370.530 C554.760 2369.810 548.950 2369.100 543.140 2368.380 C539.150 2364.100 535.160 2359.820 531.170 2355.530 Z
polygon	tool	M4336.222 916.780 L4320.081 923.472 L4301.833 917.643 L4290.928 901.148 L4289.286 889.280 L4295.001 874.514 L4313.549 867.270 L4327.375 869.795 L4342.573 887.868 L4343.637 902.523 L4336.222 916.780 Z
polygon	svg	M3558.280 677.380 C3559.720 693.590 3561.150 709.800 3562.580 726.020 C3554.210 739.970 3545.850 753.930 3537.480 767.890 C3522.500 774.260 3507.530 780.630 3492.550 787.010 C3476.690 783.360 3460.830 779.720 3444.970 776.070 C3434.280 763.800 3423.600 751.530 3412.910 739.250 C3411.470 723.040 3410.040 706.830 3408.610 690.620 C3416.980 676.660 3425.340 662.710 3433.710 648.750 C3448.690 642.380 3463.660 636.000 3478.640 629.630 C3494.500 633.280 3510.360 636.920 3526.220 640.570 C3536.910 652.840 3547.590 665.110 3558.280 677.380 Z
polygon	tool	M3896.629 1441.497 L3903.185 1431.483 L3913.179 1430.111 L3914.333 1438.787 L3906.147 1443.548 L3896.629 1441.497 Z
polygon	svg	M1781.460 3482.970 C1788.010 3474.730 1794.560 3466.480 1801.110 3458.230 C1816.420 3456.840 1831.720 3455.450 1847.030 3454.060 C1846.920 3464.150 1846.810 3474.250 1846.700 3484.350 C1835.500 3488.650 1824.300 3492.950 1813.100 3497.260 C1802.560 3492.500 1792.010 3487.740 1781.460 3482.970 Z
polygon	tool	M4869.807 3721.029 L4821.407 3932.220 L4614.309 3995.899 L4455.613 3848.387 L4504.014 3637.196 L4711.111 3573.517 L4869.807 3721.029 Z
polygon	svg	M1186.400 720.260 C1181.450 730.580 1176.500 740.910 1171.550 751.230 C1163.080 754.300 1154.620 757.370 1146.150 760.440 C1133.780 756.960 1121.410 753.490 1109.040 750.010 C1108.740 744.490 1108.450 738.970 1108.160 733.450 C1114.100 727.770 1120.050 722.090 1125.990 716.410 C1141.520 714.860 1157.040 713.310 1172.560 711.760 C1177.170 714.590 1181.780 717.420 1186.400 720.260 Z
polygon	tool	M3885.838 2980.348 L3915.441 2928.888 L3973.530 2941.140 L3979.828 3000.172 L3925.632 3024.404 L3885.838 2980.348 Z
polygon	svg	M1363.000 2133.930 C1366.120 2135.780 1369.230 2137.630 1372.350 2139.490 C1373.970 2142.730 1375.580 2145.980 1377.200 2149.220 C1376.810 2152.830 1376.420 2156.430 1376.030 2160.040 L1369.190 2168.500 C1365.750 2169.640 1362.300 2170.780 1358.860 2171.920 C1355.350 2171.010 1351.840 2170.110 1348.330 2169.210 C1345.860 2166.550 1343.390 2163.900 1340.930 2161.240 L1339.010 2150.530 C1340.400 2147.190 1341.790 2143.840 1343.190 2140.490 C1346.170 2138.430 1349.150 2136.360 1352.130 2134.300 C1355.750 2134.170 1359.380 2134.050 1363.000 2133.930 Z
polygon	tool	M1170.562 2239.781 L1165.812 2238.293 L1163.129 2234.100 L1163.770 2229.163 L1167.433 2225.793 L1172.406 2225.567 L1176.361 2228.590 L1177.448 2233.448 L1175.157 2237.867 L1170.562 2239.781 Z
polygon	svg	M2767.200 4871.680 L2593.920 5074.690 C2506.440 5058.500 2418.950 5042.320 2331.470 5026.130 C2301.750 4942.270 2272.020 4858.420 2242.300 4774.560 L2415.580 4571.550 C2503.060 4587.740 2590.550 4603.920 2678.030 4620.110 C2707.760 4703.970 2737.480 4787.820 2767.200 4871.680 Z
polygon	tool	M1274.059 78.355 L1390.190 5.613 L1464.763 -4.188 L1551.913 40.206 L1603.472 110.367 L1610.898 237.005 L1557.086 311.136 L1450.035 356.136 L1381.430 337.098 L1281.875 268.904 L1252.636 180.581 L1274.059 78.355 Z
polygon	svg	M951.890 2188.780 C952.390 2188.860 952.890 2188.930 953.390 2189.010 C954.120 2189.930 954.850 2190.840 955.580 2191.760 C955.750 2193.050 955.920 2194.340 956.080 2195.630 C955.730 2196.290 955.380 2196.940 955.030 2197.590 C954.340 2197.710 953.650 2197.840 952.960 2197.960 C952.360 2197.490 951.750 2197.020 951.150 2196.550 C950.710 2195.680 950.270 2194.810 949.820 2193.940 C949.830 2192.880 949.830 2191.830 949.840 2190.780 C950.520 2190.110 951.210 2189.440 951.890 2188.780 L951.890 2188.780 Z
polygon	tool	M538.893 4340.502 L554.347 4333.606 L571.076 4336.159 L583.768 4347.352 L588.394 4363.630 L583.486 4379.825 L570.601 4390.795 L553.831 4393.058 L538.499 4385.895 L529.474 4371.580 L529.621 4354.658 L538.893 4340.502 Z
polygon	svg	M3755.130 3561.160 C3761.440 3563.380 3767.750 3565.600 3774.060 3567.830 L3780.660 3586.790 C3777.080 3592.440 3773.510 3598.100 3769.940 3603.760 C3763.290 3604.500 3756.640 3605.240 3749.990 3605.970 L3735.830 3591.750 C3736.590 3585.100 3737.350 3578.460 3738.110 3571.810 C3743.780 3568.260 3749.450 3564.710 3755.130 3561.160 Z
polygon	tool	M44.073 3492.830 L45.180 3505.055 L33.924 3520.093 L19.486 3524.527 L14.994 3517.828 L18.693 3503.293 L34.170 3491.263 L44.073 3492.830 Z
polygon	svg	M4108.290 1463.670 C4138.250 1453.840 4168.210 1444.010 4198.180 1434.180 C4247.730 1470.070 4297.270 1505.960 4346.820 1541.860 C4358.330 1574.300 4369.830 1606.750 4381.340 1639.200 C4369.250 1674.540 4357.160 1709.880 4345.070 1745.210 C4307.700 1739.880 4270.330 1734.550 4232.970 1729.220 L4150.050 1652.570 C4131.570 1608.920 4113.080 1565.280 4094.600 1521.640 C4099.160 1502.320 4103.720 1483.000 4108.290 1463.670 Z
polygon	tool	M3007.179 655.518 L3009.520 653.784 L3016.371 656.413 L3015.920 659.522 L3009.801 659.795 L3007.179 655.518 Z
polygon	svg	M2859.930 3547.310 C2835.040 3524.410 2810.150 3501.520 2785.250 3478.630 C2780.900 3445.090 2776.540 3411.560 2772.190 3378.020 L2826.850 3292.550 C2859.120 3282.440 2891.390 3272.320 2923.670 3262.210 C2954.890 3275.210 2986.110 3288.200 3017.330 3301.200 C3032.890 3331.230 3048.450 3361.250 3064.020 3391.280 C3056.640 3424.280 3049.260 3457.290 3041.880 3490.290 C3015.020 3510.830 2988.150 3531.370 2961.280 3551.910 C2927.500 3550.380 2893.720 3548.840 2859.930 3547.310 Z
polygon	tool	M3931.542 2761.797 L3945.390 2761.160 L3959.379 2774.807 L3955.473 2794.188 L3936.529 2795.546 L3925.112 2779.772 L3931.542 2761.797 Z
polygon	svg	M3647.750 954.950 C3648.110 953.930 3648.460 952.900 3648.820 951.880 C3650.800 950.590 3652.780 949.300 3654.770 948.000 C3656.190 947.920 3657.620 947.840 3659.050 947.750 C3660.390 948.850 3661.730 949.950 3663.070 951.040 L3662.650 954.190 C3660.540 955.430 3658.430 956.670 3656.330 957.910 C3654.370 957.890 3652.420 957.870 3650.470 957.850 C3649.560 956.880 3648.660 955.920 3647.750 954.950 Z
polygon	tool	M4659.684 3590.680 L4652.880 3593.271 L4648.313 3587.601 L4652.295 3581.505 L4659.322 3583.408 L4659.684 3590.680 Z
polygon	svg	M2989.200 4800.600 C2949.290 4754.800 2909.370 4709.000 2869.460 4663.200 C2873.630 4602.590 2877.790 4541.980 2881.950 4481.370 C2927.760 4441.460 2973.560 4401.550 3019.360 4361.640 C3079.970 4365.800 3140.580 4369.970 3201.190 4374.130 L3320.920 4511.530 C3316.760 4572.140 3312.590 4632.750 3308.430 4693.360 C3262.630 4733.270 3216.830 4773.180 3171.020 4813.090 C3110.420 4808.930 3049.810 4804.770 2989.200 4800.600 Z
polygon	tool	M2296.026 1756.191 L2289.027 1811.335 L2250.882 1877.639 L2155.678 1909.451 L2078.907 1891.845 L2023.819 1809.415 L2015.214 1744.575 L2054.604 1666.591 L2124.573 1624.388 L2198.172 1633.798 L2255.732 1660.948 L2296.026 1756.191 Z
polygon	svg	M3939.740 833.690 C3935.190 864.230 3930.650 894.760 3926.110 925.290 C3905.780 948.520 3885.450 971.760 3865.110 994.990 L3776.130 1020.640 C3746.550 1011.800 3716.980 1002.950 3687.400 994.110 L3627.100 923.820 C3622.850 893.240 3618.610 862.670 3614.370 832.090 C3627.330 804.070 3640.290 776.060 3653.260 748.040 C3679.310 731.480 3705.360 714.910 3731.410 698.350 C3762.280 698.500 3793.150 698.650 3824.020 698.810 C3849.900 715.620 3875.790 732.440 3901.680 749.260 C3914.360 777.400 3927.050 805.550 3939.740 833.690 Z
polygon	tool	M3008.413 4125.104 L3037.834 4135.706 L3036.842 4166.963 L3006.809 4175.679 L2989.238 4149.809 L3008.413 4125.104 Z
polygon	svg	M3108.530 2253.910 C3105.860 2254.380 3103.190 2254.850 3100.530 2255.310 C3098.500 2253.520 3096.470 2251.720 3094.450 2249.930 C3094.590 2247.230 3094.720 2244.520 3094.860 2241.820 C3097.060 2240.240 3099.260 2238.670 3101.460 2237.090 C3104.070 2237.830 3106.670 2238.560 3109.280 2239.300 C3110.320 2241.800 3111.370 2244.290 3112.420 2246.790 C3111.120 2249.160 3109.820 2251.540 3108.530 2253.910 Z
polygon	tool	M4208.309 376.383 L3978.300 497.806 L3758.139 359.324 L3767.987 99.418 L3997.997 -22.006 L4218.158 116.477 L4208.309 376.383 Z
polygon	svg	M4582.720 3929.410 C4587.790 3933.860 4592.870 3938.310 4597.940 3942.760 C4598.960 3949.430 4599.990 3956.110 4601.010 3962.780 L4590.510 3980.090 C4584.110 3982.250 4577.720 3984.420 4571.330 3986.590 C4565.040 3984.140 4558.750 3981.690 4552.460 3979.250 C4549.210 3973.330 4545.970 3967.410 4542.720 3961.490 L4546.680 3941.630 C4551.940 3937.410 4557.210 3933.190 4562.470 3928.960 L4582.720 3929.410 Z
polygon	tool	M1798.596 4320.220 L1782.100 4326.174 L1771.340 4312.326 L1781.185 4297.813 L1798.030 4302.692 L1798.596 4320.220 Z
polygon	svg	M1148.640 204.720 C1157.370 212.360 1166.110 220.000 1174.840 227.640 L1161.130 259.650 C1149.570 258.600 1138.020 257.550 1126.460 256.500 C1123.890 245.180 1121.310 233.870 1118.740 222.550 C1128.710 216.600 1138.670 210.660 1148.640 204.720 Z
polygon	tool	M4926.891 3193.260 L4924.949 3196.392 L4919.669 3198.461 L4914.506 3198.066 L4908.163 3194.937 L4907.090 3191.538 L4908.410 3188.370 L4914.756 3186.470 L4921.355 3187.304 L4925.076 3189.644 L4926.891 3193.260 Z
polygon	svg	M3136.790 3466.470 C3135.460 3467.620 3134.130 3468.780 3132.800 3469.940 C3131.040 3469.970 3129.270 3470.010 3127.510 3470.040 C3126.140 3468.930 3124.770 3467.830 3123.400 3466.720 L3122.380 3461.530 C3123.230 3459.980 3124.080 3458.440 3124.940 3456.900 C3126.580 3456.260 3128.230 3455.630 3129.870 3454.990 C3131.540 3455.570 3133.210 3456.140 3134.880 3456.710 L3137.610 3461.240 C3137.330 3462.980 3137.060 3464.720 3136.790 3466.470 Z
polygon	tool	M2523.839 4656.322 L2531.726 4662.414 L2530.394 4672.290 L2521.175 4676.075 L2513.288 4669.983 L2514.620 4660.107 L2523.839 4656.322 Z
polygon	svg	M2141.370 1279.060 C2161.250 1256.290 2181.140 1233.510 2201.020 1210.730 C2229.620 1200.950 2258.230 1191.160 2286.830 1181.380 C2316.500 1187.210 2346.170 1193.030 2375.830 1198.860 C2398.610 1218.740 2421.390 1238.630 2444.160 1258.510 C2453.950 1287.110 2463.730 1315.720 2473.520 1344.320 C2467.690 1373.990 2461.860 1403.660 2456.030 1433.320 L2396.390 1501.660 C2367.780 1511.440 2339.180 1521.220 2310.570 1531.010 C2280.910 1525.180 2251.240 1519.350 2221.570 1513.520 C2198.800 1493.640 2176.020 1473.760 2153.240 1453.880 C2143.460 1425.270 2133.670 1396.670 2123.890 1368.060 C2129.720 1338.400 2135.540 1308.730 2141.370 1279.060 Z
polygon	tool	M4452.832 2225.747 L4386.080 2357.920 L4245.419 2404.180 L4113.246 2337.428 L4066.986 2196.767 L4133.738 2064.594 L4274.399 2018.334 L4406.572 2085.086 L4452.832 2225.747 Z
polygon	svg	M303.640 285.860 C313.020 276.650 322.410 267.450 331.790 258.240 C344.610 257.040 357.420 255.840 370.230 254.630 C385.460 262.840 400.680 271.060 415.910 279.270 C420.930 293.210 425.960 307.150 430.990 321.090 C424.760 330.330 418.530 339.580 412.290 348.820 C391.310 349.180 370.330 349.540 349.360 349.900 C338.180 342.760 327.010 335.630 315.830 328.500 C311.770 314.290 307.700 300.070 303.640 285.860 Z
polygon	tool	M4417.083 1193.751 L4416.707 1201.372 L4410.693 1209.362 L4399.863 1215.076 L4387.205 1218.374 L4378.405 1215.881 L4377.047 1207.742 L4378.724 1201.681 L4388.988 1193.516 L4402.870 1187.920 L4409.489 1188.388 L4417.083 1193.751 Z
polygon	svg	M4494.480 3853.100 C4500.180 3866.290 4505.880 3879.470 4511.580 3892.650 C4504.830 3905.330 4498.080 3918.000 4491.320 3930.680 C4477.200 3933.300 4463.080 3935.930 4448.960 3938.550 C4438.110 3929.150 4427.250 3919.740 4416.400 3910.340 C4416.980 3895.990 4417.560 3881.640 4418.150 3867.290 C4429.730 3858.800 4441.320 3850.310 4452.900 3841.820 L4494.480 3853.100 Z
polygon	tool	M2078.050 3490.257 L2082.250 3490.867 L2087.837 3499.559 L2087.240 3505.814 L2084.284 3509.174 L2079.062 3509.010 L2074.575 3502.743 L2073.713 3495.576 L2078.050 3490.257 Z
polygon	svg	M1357.130 1588.930 C1362.920 1589.450 1368.710 1589.970 1374.490 1590.490 C1377.690 1595.340 1380.890 1600.190 1384.100 1605.040 C1382.300 1610.560 1380.510 1616.090 1378.710 1621.610 C1373.270 1623.650 1367.830 1625.700 1362.390 1627.740 C1357.400 1624.760 1352.420 1621.780 1347.430 1618.800 C1346.650 1613.040 1345.870 1607.280 1345.090 1601.530 C1349.100 1597.330 1353.120 1593.130 1357.130 1588.930 L1357.130 1588.930 Z
polygon	tool	M2712.797 157.088 L2711.360 148.630 L2714.346 140.587 L2720.953 135.114 L2729.411 133.678 L2737.454 136.663 L2742.927 143.270 L2744.363 151.728 L2741.378 159.771 L2734.771 165.244 L2726.313 166.680 L2718.269 163.695 L2712.797 157.088 Z
polygon	svg	M1737.460 2888.620 C1731.780 2915.180 1726.110 2941.750 1720.430 2968.310 C1705.090 2972.060 1689.750 2975.800 1674.410 2979.550 C1655.990 2961.770 1637.560 2944.000 1619.140 2926.230 C1627.200 2908.710 1635.260 2891.200 1643.320 2873.680 C1662.590 2868.880 1681.860 2864.080 1701.140 2859.270 C1713.250 2869.050 1725.350 2878.840 1737.460 2888.620 L1737.460 2888.620 Z
polygon	tool	M2599.737 4099.548 L2748.123 3945.304 L2874.549 4044.817 L2854.001 4155.202 L2688.958 4214.082 L2599.737 4099.548 Z
polygon	svg	M3820.920 3705.620 C3817.460 3712.470 3814.000 3719.320 3810.540 3726.180 C3805.460 3726.440 3800.370 3726.710 3795.280 3726.970 C3792.390 3718.110 3789.500 3709.240 3786.600 3700.380 C3790.400 3697.780 3794.200 3695.190 3798.000 3692.600 L3820.920 3705.620 Z
polygon	tool	M1807.925 4744.080 L1800.270 4746.877 L1794.020 4741.646 L1795.425 4733.618 L1803.081 4730.821 L1809.331 4736.052 L1807.925 4744.080 Z
polygon	svg	M4973.710 4547.500 C4975.750 4550.380 4977.780 4553.270 4979.820 4556.160 C4978.640 4565.200 4977.460 4574.250 4976.280 4583.300 C4971.980 4588.330 4967.690 4593.370 4963.400 4598.400 C4960.210 4598.320 4957.010 4598.240 4953.820 4598.150 C4950.280 4595.390 4946.730 4592.620 4943.190 4589.850 C4942.680 4582.080 4942.180 4574.300 4941.670 4566.530 C4945.350 4561.470 4949.020 4556.400 4952.690 4551.340 C4959.700 4550.060 4966.710 4548.780 4973.710 4547.500 Z
polygon	tool	M2927.614 3920.154 L2902.803 3862.171 L2959.263 3764.374 L3023.095 3752.704 L3055.755 3836.525 L3010.522 3911.260 L2927.614 3920.154 Z
polygon	svg	M3134.200 1456.630 C3133.720 1448.990 3133.230 1441.340 3132.750 1433.700 C3138.420 1428.550 3144.090 1423.410 3149.770 1418.260 C3157.330 1419.490 3164.890 1420.720 3172.450 1421.940 C3176.200 1428.620 3179.960 1435.300 3183.710 1441.970 L3175.070 1463.270 C3167.730 1465.440 3160.390 1467.620 3153.040 1469.790 C3146.760 1465.400 3140.480 1461.020 3134.200 1456.630 Z
polygon	tool	M2072.199 1060.072 L2125.234 1099.159 L2152.579 1181.467 L2133.839 1237.090 L2063.314 1300.893 L2011.247 1305.005 L1959.536 1276.451 L1925.130 1215.831 L1938.816 1120.097 L1989.101 1074.005 L2072.199 1060.072 Z
polygon	svg	M3375.690 2207.530 C3374.230 2206.600 3372.780 2205.660 3371.320 2204.730 C3370.950 2203.040 3370.580 2201.340 3370.220 2199.650 C3371.150 2198.200 3372.090 2196.740 3373.020 2195.280 C3374.710 2194.920 3376.410 2194.550 3378.100 2194.180 C3379.550 2195.110 3381.010 2196.050 3382.470 2196.990 C3382.830 2198.680 3383.200 2200.370 3383.570 2202.060 C3382.630 2203.520 3381.700 2204.970 3380.760 2206.430 C3379.070 2206.800 3377.380 2207.170 3375.690 2207.530 Z
polygon	tool	M1675.399 4654.631 L1785.234 4686.487 L1788.879 4800.790 L1681.296 4839.578 L1611.162 4749.247 L1675.399 4654.631 Z
polygon	svg	M1718.670 1400.690 C1719.440 1397.150 1720.200 1393.610 1720.970 1390.070 C1723.500 1388.570 1726.030 1387.080 1728.570 1385.580 C1732.520 1384.810 1736.460 1384.030 1740.410 1383.260 L1746.710 1385.240 C1749.450 1388.100 1752.200 1390.950 1754.940 1393.810 L1754.940 1403.700 C1753.070 1405.700 1751.210 1407.690 1749.340 1409.680 C1747.200 1410.810 1745.050 1411.940 1742.910 1413.070 C1739.320 1413.150 1735.740 1413.240 1732.150 1413.330 L1722.340 1408.980 C1721.120 1406.220 1719.900 1403.450 1718.680 1400.690 L1718.670 1400.690 Z
polygon	tool	M1798.742 3188.739 L1797.180 3180.053 L1801.125 3170.401 L1809.077 3164.373 L1818.684 3164.147 L1824.596 3167.367 L1830.073 3178.088 L1828.325 3184.565 L1821.674 3192.012 L1812.178 3195.029 L1805.685 3193.665 L1798.742 3188.739 Z
polygon	svg	M3313.440 1779.430 C3315.550 1780.580 3317.660 1781.730 3319.780 1782.870 C3321.030 1784.920 3322.290 1786.970 3323.550 1789.020 C3323.610 1791.430 3323.670 1793.830 3323.730 1796.230 C3322.590 1798.350 3321.440 1800.460 3320.290 1802.570 C3318.240 1803.830 3316.190 1805.080 3314.140 1806.340 C3311.740 1806.400 3309.340 1806.470 3306.930 1806.530 C3304.820 1805.380 3302.710 1804.230 3300.590 1803.090 C3299.340 1801.040 3298.080 1798.990 3296.820 1796.940 C3296.760 1794.530 3296.700 1792.130 3296.640 1789.730 C3297.780 1787.610 3298.930 1785.500 3300.080 1783.390 C3302.130 1782.130 3304.180 1780.870 3306.230 1779.620 C3308.630 1779.560 3311.040 1779.490 3313.440 1779.430 Z
polygon	tool	M3889.659 3409.956 L3924.257 3447.663 L3908.901 3496.479 L3858.947 3507.589 L3824.348 3469.882 L3839.704 3421.065 L3889.659 3409.956 Z
polygon	svg	M3086.890 3464.200 C3084.220 3466.320 3081.550 3468.450 3078.880 3470.580 C3075.460 3470.490 3072.050 3470.400 3068.630 3470.320 C3066.070 3468.060 3063.510 3465.790 3060.950 3463.530 C3060.450 3460.150 3059.940 3456.780 3059.430 3453.400 C3061.220 3450.490 3063.000 3447.570 3064.780 3444.660 C3068.020 3443.570 3071.260 3442.490 3074.500 3441.400 C3077.680 3442.650 3080.860 3443.900 3084.030 3445.150 C3085.660 3448.150 3087.300 3451.150 3088.930 3454.160 C3088.250 3457.500 3087.570 3460.850 3086.890 3464.200 Z
polygon	tool	M62.456 3359.338 L23.816 3347.286 L-3.622 3317.528 L-12.505 3278.038 L-0.452 3239.397 L29.306 3211.959 L68.796 3203.076 L107.436 3215.129 L134.874 3244.887 L143.757 3284.377 L131.704 3323.017 L101.946 3350.455 L62.456 3359.338 Z
polygon	svg	M1453.760 249.180 L1576.100 281.730 C1590.200 302.750 1604.300 323.760 1618.400 344.780 C1624.750 395.630 1631.110 446.470 1637.460 497.320 C1625.660 526.740 1613.850 556.150 1602.050 585.570 C1575.450 602.580 1548.860 619.590 1522.260 636.600 C1488.250 621.460 1454.240 606.330 1420.220 591.190 C1405.760 569.910 1391.300 548.620 1376.830 527.340 C1371.140 490.830 1365.460 454.330 1359.770 417.820 C1370.810 374.260 1381.840 330.690 1392.880 287.130 C1413.180 274.480 1433.470 261.830 1453.760 249.180 Z
polygon	tool	M2206.994 489.462 L2059.226 569.976 L1897.805 522.420 L1817.291 374.652 L1864.846 213.231 L2012.615 132.717 L2174.036 180.272 L2254.550 328.041 L2206.994 489.462 Z
polygon	svg	M998.310 229.940 C1013.590 268.810 1028.870 307.690 1044.140 346.570 L1003.790 464.680 C971.860 499.050 939.920 533.420 907.980 567.780 C869.170 578.730 830.370 589.680 791.570 600.630 C765.380 588.730 739.190 576.830 712.990 564.930 C705.220 525.390 697.440 485.850 689.660 446.310 C716.060 393.540 742.470 340.770 768.880 288.000 C808.540 259.680 848.200 231.370 887.860 203.050 C924.680 212.010 961.500 220.970 998.310 229.940 Z
polygon	tool	M3476.408 1178.488 L3543.746 1186.445 L3593.547 1232.462 L3606.789 1298.963 L3578.413 1360.547 L3519.259 1393.690 L3451.921 1385.734 L3402.120 1339.716 L3388.878 1273.215 L3417.254 1211.632 L3476.408 1178.488 Z
polygon	svg	M4789.410 3390.590 C4782.030 3388.420 4774.650 3386.240 4767.270 3384.070 C4763.710 3376.060 4760.160 3368.050 4756.610 3360.040 C4759.990 3357.920 4763.380 3355.790 4766.760 3353.670 C4775.050 3359.440 4783.350 3365.200 4791.640 3370.960 C4790.900 3377.500 4790.150 3384.050 4789.410 3390.590 Z
polygon	tool	M2095.741 2203.943 L2118.052 2208.962 L2135.732 2241.445 L2138.800 2273.582 L2130.611 2293.723 L2114.644 2299.725 L2086.004 2273.981 L2076.746 2245.352 L2079.630 2221.290 L2095.741 2203.943 Z
polygon	svg	M3215.980 1194.850 C3201.330 1195.860 3186.690 1196.860 3172.040 1197.870 C3166.560 1184.250 3161.080 1170.630 3155.590 1157.010 C3166.850 1147.580 3178.110 1138.160 3189.370 1128.740 C3201.810 1136.530 3214.250 1144.330 3226.690 1152.130 L3215.980 1194.850 L3215.980 1194.850 Z
polygon	tool	M1914.150 3701.469 L1906.398 3692.729 L1911.379 3677.625 L1918.944 3673.055 L1928.956 3676.977 L1928.538 3691.206 L1922.266 3699.118 L1914.150 3701.469 Z
polygon	svg	M3528.520 3907.950 C3569.560 3924.260 3610.590 3940.570 3651.620 3956.890 L3733.760 4060.810 C3740.150 4104.510 3746.540 4148.200 3752.930 4191.890 C3736.620 4232.920 3720.300 4273.960 3703.990 4314.990 C3669.350 4342.370 3634.700 4369.750 3600.060 4397.120 C3556.370 4403.510 3512.680 4409.910 3468.990 4416.300 C3427.950 4399.980 3386.920 4383.670 3345.890 4367.360 C3318.510 4332.710 3291.130 4298.070 3263.750 4263.430 C3257.360 4219.740 3250.970 4176.040 3244.580 4132.350 C3260.890 4091.320 3277.210 4050.290 3293.520 4009.250 C3328.160 3981.880 3362.800 3954.500 3397.450 3927.120 L3528.520 3907.950 Z
polygon	tool	M1874.961 2754.873 L1937.139 2703.082 L2007.888 2728.011 L2022.168 2806.131 L1985.864 2834.875 L1901.122 2815.489 L1874.961 2754.873 Z
polygon	svg	M4033.840 2239.960 C4020.580 2211.310 4007.320 2182.670 3994.060 2154.030 C3996.900 2122.590 3999.740 2091.160 4002.570 2059.730 C4020.750 2033.920 4038.920 2008.120 4057.100 1982.310 L4143.020 1942.530 C4174.460 1945.370 4205.890 1948.210 4237.330 1951.040 C4263.130 1969.220 4288.940 1987.390 4314.740 2005.570 C4328.000 2034.210 4341.260 2062.850 4354.520 2091.500 C4351.680 2122.930 4348.850 2154.360 4346.010 2185.800 C4327.830 2211.600 4309.660 2237.410 4291.490 2263.210 C4262.840 2276.470 4234.200 2289.730 4205.560 2302.990 C4174.120 2300.150 4142.690 2297.320 4111.260 2294.480 C4085.450 2276.310 4059.650 2258.130 4033.840 2239.960 Z
polygon	tool	M3667.336 1880.107 L3718.208 1616.575 L3984.562 1583.521 L4098.307 1826.624 L3902.250 2009.925 L3667.336 1880.107 Z
polygon	svg	M3385.890 4059.190 C3353.370 4061.600 3320.840 4064.000 3288.320 4066.410 C3266.160 4042.480 3244.000 4018.550 3221.850 3994.620 C3226.740 3962.380 3231.630 3930.130 3236.520 3897.890 C3264.780 3881.610 3293.040 3865.340 3321.300 3849.060 C3351.650 3861.000 3381.990 3872.950 3412.340 3884.890 C3421.920 3916.070 3431.500 3947.240 3441.080 3978.410 C3422.680 4005.340 3404.290 4032.270 3385.890 4059.200 L3385.890 4059.190 Z
polygon	tool	M1951.986 892.229 L1963.286 897.469 L1964.399 909.876 L1954.211 917.043 L1942.910 911.803 L1941.797 899.396 L1951.986 892.229 Z
polygon	svg	M4181.480 978.480 C4190.210 997.690 4198.940 1016.910 4207.670 1036.120 C4195.400 1053.280 4183.130 1070.450 4170.860 1087.620 C4149.860 1085.570 4128.860 1083.530 4107.850 1081.490 L4081.660 1023.860 L4118.470 972.350 C4139.470 974.400 4160.480 976.440 4181.480 978.480 Z
polygon	tool	M2141.755 3589.931 L2138.509 3589.303 L2136.118 3587.019 L2135.342 3583.805 L2136.426 3580.682 L2139.027 3578.640 L2142.318 3578.329 L2145.256 3579.847 L2146.906 3582.712 L2146.746 3586.014 L2144.825 3588.706 L2141.755 3589.931 Z
polygon	svg	M4895.150 3720.320 C4886.700 3728.050 4878.240 3735.790 4869.790 3743.530 L4835.620 3747.400 C4825.650 3741.750 4815.680 3736.100 4805.710 3730.460 C4800.960 3720.020 4796.210 3709.590 4791.470 3699.160 L4798.340 3665.470 C4806.800 3657.730 4815.250 3649.990 4823.710 3642.260 C4835.090 3640.970 4846.480 3639.670 4857.870 3638.380 C4867.840 3644.030 4877.810 3649.680 4887.790 3655.330 C4892.530 3665.760 4897.280 3676.200 4902.030 3686.630 C4899.730 3697.860 4897.440 3709.090 4895.150 3720.320 Z
polygon	tool	M291.729 1726.146 L333.978 1696.436 L385.423 1691.830 L432.278 1713.564 L461.988 1755.814 L466.594 1807.258 L444.860 1854.113 L402.610 1883.824 L351.166 1888.429 L304.311 1866.695 L274.600 1824.446 L269.995 1773.001 L291.729 1726.146 Z
polygon	svg	M4675.380 3830.760 L4685.370 3831.900 C4686.930 3833.330 4688.490 3834.770 4690.050 3836.210 C4688.530 3838.530 4687.020 3840.850 4685.500 3843.180 C4682.430 3841.460 4679.370 3839.750 4676.300 3838.040 C4675.990 3835.610 4675.690 3833.180 4675.380 3830.760 Z
polygon	tool	M1759.061 910.157 L1729.286 1169.411 L1583.040 1301.959 L1295.362 1285.810 L1341.094 1066.952 L1497.511 906.773 L1759.061 910.157 Z
polygon	svg	M732.970 4059.870 C733.210 4058.850 733.440 4057.830 733.680 4056.810 C734.470 4055.950 735.270 4055.100 736.060 4054.250 C737.640 4053.760 739.220 4053.270 740.800 4052.770 L745.660 4053.190 C746.680 4053.880 747.700 4054.580 748.720 4055.270 C749.220 4055.900 749.710 4056.530 750.200 4057.160 C750.040 4058.430 749.880 4059.690 749.720 4060.960 C748.570 4062.040 747.410 4063.120 746.250 4064.210 C745.030 4064.680 743.800 4065.160 742.580 4065.630 C740.900 4065.480 739.210 4065.330 737.530 4065.180 L734.650 4063.770 L732.970 4059.870 Z
polygon	tool	M1092.236 2378.768 L1094.207 2380.621 L1094.987 2383.210 L1094.368 2385.843 L1092.516 2387.814 L1089.926 2388.594 L1087.294 2387.976 L1085.323 2386.123 L1084.542 2383.534 L1085.161 2380.901 L1087.014 2378.930 L1089.603 2378.149 L1092.236 2378.768 Z
polygon	svg	M3618.400 532.960 C3676.740 629.370 3735.080 725.770 3793.410 822.180 C3719.750 907.450 3646.090 992.730 3572.430 1078.000 C3468.570 1034.290 3364.700 990.590 3260.840 946.880 C3270.310 834.600 3279.790 722.310 3289.260 610.030 C3398.970 584.340 3508.690 558.650 3618.400 532.960 Z
polygon	tool	M4944.331 216.338 L4950.240 210.855 L4958.929 211.074 L4965.442 217.998 L4957.621 227.469 L4950.257 226.302 L4944.331 216.338 Z
polygon	svg	M3508.370 1161.830 C3468.580 1147.600 3428.780 1133.370 3388.990 1119.130 C3380.290 1085.030 3371.580 1050.930 3362.880 1016.820 C3400.550 993.890 3438.230 970.960 3475.900 948.030 L3559.780 1021.590 C3542.650 1068.340 3525.510 1115.090 3508.370 1161.830 Z
polygon	tool	M443.563 2998.185 L444.192 2999.374 L443.714 3002.168 L442.569 3003.842 L440.257 3005.000 L438.762 3004.860 L437.872 3002.643 L438.335 3000.801 L439.549 2999.107 L441.915 2997.802 L443.563 2998.185 Z
polygon	svg	M3279.610 1249.480 C3277.260 1248.160 3274.910 1246.830 3272.570 1245.510 C3271.840 1242.910 3271.120 1240.310 3270.390 1237.710 C3271.720 1235.370 3273.040 1233.020 3274.370 1230.670 C3276.960 1229.940 3279.560 1229.220 3282.160 1228.490 C3284.510 1229.820 3286.860 1231.140 3289.210 1232.470 C3289.930 1235.070 3290.660 1237.660 3291.380 1240.260 C3290.050 1242.610 3288.730 1244.960 3287.410 1247.310 C3284.810 1248.030 3282.210 1248.760 3279.610 1249.480 Z
polygon	tool	M1348.911 4008.049 L1267.686 4072.725 L1164.389 4083.221 L1071.815 4036.204 L1019.356 3946.602 L1023.667 3842.862 L1083.381 3757.921 L1179.537 3718.748 L1281.607 3737.780 L1357.185 3808.973 L1382.275 3909.726 L1348.911 4008.049 Z
polygon	svg	M1844.620 4425.970 C1825.690 4434.550 1806.770 4443.130 1787.840 4451.710 C1767.480 4447.530 1747.120 4443.340 1726.760 4439.160 C1712.750 4423.810 1698.740 4408.460 1684.730 4393.100 C1682.420 4372.450 1680.110 4351.800 1677.800 4331.140 C1688.070 4313.070 1698.340 4295.010 1708.610 4276.940 L1765.400 4251.200 C1785.760 4255.380 1806.110 4259.560 1826.470 4263.750 L1868.500 4309.800 C1870.810 4330.460 1873.120 4351.110 1875.430 4371.770 C1865.160 4389.830 1854.890 4407.900 1844.620 4425.970 Z
polygon	tool	M2995.011 494.242 L3008.061 521.203 L2996.986 540.610 L2978.673 550.043 L2956.596 543.331 L2949.074 528.294 L2957.929 502.421 L2981.116 490.026 L2995.011 494.242 Z
polygon	svg	M3047.660 3786.300 C2971.790 3748.130 2895.920 3709.950 2820.050 3671.780 C2815.170 3586.990 2810.300 3502.190 2805.420 3417.400 C2876.420 3370.780 2947.410 3324.160 3018.400 3277.550 C3094.270 3315.720 3170.140 3353.890 3246.010 3392.070 C3250.890 3476.860 3255.760 3561.650 3260.640 3646.440 C3189.640 3693.060 3118.650 3739.680 3047.660 3786.300 Z
polygon	tool	M173.484 3667.390 L185.066 3703.929 L152.930 3748.206 L119.172 3749.780 L115.459 3711.792 L144.207 3674.174 L173.484 3667.390 Z
polygon	svg	M510.930 3486.000 C500.870 3491.190 490.820 3496.380 480.770 3501.570 C465.860 3495.650 450.960 3489.740 436.050 3483.830 C431.190 3477.800 426.340 3471.760 421.480 3465.730 C416.450 3452.400 411.430 3439.060 406.410 3425.730 L413.970 3398.700 C423.940 3394.290 433.910 3389.880 443.880 3385.480 L482.160 3400.720 L511.560 3434.980 C514.200 3445.560 516.840 3456.140 519.490 3466.730 C516.630 3473.150 513.780 3479.580 510.930 3486.000 Z
star	tool	M4294.677 3971.749 L4295.322 3968.274 L4293.856 3965.058 L4297.361 3964.598 L4299.966 3962.210 L4301.487 3965.401 L4304.563 3967.141 L4301.999 3969.573 L4301.294 3973.036 L4298.189 3971.349 L4294.677 3971.749 Z
star	svg	M403.200 2716.050 C403.500 2718.910 403.790 2721.770 404.090 2724.620 C406.270 2722.750 408.440 2720.870 410.620 2718.990 C409.320 2721.560 408.030 2724.120 406.730 2726.690 C409.580 2726.280 412.420 2725.880 415.260 2725.470 C412.790 2726.930 410.310 2728.390 407.840 2729.850 C410.450 2731.040 413.060 2732.240 415.670 2733.440 C412.800 2733.330 409.930 2733.210 407.060 2733.100 L411.710 2740.360 C409.350 2738.710 407.000 2737.070 404.640 2735.420 C404.640 2738.290 404.630 2741.170 404.630 2744.040 C403.540 2741.380 402.450 2738.720 401.360 2736.070 C399.800 2738.480 398.240 2740.890 396.680 2743.310 C397.200 2740.480 397.720 2737.660 398.240 2734.830 C395.630 2736.020 393.010 2737.210 390.400 2738.400 C392.360 2736.300 394.330 2734.210 396.290 2732.110 C393.450 2731.700 390.610 2731.280 387.760 2730.870 C390.550 2730.170 393.340 2729.470 396.120 2728.770 C393.950 2726.880 391.790 2725.000 389.620 2723.110 C392.340 2724.030 395.060 2724.950 397.790 2725.860 C396.980 2723.100 396.180 2720.350 395.370 2717.590 C397.170 2719.830 398.960 2722.070 400.760 2724.320 C401.570 2721.560 402.390 2718.810 403.200 2716.050 Z
star	tool	M1388.028 3668.874 L1389.597 3674.654 L1395.514 3675.583 L1390.502 3678.862 L1391.447 3684.776 L1386.780 3681.022 L1381.447 3683.748 L1383.575 3678.150 L1379.334 3673.921 L1385.316 3674.214 L1388.028 3668.874 Z
star	svg	M3265.800 292.770 C3273.790 286.650 3281.790 280.520 3289.780 274.400 C3282.470 267.480 3275.150 260.560 3267.840 253.640 C3277.140 257.510 3286.430 261.370 3295.730 265.230 C3298.070 255.440 3300.400 245.640 3302.740 235.850 C3304.040 245.830 3305.350 255.810 3306.650 265.800 C3316.300 262.920 3325.950 260.050 3335.600 257.170 C3327.610 263.300 3319.610 269.420 3311.620 275.540 C3318.930 282.460 3326.250 289.380 3333.560 296.300 C3324.260 292.430 3314.970 288.570 3305.670 284.710 C3303.330 294.510 3301.000 304.300 3298.660 314.090 C3297.360 304.110 3296.050 294.130 3294.750 284.140 C3285.100 287.020 3275.450 289.890 3265.800 292.770 Z
star	tool	M1285.136 4788.424 L1298.086 4799.984 L1312.321 4790.049 L1314.811 4807.228 L1332.102 4808.767 L1322.966 4823.528 L1335.223 4835.821 L1318.736 4841.256 L1320.223 4858.552 L1304.100 4852.118 L1294.122 4866.323 L1285.907 4851.031 L1269.133 4855.499 L1272.669 4838.504 L1256.947 4831.144 L1270.580 4820.398 L1263.267 4804.654 L1280.618 4805.185 L1285.136 4788.424 Z
star	svg	M4015.640 3052.950 C4018.010 3046.600 4020.380 3040.250 4022.750 3033.890 C4016.090 3032.610 4009.430 3031.330 4002.770 3030.040 C4009.220 3027.930 4015.660 3025.820 4022.100 3023.710 C4018.960 3017.710 4015.810 3011.700 4012.660 3005.700 C4018.330 3009.420 4023.990 3013.140 4029.660 3016.860 C4032.390 3010.660 4035.130 3004.450 4037.860 2998.250 C4038.480 3005.000 4039.110 3011.750 4039.730 3018.500 C4046.280 3016.770 4052.840 3015.040 4059.390 3013.300 C4054.500 3018.000 4049.610 3022.700 4044.730 3027.390 C4050.170 3031.440 4055.610 3035.480 4061.050 3039.530 C4054.330 3038.630 4047.610 3037.740 4040.890 3036.850 C4041.120 3043.620 4041.350 3050.400 4041.580 3057.170 L4031.110 3039.740 C4025.950 3044.140 4020.800 3048.550 4015.640 3052.950 Z
star	tool	M1046.858 4698.836 L1117.921 4752.045 L1166.442 4677.702 L1197.458 4760.884 L1278.469 4724.575 L1259.589 4811.320 L1347.371 4824.574 L1284.590 4887.341 L1351.271 4945.949 L1264.522 4964.810 L1288.932 5050.165 L1205.756 5019.132 L1180.145 5104.133 L1126.951 5033.059 L1059.450 5090.720 L1053.126 5002.170 L965.167 5014.184 L1007.721 4936.272 L927.229 4898.824 L1005.151 4856.287 L957.683 4781.267 L1046.232 4787.610 L1046.858 4698.836 Z
star	svg	M4208.450 517.610 L4209.170 531.350 C4213.650 530.400 4218.140 529.450 4222.630 528.500 C4219.870 532.160 4217.110 535.820 4214.350 539.490 C4218.390 541.640 4222.440 543.800 4226.490 545.960 L4213.080 549.050 C4214.800 553.300 4216.510 557.560 4218.220 561.810 C4214.140 559.730 4210.050 557.650 4205.970 555.560 C4204.540 559.920 4203.120 564.280 4201.700 568.640 L4196.330 555.980 C4192.430 558.410 4188.540 560.830 4184.650 563.260 C4185.990 558.870 4187.330 554.490 4188.670 550.100 C4184.130 549.460 4179.590 548.820 4175.050 548.170 C4178.900 545.680 4182.750 543.180 4186.590 540.680 C4183.530 537.270 4180.460 533.860 4177.400 530.450 L4191.050 532.130 C4190.900 527.540 4190.740 522.960 4190.590 518.380 C4193.710 521.730 4196.840 525.090 4199.970 528.440 C4202.790 524.830 4205.620 521.220 4208.450 517.610 Z
star	tool	M3091.463 -114.135 L3241.453 -61.824 L3202.848 -215.912 L3293.445 -85.430 L3352.783 -232.782 L3349.382 -73.968 L3483.998 -158.300 L3387.899 -31.815 L3546.375 -20.916 L3394.283 24.926 L3516.086 126.894 L3366.096 74.583 L3404.702 228.671 L3314.104 98.189 L3254.767 245.541 L3258.167 86.727 L3123.551 171.059 L3219.651 44.574 L3061.175 33.675 L3213.266 -12.167 L3091.463 -114.135 Z
star	svg	M4695.560 910.660 C4708.100 907.300 4720.640 903.940 4733.190 900.580 C4736.800 888.100 4740.410 875.630 4744.020 863.150 C4754.470 870.860 4764.920 878.570 4775.370 886.290 C4787.370 881.330 4799.370 876.380 4811.380 871.420 C4811.860 884.400 4812.350 897.380 4812.830 910.360 C4824.190 916.650 4835.550 922.950 4846.910 929.240 C4837.070 937.710 4827.220 946.180 4817.380 954.650 C4819.540 967.460 4821.700 980.270 4823.860 993.070 C4811.100 990.660 4798.340 988.240 4785.580 985.830 C4776.910 995.500 4768.250 1005.170 4759.580 1014.850 C4753.510 1003.360 4747.440 991.880 4741.380 980.400 C4728.410 979.660 4715.450 978.910 4702.480 978.170 C4707.670 966.270 4712.870 954.360 4718.060 942.460 L4695.560 910.660 Z
star	tool	M4588.766 3801.960 L4584.740 3808.405 L4591.338 3812.177 L4583.743 3811.913 L4583.775 3819.512 L4580.206 3812.803 L4573.641 3816.631 L4577.668 3810.185 L4571.070 3806.414 L4578.665 3806.678 L4578.632 3799.078 L4582.201 3805.788 L4588.766 3801.960 Z
star	svg	M425.760 2160.200 L415.320 2150.600 C411.310 2153.100 407.300 2155.610 403.290 2158.110 C403.090 2153.390 402.890 2148.660 402.700 2143.940 C398.090 2142.870 393.490 2141.800 388.880 2140.740 L398.480 2130.300 C395.980 2126.290 393.480 2122.280 390.970 2118.260 C395.700 2118.070 400.420 2117.870 405.150 2117.670 C406.210 2113.070 407.280 2108.460 408.350 2103.860 L418.790 2113.460 C422.800 2110.950 426.810 2108.450 430.820 2105.950 C431.020 2110.670 431.210 2115.400 431.410 2120.120 C436.020 2121.190 440.620 2122.260 445.230 2123.320 L435.630 2133.760 C438.130 2137.770 440.630 2141.780 443.130 2145.800 C438.410 2145.990 433.690 2146.190 428.960 2146.390 C427.900 2150.990 426.830 2155.600 425.760 2160.200 Z
star	tool	M4071.688 95.349 L3996.384 273.134 L4184.595 230.065 L4019.173 329.634 L4196.754 405.418 L4004.400 388.739 L4103.521 554.429 L3957.708 427.872 L3940.508 620.180 L3896.931 432.086 L3769.981 577.557 L3845.284 399.772 L3657.074 442.841 L3822.495 343.272 L3644.914 267.488 L3837.268 284.168 L3738.147 118.478 L3883.960 245.034 L3901.160 52.726 L3944.737 240.820 L4071.688 95.349 Z
star	svg	M4571.320 2419.470 C4623.420 2381.740 4675.510 2344.020 4727.610 2306.290 C4665.240 2290.590 4602.860 2274.890 4540.490 2259.180 L4733.150 2248.470 C4689.170 2201.530 4645.190 2154.600 4601.200 2107.670 C4657.160 2139.390 4713.120 2171.100 4769.070 2202.820 C4757.450 2139.560 4745.820 2076.300 4734.190 2013.040 C4764.120 2069.970 4794.040 2126.910 4823.970 2183.840 C4848.390 2124.340 4872.810 2064.830 4897.230 2005.330 C4891.630 2069.410 4886.020 2133.480 4880.420 2197.560 C4933.130 2160.700 4985.840 2123.850 5038.560 2086.990 C4999.200 2137.870 4959.850 2188.740 4920.490 2239.610 C4984.760 2237.110 5049.030 2234.600 5113.300 2232.100 C5052.690 2253.620 4992.080 2275.140 4931.460 2296.660 C4986.890 2329.300 5042.310 2361.940 5097.740 2394.580 C5035.110 2379.910 4972.490 2365.250 4909.860 2350.580 C4938.840 2408.000 4967.820 2465.420 4996.800 2522.850 C4952.040 2476.650 4907.290 2430.450 4862.530 2384.260 C4855.870 2448.230 4849.200 2512.210 4842.540 2576.180 C4829.860 2513.120 4817.190 2450.060 4804.510 2387.000 C4764.320 2437.220 4724.120 2487.430 4683.930 2537.640 C4707.360 2477.740 4730.780 2417.840 4754.210 2357.940 C4693.250 2378.450 4632.290 2398.960 4571.320 2419.470 Z
star	tool	M4057.736 2304.226 L4041.807 2280.967 L4031.940 2307.374 L4032.725 2279.195 L4009.220 2294.759 L4026.419 2272.422 L3998.255 2271.199 L4025.298 2263.237 L4003.233 2245.693 L4029.790 2255.147 L4022.251 2227.984 L4038.180 2251.243 L4048.047 2224.835 L4047.262 2253.015 L4070.766 2237.451 L4053.568 2259.787 L4081.732 2261.011 L4054.689 2268.973 L4076.754 2286.517 L4050.196 2277.062 L4057.736 2304.226 Z
star	svg	M2305.790 4116.010 C2286.680 4137.950 2267.560 4159.890 2248.440 4181.830 C2272.120 4198.750 2295.790 4215.670 2319.470 4232.590 C2290.910 4227.000 2262.350 4221.420 2233.790 4215.830 C2230.980 4244.790 2228.160 4273.760 2225.350 4302.720 C2215.900 4275.190 2206.460 4247.670 2197.020 4220.140 C2170.530 4232.190 2144.040 4244.230 2117.550 4256.270 C2136.670 4234.330 2155.780 4212.390 2174.900 4190.450 C2151.230 4173.530 2127.550 4156.610 2103.880 4139.690 C2132.430 4145.280 2160.990 4150.870 2189.550 4156.450 C2192.370 4127.490 2195.180 4098.530 2198.000 4069.560 C2207.440 4097.090 2216.880 4124.610 2226.320 4152.140 C2252.810 4140.100 2279.300 4128.050 2305.790 4116.010 Z
star	tool	M1862.222 998.141 L1917.308 1011.184 L1917.452 954.574 L1941.601 1005.775 L1985.949 970.591 L1960.975 1021.395 L2016.133 1034.131 L1960.843 1046.281 L1985.276 1097.347 L1941.304 1061.694 L1916.612 1112.635 L1917.070 1056.028 L1861.848 1068.485 L1906.391 1033.548 L1862.222 998.141 Z
star	svg	M162.900 3996.720 C187.670 3963.960 212.430 3931.210 237.200 3898.450 C243.100 3857.810 248.990 3817.170 254.880 3776.530 C293.690 3789.960 332.490 3803.400 371.300 3816.830 C411.770 3809.880 452.240 3802.930 492.720 3795.970 C491.930 3837.030 491.150 3878.090 490.360 3919.150 C509.480 3955.490 528.600 3991.830 547.720 4028.180 L429.850 4064.000 C401.190 4093.410 372.540 4122.830 343.880 4152.240 C320.380 4118.570 296.890 4084.890 273.390 4051.210 C236.560 4033.050 199.730 4014.880 162.900 3996.720 Z
star	tool	M627.762 4146.399 L629.045 4149.479 L631.805 4147.604 L630.534 4150.689 L633.811 4151.315 L630.731 4152.598 L632.606 4155.358 L629.521 4154.087 L628.895 4157.365 L627.612 4154.285 L624.852 4156.159 L626.123 4153.074 L622.846 4152.448 L625.926 4151.166 L624.051 4148.405 L627.136 4149.676 L627.762 4146.399 Z
star	svg	M993.340 2630.930 L1008.760 2648.480 C1010.510 2640.890 1012.260 2633.310 1014.010 2625.720 C1014.190 2633.510 1014.370 2641.290 1014.550 2649.070 C1020.770 2644.390 1026.980 2639.700 1033.200 2635.020 C1028.330 2641.090 1023.470 2647.170 1018.600 2653.250 C1026.380 2653.660 1034.150 2654.060 1041.930 2654.470 C1034.290 2656.000 1026.660 2657.520 1019.020 2659.050 C1024.720 2664.360 1030.410 2669.670 1036.100 2674.980 C1029.270 2671.240 1022.440 2667.500 1015.610 2663.770 C1016.560 2671.490 1017.510 2679.220 1018.460 2686.950 C1015.630 2679.700 1012.800 2672.440 1009.970 2665.190 L997.250 2684.780 C999.750 2677.400 1002.240 2670.030 1004.740 2662.650 C997.290 2664.930 989.850 2667.200 982.400 2669.480 C989.050 2665.430 995.700 2661.390 1002.360 2657.340 C995.190 2654.300 988.020 2651.260 980.860 2648.220 C988.550 2649.390 996.250 2650.570 1003.950 2651.750 C1000.410 2644.810 996.880 2637.870 993.340 2630.930 L993.340 2630.930 Z
star	tool	M4587.009 1092.037 L4484.491 1271.664 L4589.724 1449.714 L4410.097 1347.196 L4232.047 1452.429 L4334.565 1272.802 L4229.332 1094.752 L4408.959 1197.270 L4587.009 1092.037 Z
star	svg	M419.140 1155.950 C386.420 1181.010 353.690 1206.060 320.960 1231.120 C360.990 1240.950 401.020 1250.770 441.050 1260.600 C399.840 1261.630 358.640 1262.670 317.440 1263.700 C344.050 1295.180 370.650 1326.660 397.260 1358.130 C363.320 1334.750 329.380 1311.370 295.430 1287.990 C298.460 1329.100 301.480 1370.200 304.510 1411.310 C290.790 1372.440 277.070 1333.570 263.360 1294.710 C241.640 1329.740 219.930 1364.770 198.210 1399.800 C209.960 1360.290 221.710 1320.790 233.460 1281.280 L118.980 1328.020 C151.710 1302.960 184.430 1277.910 217.160 1252.850 C177.130 1243.020 137.100 1233.200 97.080 1223.370 C138.280 1222.340 179.480 1221.300 220.680 1220.270 C194.080 1188.790 167.470 1157.310 140.860 1125.840 C174.810 1149.220 208.750 1172.600 242.690 1195.980 C239.670 1154.870 236.640 1113.770 233.620 1072.660 C247.330 1111.530 261.050 1150.400 274.770 1189.260 C296.480 1154.230 318.200 1119.200 339.910 1084.170 C328.160 1123.680 316.420 1163.180 304.670 1202.690 C342.830 1187.110 380.980 1171.530 419.140 1155.950 Z
star	tool	M2601.718 4294.933 L2603.191 4292.299 L2601.022 4290.200 L2604.000 4289.709 L2604.288 4286.705 L2606.528 4288.727 L2609.057 4287.079 L2608.873 4290.092 L2611.738 4291.041 L2609.268 4292.776 L2610.312 4295.607 L2607.416 4294.758 L2605.853 4297.340 L2604.711 4294.546 L2601.718 4294.933 Z
star	svg	M2274.420 3788.750 C2234.700 3794.130 2194.970 3799.510 2155.240 3804.880 C2157.100 3844.930 2158.950 3884.970 2160.810 3925.020 C2128.920 3900.730 2097.020 3876.440 2065.130 3852.150 C2038.130 3881.780 2011.120 3911.410 1984.120 3941.040 C1978.740 3901.310 1973.370 3861.590 1967.990 3821.860 C1927.950 3823.710 1887.900 3825.570 1847.850 3827.430 C1872.140 3795.530 1896.430 3763.640 1920.720 3731.750 C1891.090 3704.740 1861.460 3677.740 1831.830 3650.740 C1871.560 3645.360 1911.290 3639.980 1951.010 3634.610 C1949.160 3594.560 1947.300 3554.520 1945.450 3514.470 L2041.120 3587.340 C2068.130 3557.710 2095.130 3528.080 2122.140 3498.450 C2127.510 3538.180 2132.890 3577.900 2138.260 3617.630 C2178.310 3615.770 2218.360 3613.920 2258.400 3612.060 C2234.110 3643.960 2209.820 3675.850 2185.530 3707.740 C2215.160 3734.750 2244.790 3761.750 2274.420 3788.750 Z
star	tool	M1111.346 506.983 L1110.139 626.518 L1191.637 713.972 L1077.580 749.763 L1019.590 854.296 L950.305 756.881 L832.968 734.033 L904.205 638.036 L889.677 519.381 L1002.988 557.467 L1111.346 506.983 Z
star	svg	M4594.840 1081.450 C4590.760 1073.860 4586.690 1066.260 4582.610 1058.670 C4575.070 1062.840 4567.530 1067.020 4559.980 1071.190 C4560.660 1062.600 4561.330 1054.010 4562.010 1045.410 C4553.410 1044.850 4544.810 1044.290 4536.200 1043.720 C4541.420 1036.860 4546.630 1029.990 4551.850 1023.130 C4544.920 1018.000 4537.980 1012.880 4531.050 1007.750 C4539.150 1004.800 4547.250 1001.840 4555.350 998.880 C4552.290 990.830 4549.230 982.770 4546.170 974.710 L4571.400 980.380 C4573.180 971.950 4574.960 963.510 4576.740 955.080 C4582.800 961.220 4588.850 967.360 4594.900 973.490 L4613.080 955.100 C4614.850 963.540 4616.630 971.970 4618.400 980.410 C4626.810 978.530 4635.220 976.650 4643.640 974.760 C4640.570 982.820 4637.500 990.870 4634.430 998.930 C4642.520 1001.890 4650.620 1004.860 4658.710 1007.820 C4651.780 1012.940 4644.840 1018.060 4637.900 1023.180 C4643.110 1030.050 4648.310 1036.920 4653.520 1043.790 C4644.920 1044.340 4636.320 1044.900 4627.720 1045.450 C4628.380 1054.050 4629.050 1062.640 4629.710 1071.230 C4622.170 1067.050 4614.640 1062.870 4607.100 1058.680 C4603.010 1066.270 4598.930 1073.860 4594.840 1081.450 Z
star	tool	M263.764 1336.581 L234.124 1339.150 L230.777 1368.712 L208.001 1349.570 L184.731 1368.107 L182.162 1338.467 L152.600 1335.119 L171.742 1312.344 L153.205 1289.074 L182.845 1286.505 L186.192 1256.943 L208.967 1276.085 L232.238 1257.548 L234.807 1287.188 L264.369 1290.535 L245.227 1313.310 L263.764 1336.581 Z
star	svg	M4508.530 4603.900 C4544.060 4662.760 4579.590 4721.610 4615.120 4780.460 C4652.000 4838.480 4688.870 4896.500 4725.750 4954.520 C4666.900 4990.050 4608.040 5025.590 4549.190 5061.120 C4491.170 5098.000 4433.150 5134.870 4375.130 5171.740 C4339.600 5112.890 4304.060 5054.040 4268.530 4995.190 C4231.660 4937.170 4194.780 4879.150 4157.910 4821.130 C4216.760 4785.590 4275.610 4750.060 4334.460 4714.530 C4392.480 4677.650 4450.500 4640.780 4508.530 4603.900 Z
star	tool	M3363.511 1410.299 L3393.295 1407.409 L3393.898 1377.491 L3418.572 1394.422 L3438.264 1371.890 L3446.282 1400.720 L3475.850 1396.118 L3463.461 1423.357 L3489.070 1438.838 L3462.070 1451.741 L3471.737 1480.060 L3442.760 1472.590 L3431.962 1500.497 L3414.567 1476.149 L3388.356 1490.586 L3390.681 1460.752 L3361.322 1454.964 L3382.280 1433.605 L3363.511 1410.299 Z
star	svg	M1094.430 1768.000 L1042.170 1806.250 C1041.520 1827.830 1040.860 1849.400 1040.200 1870.980 C1027.450 1853.560 1014.700 1836.140 1001.960 1818.720 C980.380 1818.060 958.800 1817.410 937.230 1816.750 L989.490 1778.500 C990.140 1756.930 990.800 1735.350 991.460 1713.770 C1004.200 1731.190 1016.950 1748.610 1029.700 1766.030 C1051.280 1766.690 1072.850 1767.350 1094.430 1768.000 Z
star	tool	M1731.436 1675.078 L1727.259 1677.813 L1731.490 1680.465 L1726.602 1679.446 L1727.719 1684.312 L1724.983 1680.135 L1722.332 1684.366 L1723.351 1679.478 L1718.485 1680.595 L1722.661 1677.859 L1718.431 1675.208 L1723.319 1676.227 L1722.202 1671.361 L1724.937 1675.537 L1727.589 1671.307 L1726.570 1676.194 L1731.436 1675.078 Z
star	svg	M4239.180 4482.550 C4239.600 4481.290 4240.020 4480.020 4240.440 4478.750 C4239.230 4479.300 4238.010 4479.860 4236.790 4480.410 C4237.790 4479.520 4238.790 4478.630 4239.780 4477.740 C4238.460 4477.610 4237.130 4477.480 4235.800 4477.360 C4237.100 4477.080 4238.410 4476.810 4239.720 4476.540 C4238.630 4475.770 4237.550 4474.990 4236.460 4474.210 C4237.730 4474.630 4239.000 4475.050 4240.260 4475.470 C4239.710 4474.250 4239.160 4473.040 4238.610 4471.820 C4239.490 4472.820 4240.380 4473.820 4241.270 4474.810 C4241.400 4473.480 4241.530 4472.160 4241.660 4470.830 C4241.930 4472.130 4242.200 4473.440 4242.470 4474.750 C4243.250 4473.660 4244.020 4472.580 4244.800 4471.490 C4244.380 4472.760 4243.960 4474.020 4243.540 4475.290 C4244.760 4474.740 4245.970 4474.190 4247.190 4473.630 C4246.190 4474.520 4245.200 4475.410 4244.200 4476.300 L4248.190 4476.690 C4246.880 4476.960 4245.570 4477.230 4244.270 4477.500 C4245.350 4478.280 4246.440 4479.050 4247.520 4479.830 C4246.260 4479.410 4244.990 4478.990 4243.720 4478.570 C4244.270 4479.790 4244.830 4481.000 4245.380 4482.220 C4244.490 4481.220 4243.600 4480.230 4242.710 4479.230 C4242.580 4480.560 4242.460 4481.890 4242.330 4483.220 C4242.060 4481.910 4241.780 4480.600 4241.510 4479.290 C4240.740 4480.380 4239.960 4481.470 4239.180 4482.550 Z
star	tool	M2879.239 1363.486 L2881.223 1365.520 L2884.063 1365.444 L2883.293 1368.179 L2884.779 1370.602 L2882.025 1371.302 L2880.670 1373.800 L2878.687 1371.765 L2875.846 1371.841 L2876.616 1369.106 L2875.131 1366.684 L2877.884 1365.983 L2879.239 1363.486 Z
star	svg	M2386.290 1408.330 C2385.150 1408.210 2384.010 1408.090 2382.860 1407.970 C2383.230 1409.050 2383.600 1410.140 2383.970 1411.230 C2383.250 1410.340 2382.530 1409.440 2381.810 1408.550 L2380.280 1411.640 C2380.400 1410.500 2380.520 1409.350 2380.650 1408.210 C2379.560 1408.580 2378.470 1408.950 2377.380 1409.310 C2378.280 1408.590 2379.170 1407.870 2380.070 1407.150 L2376.980 1405.620 C2378.120 1405.750 2379.260 1405.870 2380.400 1405.990 C2380.040 1404.900 2379.670 1403.820 2379.300 1402.730 C2380.020 1403.620 2380.740 1404.520 2381.460 1405.410 L2382.990 1402.320 C2382.870 1403.460 2382.740 1404.610 2382.620 1405.750 L2385.890 1404.640 C2384.990 1405.360 2384.100 1406.090 2383.200 1406.810 C2384.230 1407.320 2385.260 1407.830 2386.290 1408.330 Z
star	tool	M3446.344 865.317 L3445.060 826.328 L3409.557 842.493 L3431.436 810.196 L3393.212 802.404 L3429.896 789.136 L3403.551 760.365 L3441.028 771.193 L3436.626 732.432 L3460.582 763.220 L3479.804 729.274 L3481.087 768.263 L3516.590 752.099 L3494.711 784.396 L3532.936 792.187 L3496.251 805.456 L3522.596 834.227 L3485.119 823.399 L3489.521 862.160 L3465.565 831.371 L3446.344 865.317 Z
star	svg	M2493.840 911.200 L2493.600 916.270 C2495.290 916.090 2496.970 915.900 2498.650 915.710 L2495.710 919.850 C2497.220 920.610 2498.740 921.360 2500.260 922.110 C2498.690 922.740 2497.110 923.370 2495.540 924.000 C2496.410 925.450 2497.280 926.910 2498.150 928.360 C2496.490 928.040 2494.820 927.720 2493.160 927.400 C2493.100 929.090 2493.050 930.790 2493.000 932.480 C2491.770 931.310 2490.540 930.140 2489.320 928.970 C2488.360 930.370 2487.390 931.760 2486.430 933.160 C2486.030 931.510 2485.630 929.870 2485.230 928.220 C2483.670 928.870 2482.110 929.530 2480.540 930.180 C2481.100 928.580 2481.650 926.980 2482.210 925.380 C2480.540 925.080 2478.870 924.790 2477.200 924.490 C2478.530 923.450 2479.870 922.400 2481.200 921.350 C2479.950 920.200 2478.710 919.050 2477.460 917.900 L2482.530 917.420 C2482.100 915.780 2481.680 914.140 2481.250 912.500 C2482.760 913.270 2484.260 914.050 2485.770 914.830 L2487.360 910.000 C2488.200 911.460 2489.050 912.930 2489.900 914.400 C2491.210 913.330 2492.530 912.260 2493.840 911.200 Z
star	tool	M4016.938 3272.534 L4020.920 3278.114 L4021.611 3271.293 L4022.269 3278.117 L4026.278 3272.556 L4023.436 3278.795 L4029.688 3275.982 L4024.108 3279.965 L4030.929 3280.655 L4024.105 3281.314 L4029.666 3285.322 L4023.427 3282.480 L4026.239 3288.733 L4022.257 3283.152 L4021.567 3289.973 L4020.908 3283.149 L4016.900 3288.710 L4019.742 3282.472 L4013.489 3285.284 L4019.070 3281.302 L4012.249 3280.611 L4019.073 3279.953 L4013.511 3275.944 L4019.750 3278.786 L4016.938 3272.534 Z
star	svg	M3818.610 2913.330 C3824.720 2915.650 3830.830 2917.970 3836.940 2920.300 C3839.880 2914.460 3842.810 2908.620 3845.750 2902.780 C3846.790 2909.230 3847.840 2915.680 3848.880 2922.140 C3855.400 2921.760 3861.930 2921.390 3868.450 2921.010 C3863.390 2925.140 3858.320 2929.270 3853.260 2933.400 C3856.840 2938.860 3860.430 2944.320 3864.020 2949.790 C3857.910 2947.460 3851.800 2945.140 3845.690 2942.820 C3842.750 2948.660 3839.820 2954.500 3836.880 2960.330 C3835.840 2953.880 3834.790 2947.430 3833.750 2940.980 C3827.230 2941.350 3820.700 2941.730 3814.180 2942.100 C3819.240 2937.970 3824.310 2933.850 3829.370 2929.720 C3825.790 2924.250 3822.200 2918.790 3818.610 2913.330 Z
star	tool	M2362.018 1954.270 L2418.612 1930.364 L2370.218 1892.517 L2427.141 1915.631 L2419.683 1854.649 L2443.589 1911.243 L2481.436 1862.849 L2458.322 1919.772 L2519.304 1912.314 L2462.710 1936.220 L2511.104 1974.067 L2454.182 1950.953 L2461.639 2011.935 L2437.733 1955.341 L2399.886 2003.735 L2423.000 1946.813 L2362.018 1954.270 Z
star	svg	M2780.550 977.440 C2780.640 976.630 2780.720 975.820 2780.810 975.000 C2779.990 974.980 2779.170 974.970 2778.350 974.950 L2780.000 973.120 C2779.350 972.630 2778.700 972.130 2778.040 971.640 L2780.440 971.130 C2780.210 970.340 2779.970 969.560 2779.740 968.780 C2780.490 969.110 2781.230 969.440 2781.980 969.770 L2782.790 967.460 C2783.200 968.170 2783.610 968.870 2784.020 969.580 C2784.690 969.120 2785.360 968.650 2786.040 968.190 C2785.950 969.000 2785.870 969.810 2785.780 970.630 C2786.600 970.650 2787.420 970.660 2788.230 970.680 C2787.690 971.290 2787.140 971.900 2786.590 972.510 C2787.240 973.000 2787.890 973.500 2788.540 973.990 L2786.140 974.500 C2786.380 975.290 2786.610 976.070 2786.850 976.850 C2786.100 976.520 2785.350 976.190 2784.610 975.860 L2783.800 978.170 C2783.390 977.460 2782.980 976.760 2782.570 976.050 C2781.900 976.510 2781.220 976.980 2780.550 977.440 Z
star	tool	M1521.768 812.824 L1329.939 856.651 L1502.486 951.238 L1314.444 893.279 L1416.581 1061.467 L1282.711 917.252 L1287.070 1113.975 L1243.242 922.146 L1148.656 1094.693 L1206.615 906.651 L1038.427 1008.788 L1182.642 874.918 L985.918 879.277 L1177.747 835.450 L1005.200 740.863 L1193.242 798.822 L1091.105 630.634 L1224.975 774.849 L1220.616 578.126 L1264.444 769.955 L1359.030 597.407 L1301.071 785.450 L1469.259 683.313 L1325.044 817.183 L1521.768 812.824 Z
star	svg	M2867.690 925.890 L2871.770 926.700 C2871.030 925.520 2870.300 924.350 2869.560 923.170 C2870.600 924.090 2871.650 925.000 2872.690 925.910 C2872.640 924.530 2872.590 923.140 2872.540 921.750 C2872.980 923.070 2873.430 924.380 2873.880 925.690 C2874.530 924.460 2875.180 923.240 2875.820 922.010 C2875.560 923.370 2875.290 924.730 2875.020 926.090 C2876.190 925.360 2877.370 924.620 2878.540 923.880 C2877.630 924.930 2876.720 925.970 2875.800 927.010 C2877.190 926.960 2878.570 926.910 2879.960 926.860 C2878.650 927.310 2877.340 927.750 2876.020 928.200 C2877.250 928.850 2878.470 929.500 2879.700 930.150 L2875.620 929.340 C2876.360 930.520 2877.090 931.690 2877.830 932.860 C2876.790 931.950 2875.740 931.040 2874.700 930.130 C2874.750 931.510 2874.800 932.900 2874.850 934.280 C2874.410 932.970 2873.960 931.660 2873.510 930.350 C2872.860 931.570 2872.210 932.800 2871.570 934.020 C2871.840 932.660 2872.100 931.300 2872.370 929.940 C2871.200 930.680 2870.020 931.420 2868.850 932.160 C2869.760 931.110 2870.670 930.070 2871.590 929.020 C2870.200 929.080 2868.820 929.130 2867.430 929.180 C2868.740 928.730 2870.050 928.280 2871.370 927.830 C2870.140 927.190 2868.920 926.540 2867.690 925.890 Z
star	tool	M1429.882 363.377 L1438.583 245.915 L1346.856 172.028 L1464.318 180.728 L1538.206 89.001 L1529.505 206.464 L1621.232 280.351 L1503.770 271.651 L1429.882 363.377 Z
star	svg	M3832.960 3756.260 C3836.990 3756.770 3841.030 3757.280 3845.060 3757.790 L3845.630 3745.610 C3847.200 3749.360 3848.780 3753.100 3850.360 3756.850 C3853.970 3754.990 3857.580 3753.120 3861.190 3751.250 C3858.740 3754.490 3856.280 3757.730 3853.820 3760.970 C3857.240 3763.160 3860.660 3765.360 3864.090 3767.560 C3860.050 3767.050 3856.020 3766.540 3851.980 3766.030 L3851.410 3778.210 C3849.840 3774.460 3848.260 3770.710 3846.690 3766.960 C3843.070 3768.830 3839.460 3770.700 3835.850 3772.570 L3843.230 3762.850 C3839.800 3760.650 3836.380 3758.460 3832.960 3756.260 Z
star	tool	M3240.443 826.351 L3365.490 764.225 L3458.671 660.237 L3520.796 785.284 L3624.785 878.465 L3499.737 940.590 L3406.556 1044.579 L3344.431 919.532 L3240.443 826.351 Z
star	svg	M1235.120 2857.020 C1239.570 2888.090 1244.010 2919.160 1248.460 2950.230 C1279.810 2948.840 1311.170 2947.460 1342.530 2946.070 C1321.010 2968.920 1299.490 2991.760 1277.970 3014.610 C1298.600 3038.260 1319.240 3061.910 1339.870 3085.570 C1308.590 3082.980 1277.310 3080.400 1246.030 3077.820 C1240.400 3108.700 1234.780 3139.580 1229.150 3170.460 C1211.670 3144.390 1194.180 3118.330 1176.700 3092.260 C1149.050 3107.120 1121.400 3121.970 1093.750 3136.830 C1103.230 3106.910 1112.700 3076.980 1122.180 3047.060 C1093.330 3034.710 1064.470 3022.350 1035.620 3010.000 C1064.920 2998.750 1094.230 2987.500 1123.530 2976.250 L1098.540 2885.470 C1125.600 2901.370 1152.670 2917.260 1179.730 2933.160 C1198.200 2907.780 1216.660 2882.400 1235.120 2857.020 Z
star	tool	M540.090 2001.752 L520.199 1994.944 L524.413 2015.541 L510.591 1999.699 L503.942 2019.644 L499.893 1999.014 L484.163 2012.962 L490.971 1993.071 L470.374 1997.285 L486.215 1983.464 L466.271 1976.815 L486.901 1972.765 L472.953 1957.035 L492.844 1963.843 L488.630 1943.246 L502.451 1959.088 L509.100 1939.143 L513.149 1959.773 L528.880 1945.825 L522.072 1965.716 L542.669 1961.502 L526.827 1975.324 L546.772 1981.973 L526.142 1986.022 L540.090 2001.752 Z
star	svg	M2011.850 4269.990 C2012.730 4269.990 2013.610 4270.000 2014.490 4270.000 C2014.510 4269.120 2014.520 4268.250 2014.540 4267.370 C2015.150 4267.990 2015.770 4268.620 2016.390 4269.240 C2017.020 4268.630 2017.650 4268.020 2018.290 4267.410 C2018.280 4268.290 2018.270 4269.170 2018.270 4270.050 C2019.150 4270.060 2020.030 4270.080 2020.910 4270.090 C2020.280 4270.710 2019.650 4271.330 2019.030 4271.950 L2020.860 4273.840 C2019.980 4273.840 2019.100 4273.830 2018.220 4273.820 C2018.210 4274.700 2018.190 4275.580 2018.180 4276.460 C2017.560 4275.840 2016.940 4275.210 2016.330 4274.580 C2015.690 4275.190 2015.060 4275.810 2014.430 4276.420 C2014.440 4275.540 2014.440 4274.660 2014.450 4273.780 C2013.570 4273.760 2012.690 4273.750 2011.810 4273.740 C2012.440 4273.120 2013.060 4272.500 2013.690 4271.880 C2013.080 4271.250 2012.460 4270.620 2011.850 4269.990 Z
star	tool	M3437.815 4115.637 L3431.113 4135.965 L3448.785 4148.042 L3427.829 4152.403 L3426.206 4173.746 L3411.952 4157.777 L3392.657 4167.043 L3399.358 4146.715 L3381.687 4134.638 L3402.642 4130.277 L3404.265 4108.934 L3418.520 4124.902 L3437.815 4115.637 Z
star	svg	M2370.480 2578.080 C2368.610 2571.570 2366.740 2565.050 2364.860 2558.540 C2358.510 2560.900 2352.160 2563.260 2345.800 2565.620 C2347.750 2559.130 2349.700 2552.640 2351.650 2546.140 C2345.020 2544.690 2338.400 2543.250 2331.780 2541.800 L2347.230 2528.570 L2332.860 2514.170 C2339.580 2513.250 2346.300 2512.320 2353.010 2511.400 C2351.580 2504.770 2350.150 2498.150 2348.710 2491.520 C2354.860 2494.370 2361.010 2497.230 2367.160 2500.080 C2369.540 2493.730 2371.910 2487.380 2374.290 2481.030 C2377.920 2486.760 2381.550 2492.480 2385.180 2498.210 C2390.610 2494.150 2396.050 2490.090 2401.480 2486.040 C2401.440 2492.820 2401.400 2499.600 2401.360 2506.370 C2408.120 2505.900 2414.880 2505.420 2421.640 2504.950 C2417.940 2510.630 2414.250 2516.310 2410.550 2521.990 C2416.490 2525.250 2422.440 2528.500 2428.390 2531.760 C2422.200 2534.540 2416.020 2537.320 2409.840 2540.100 C2413.080 2546.050 2416.320 2552.000 2419.560 2557.960 C2412.860 2556.950 2406.150 2555.950 2399.450 2554.940 C2398.960 2561.700 2398.470 2568.470 2397.980 2575.230 C2392.880 2570.760 2387.780 2566.290 2382.690 2561.820 L2370.480 2578.080 Z
star	tool	M720.501 873.409 L854.522 899.969 L808.503 771.324 L894.097 877.817 L941.536 749.690 L938.652 886.287 L1057.351 818.629 L967.340 921.414 L1101.758 945.883 L966.736 966.764 L1053.977 1071.910 L937.123 1001.115 L936.367 1137.740 L892.358 1008.395 L803.958 1112.570 L853.386 985.197 L718.706 1008.177 L838.444 942.376 L720.501 873.409 Z
star	svg	M4710.430 3903.060 C4710.000 3911.060 4709.560 3919.060 4709.130 3927.050 C4715.500 3922.200 4721.870 3917.350 4728.250 3912.500 C4723.870 3919.210 4719.490 3925.920 4715.120 3932.620 C4723.060 3931.610 4731.010 3930.590 4738.950 3929.580 C4731.810 3933.200 4724.660 3936.820 4717.520 3940.440 C4724.910 3943.540 4732.300 3946.630 4739.690 3949.720 C4731.690 3949.290 4723.690 3948.850 4715.690 3948.420 C4720.540 3954.790 4725.390 3961.160 4730.250 3967.540 C4723.540 3963.160 4716.830 3958.780 4710.120 3954.410 C4711.140 3962.350 4712.150 3970.300 4713.170 3978.240 C4709.550 3971.100 4705.920 3963.950 4702.300 3956.810 C4699.210 3964.200 4696.120 3971.590 4693.020 3978.980 C4693.460 3970.980 4693.890 3962.980 4694.330 3954.980 C4687.960 3959.830 4681.580 3964.680 4675.210 3969.540 C4679.590 3962.830 4683.960 3956.120 4688.340 3949.410 C4680.390 3950.430 4672.450 3951.440 4664.500 3952.460 C4671.650 3948.840 4678.790 3945.210 4685.940 3941.590 C4678.550 3938.500 4671.160 3935.410 4663.770 3932.310 C4671.770 3932.750 4679.770 3933.180 4687.760 3933.620 C4682.910 3927.250 4678.060 3920.870 4673.210 3914.500 C4679.920 3918.880 4686.630 3923.250 4693.330 3927.630 C4692.320 3919.680 4691.300 3911.740 4690.290 3903.790 C4693.910 3910.940 4697.530 3918.080 4701.150 3925.230 C4704.250 3917.840 4707.340 3910.450 4710.430 3903.060 Z
star	tool	M1443.494 1494.399 L1461.428 1460.749 L1439.800 1429.345 L1477.909 1428.052 L1494.291 1393.620 L1514.466 1425.976 L1552.477 1422.948 L1534.543 1456.598 L1556.170 1488.001 L1518.062 1489.295 L1501.679 1523.727 L1481.504 1491.371 L1443.494 1494.399 Z
star	svg	M1325.350 280.940 L1392.550 207.440 C1367.460 185.710 1342.360 163.980 1317.260 142.250 L1413.530 116.750 C1404.160 84.900 1394.800 53.050 1385.430 21.210 C1417.020 31.410 1448.610 41.610 1480.210 51.810 C1489.550 19.950 1498.890 -11.910 1508.230 -43.760 C1529.290 -18.100 1550.350 7.560 1571.410 33.210 C1596.490 11.470 1621.570 -10.280 1646.650 -32.030 C1650.500 0.940 1654.340 33.910 1658.190 66.890 C1691.050 62.150 1723.900 57.410 1756.760 52.670 L1712.990 142.130 C1743.190 155.900 1773.390 169.680 1803.600 183.460 C1775.200 200.660 1746.800 217.850 1718.410 235.050 C1736.370 262.970 1754.320 290.890 1772.280 318.800 C1739.100 317.920 1705.910 317.040 1672.730 316.150 C1672.740 349.350 1672.760 382.540 1672.770 415.740 C1645.330 397.050 1617.890 378.370 1590.450 359.680 C1572.520 387.620 1554.580 415.550 1536.650 443.490 C1523.670 412.930 1510.690 382.380 1497.710 351.830 C1467.520 365.630 1437.320 379.430 1407.130 393.230 L1423.930 295.070 L1325.350 280.940 Z
star	tool	M2838.648 3303.165 L2868.763 3294.410 L2864.535 3263.335 L2882.167 3289.271 L2910.415 3275.647 L2891.197 3300.430 L2912.883 3323.086 L2883.374 3312.467 L2868.529 3340.093 L2869.509 3308.746 L2838.648 3303.165 Z
star	svg	M1826.700 1507.470 C1829.130 1505.350 1831.560 1503.220 1833.990 1501.100 C1834.060 1497.870 1834.130 1494.640 1834.200 1491.420 L1842.510 1496.370 L1851.780 1493.580 C1851.070 1496.730 1850.350 1499.880 1849.640 1503.020 C1851.480 1505.670 1853.320 1508.320 1855.160 1510.980 C1851.940 1511.270 1848.730 1511.560 1845.520 1511.850 C1843.560 1514.420 1841.610 1516.990 1839.660 1519.560 C1838.390 1516.590 1837.120 1513.630 1835.840 1510.660 C1832.800 1509.600 1829.750 1508.540 1826.700 1507.470 Z
star	tool	M3014.782 2414.057 L2988.230 2405.741 L2977.671 2431.484 L2971.597 2404.331 L2944.023 2408.057 L2964.501 2389.221 L2947.487 2367.205 L2974.039 2375.521 L2984.599 2349.778 L2990.673 2376.931 L3018.246 2373.205 L2997.768 2392.041 L3014.782 2414.057 Z
star	svg	M4898.200 2721.370 C4898.130 2722.790 4898.050 2724.220 4897.970 2725.640 C4899.220 2724.950 4900.470 2724.270 4901.730 2723.590 C4900.890 2724.740 4900.060 2725.900 4899.220 2727.050 C4900.650 2727.150 4902.070 2727.260 4903.490 2727.360 C4902.160 2727.880 4900.840 2728.400 4899.510 2728.920 C4900.650 2729.770 4901.790 2730.630 4902.930 2731.480 C4901.540 2731.200 4900.140 2730.920 4898.740 2730.650 C4899.240 2731.980 4899.740 2733.320 4900.240 2734.650 C4899.210 2733.660 4898.190 2732.670 4897.160 2731.680 C4896.860 2733.070 4896.560 2734.470 4896.260 2735.860 C4895.930 2734.470 4895.600 2733.090 4895.270 2731.700 C4894.270 2732.710 4893.260 2733.720 4892.250 2734.720 C4892.730 2733.380 4893.200 2732.040 4893.680 2730.690 C4892.280 2731.000 4890.890 2731.300 4889.500 2731.600 C4890.620 2730.730 4891.750 2729.860 4892.880 2728.980 C4891.540 2728.480 4890.200 2727.990 4888.870 2727.490 C4890.290 2727.360 4891.710 2727.240 4893.130 2727.110 C4892.270 2725.970 4891.420 2724.830 4890.560 2723.690 C4891.830 2724.350 4893.090 2725.010 4894.350 2725.670 C4894.250 2724.250 4894.150 2722.830 4894.040 2721.410 C4894.750 2722.650 4895.450 2723.880 4896.160 2725.120 L4898.200 2721.370 Z
star	tool	M1700.870 3481.548 L1701.523 3485.337 L1703.413 3488.685 L1699.624 3489.337 L1696.276 3491.227 L1695.624 3487.438 L1693.734 3484.091 L1697.523 3483.438 L1700.870 3481.548 Z
star	svg	M2315.570 3724.470 C2314.420 3723.950 2313.270 3723.440 2312.110 3722.920 C2311.200 3723.800 2310.300 3724.680 2309.390 3725.560 C2309.530 3724.310 2309.660 3723.050 2309.790 3721.790 C2308.680 3721.200 2307.560 3720.610 2306.440 3720.020 C2307.680 3719.760 2308.910 3719.500 2310.150 3719.240 C2310.370 3717.990 2310.580 3716.750 2310.800 3715.500 C2311.430 3716.600 2312.060 3717.690 2312.690 3718.790 L2316.440 3718.250 C2315.600 3719.190 2314.750 3720.130 2313.900 3721.060 C2314.460 3722.200 2315.020 3723.330 2315.570 3724.470 Z
star	tool	M1106.435 4346.228 L1103.926 4328.447 L1087.476 4321.244 L1103.612 4313.363 L1105.379 4295.493 L1117.860 4308.404 L1135.402 4304.562 L1126.980 4320.422 L1136.055 4335.918 L1118.368 4332.809 L1106.435 4346.228 Z
star	svg	M475.230 4743.170 C475.790 4755.060 476.350 4766.960 476.900 4778.860 C484.730 4769.880 492.570 4760.910 500.400 4751.940 C494.930 4762.520 489.470 4773.100 484.000 4783.680 C495.270 4779.830 506.540 4775.970 517.800 4772.120 C507.780 4778.550 497.760 4784.980 487.730 4791.410 C499.420 4793.700 511.110 4796.000 522.790 4798.300 C510.900 4798.850 499.000 4799.410 487.100 4799.970 C496.080 4807.800 505.050 4815.630 514.020 4823.460 C503.440 4818.000 492.860 4812.530 482.280 4807.070 C486.130 4818.330 489.990 4829.600 493.840 4840.870 C487.410 4830.850 480.980 4820.820 474.550 4810.800 C472.250 4822.490 469.960 4834.170 467.660 4845.860 C467.110 4833.960 466.550 4822.060 465.990 4810.170 C458.160 4819.140 450.330 4828.110 442.500 4837.090 C447.960 4826.510 453.430 4815.920 458.890 4805.340 C447.630 4809.200 436.360 4813.050 425.090 4816.910 C435.110 4810.480 445.140 4804.050 455.160 4797.620 C443.470 4795.320 431.790 4793.020 420.100 4790.730 C432.000 4790.170 443.900 4789.610 455.790 4789.060 C446.820 4781.230 437.850 4773.390 428.870 4765.560 C439.450 4771.030 450.040 4776.490 460.620 4781.960 C456.760 4770.690 452.910 4759.420 449.050 4748.160 C455.480 4758.180 461.910 4768.200 468.340 4778.230 C470.640 4766.540 472.930 4754.850 475.230 4743.170 Z
star	tool	M1745.965 1380.698 L1791.220 1366.353 L1761.621 1329.236 L1807.447 1341.635 L1802.614 1294.408 L1834.462 1329.614 L1855.929 1287.271 L1863.687 1334.107 L1904.639 1310.091 L1885.844 1353.686 L1933.279 1355.623 L1893.898 1382.137 L1932.756 1409.411 L1885.292 1410.425 L1903.236 1454.378 L1862.759 1429.570 L1854.091 1476.246 L1833.452 1433.493 L1800.925 1468.074 L1806.676 1420.949 L1760.617 1432.455 L1790.933 1395.920 L1745.965 1380.698 Z
star	svg	M3841.970 518.300 C3866.010 545.080 3890.050 571.870 3914.090 598.650 L3995.240 527.430 C3989.290 562.930 3983.330 598.420 3977.380 633.920 C4012.810 640.260 4048.240 646.610 4083.660 652.960 C4052.200 670.430 4020.740 687.910 3989.280 705.390 C4006.400 737.050 4023.530 768.700 4040.650 800.360 C4007.370 786.660 3974.090 772.950 3940.810 759.250 C3926.740 792.380 3912.670 825.510 3898.600 858.630 C3888.560 824.070 3878.520 789.510 3868.480 754.940 C3833.810 764.600 3799.140 774.250 3764.460 783.900 C3785.230 754.500 3805.990 725.110 3826.760 695.710 C3797.590 674.620 3768.430 653.530 3739.260 632.440 C3775.190 630.350 3811.120 628.250 3847.050 626.160 C3845.360 590.200 3843.660 554.250 3841.970 518.300 Z
star	tool	M4257.738 3931.706 L4279.876 3955.764 L4303.556 3933.222 L4298.549 3965.530 L4330.937 3969.989 L4302.556 3986.218 L4319.264 4014.320 L4288.880 4002.250 L4277.326 4032.834 L4267.819 4001.553 L4236.704 4011.589 L4255.232 3984.652 L4227.986 3966.583 L4260.598 3964.274 L4257.738 3931.706 Z
star	svg	M632.270 410.630 C591.770 408.570 551.270 406.510 510.780 404.440 L503.550 525.880 C485.090 489.770 466.620 453.670 448.160 417.570 C411.900 435.720 375.640 453.870 339.380 472.030 C361.420 437.990 383.450 403.950 405.490 369.910 C371.640 347.580 337.790 325.260 303.940 302.930 C344.430 304.990 384.930 307.060 425.430 309.120 L432.660 187.680 C451.120 223.790 469.580 259.890 488.040 295.990 C524.300 277.840 560.560 259.690 596.820 241.530 C574.790 275.580 552.750 309.620 530.720 343.660 C564.570 365.980 598.420 388.310 632.270 410.630 Z
star	tool	M4453.298 877.275 L4376.230 1040.901 L4521.628 1148.477 L4341.390 1163.548 L4320.925 1343.253 L4217.754 1194.698 L4051.892 1266.828 L4128.960 1103.201 L3983.562 995.625 L4163.800 980.555 L4184.265 800.849 L4287.436 949.405 L4453.298 877.275 Z
star	svg	M2224.270 402.900 C2224.480 401.510 2224.700 400.130 2224.920 398.740 L2221.080 400.450 C2222.070 399.460 2223.050 398.470 2224.040 397.480 C2222.670 397.190 2221.300 396.890 2219.930 396.600 C2221.320 396.380 2222.700 396.160 2224.080 395.940 C2223.150 394.900 2222.210 393.860 2221.270 392.820 C2222.520 393.450 2223.770 394.080 2225.020 394.720 C2224.870 393.320 2224.730 391.930 2224.580 390.540 C2225.220 391.780 2225.860 393.030 2226.490 394.280 C2227.190 393.070 2227.890 391.850 2228.590 390.640 C2228.380 392.020 2228.160 393.410 2227.940 394.790 L2231.780 393.080 C2230.790 394.070 2229.810 395.070 2228.820 396.060 L2232.930 396.930 C2231.540 397.150 2230.160 397.380 2228.780 397.600 C2229.710 398.640 2230.650 399.680 2231.590 400.720 C2230.340 400.090 2229.090 399.450 2227.840 398.820 C2227.990 400.210 2228.130 401.600 2228.280 403.000 C2227.640 401.750 2227.000 400.500 2226.370 399.260 C2225.670 400.470 2224.970 401.680 2224.270 402.900 Z
star	tool	M647.216 593.059 L646.461 602.639 L651.203 610.997 L641.623 610.242 L633.265 614.984 L634.020 605.404 L629.278 597.046 L638.858 597.801 L647.216 593.059 Z
star	svg	M305.300 296.190 C306.720 296.310 308.140 296.430 309.560 296.560 C310.570 295.540 311.570 294.530 312.570 293.520 C313.360 294.700 314.150 295.890 314.940 297.080 C316.360 297.230 317.770 297.380 319.190 297.530 C318.760 298.890 318.320 300.250 317.890 301.600 C318.650 302.810 319.410 304.010 320.180 305.210 C318.850 305.720 317.510 306.220 316.180 306.730 C315.720 308.080 315.250 309.430 314.790 310.770 C313.560 310.050 312.340 309.320 311.110 308.590 C309.770 309.070 308.430 309.550 307.080 310.030 C306.890 308.620 306.690 307.200 306.490 305.790 L302.860 303.540 C303.840 302.500 304.820 301.470 305.800 300.430 C305.640 299.020 305.470 297.600 305.300 296.190 L305.300 296.190 Z
star	tool	M1147.358 3564.420 L1152.550 3554.906 L1142.378 3551.165 L1153.054 3549.292 L1149.637 3539.006 L1157.757 3546.185 L1163.668 3537.100 L1163.119 3547.925 L1173.907 3546.883 L1165.101 3553.202 L1172.643 3560.987 L1162.212 3558.042 L1160.827 3568.792 L1156.626 3558.800 L1147.358 3564.420 Z
star	svg	M1690.510 1677.880 C1688.870 1677.560 1687.230 1677.230 1685.590 1676.910 C1686.400 1678.370 1687.200 1679.840 1688.010 1681.300 L1684.230 1678.000 C1684.200 1679.680 1684.160 1681.350 1684.130 1683.020 C1683.590 1681.440 1683.050 1679.850 1682.510 1678.270 C1681.640 1679.700 1680.780 1681.130 1679.910 1682.560 C1680.230 1680.920 1680.560 1679.280 1680.880 1677.640 C1679.410 1678.450 1677.950 1679.250 1676.480 1680.060 L1679.780 1676.280 C1678.110 1676.250 1676.440 1676.210 1674.770 1676.180 C1676.350 1675.640 1677.930 1675.100 1679.520 1674.560 C1678.080 1673.690 1676.650 1672.830 1675.220 1671.960 C1676.860 1672.280 1678.500 1672.610 1680.150 1672.930 C1679.340 1671.470 1678.530 1670.000 1677.730 1668.540 C1678.990 1669.640 1680.250 1670.740 1681.500 1671.840 C1681.540 1670.160 1681.570 1668.490 1681.610 1666.820 C1682.150 1668.400 1682.690 1669.990 1683.230 1671.570 C1684.100 1670.140 1684.960 1668.710 1685.830 1667.280 C1685.500 1668.920 1685.180 1670.560 1684.860 1672.200 C1686.320 1671.390 1687.790 1670.590 1689.250 1669.780 L1685.950 1673.560 C1687.620 1673.590 1689.300 1673.630 1690.970 1673.660 C1689.380 1674.200 1687.800 1674.740 1686.220 1675.280 C1687.650 1676.150 1689.080 1677.010 1690.510 1677.880 Z
star	tool	M2864.832 957.299 L2852.959 936.671 L2836.011 953.382 L2844.736 931.238 L2821.104 928.406 L2843.856 921.421 L2831.336 901.179 L2850.983 914.613 L2859.003 892.204 L2860.750 915.940 L2883.270 908.238 L2865.801 924.403 L2885.864 937.208 L2862.334 933.630 L2864.832 957.299 Z
star	svg	M3737.910 2910.920 C3756.710 2918.880 3775.500 2926.830 3794.300 2934.790 C3797.880 2914.700 3801.460 2894.600 3805.040 2874.510 C3817.340 2890.790 3829.640 2907.080 3841.940 2923.370 C3855.090 2907.750 3868.230 2892.140 3881.380 2876.530 C3883.890 2896.790 3886.400 2917.040 3888.910 2937.300 C3908.100 2930.350 3927.290 2923.400 3946.490 2916.450 C3938.530 2935.250 3930.580 2954.050 3922.620 2972.840 C3942.720 2976.420 3962.810 2980.000 3982.910 2983.580 C3966.620 2995.880 3950.330 3008.180 3934.040 3020.490 C3949.660 3033.630 3965.270 3046.780 3980.880 3059.930 C3960.630 3062.440 3940.370 3064.950 3920.110 3067.450 C3927.060 3086.650 3934.010 3105.840 3940.960 3125.030 C3922.160 3117.080 3903.360 3109.120 3884.570 3101.160 C3880.990 3121.260 3877.410 3141.360 3873.830 3161.450 C3861.530 3145.160 3849.230 3128.880 3836.930 3112.590 C3823.780 3128.200 3810.630 3143.810 3797.490 3159.430 C3794.980 3139.170 3792.470 3118.910 3789.960 3098.660 C3770.760 3105.610 3751.570 3112.550 3732.380 3119.500 C3740.340 3100.710 3748.290 3081.910 3756.250 3063.110 C3736.150 3059.530 3716.060 3055.950 3695.960 3052.370 C3712.250 3040.070 3728.540 3027.770 3744.820 3015.470 C3729.210 3002.320 3713.600 2989.180 3697.980 2976.030 C3718.240 2973.520 3738.500 2971.010 3758.750 2968.500 C3751.810 2949.310 3744.860 2930.120 3737.910 2910.920 Z
star	tool	M2795.914 1885.864 L2795.566 1883.274 L2793.730 1885.134 L2794.838 1882.767 L2792.288 1883.340 L2794.499 1881.947 L2792.044 1881.050 L2794.658 1881.074 L2793.078 1878.992 L2795.263 1880.426 L2795.060 1877.820 L2796.123 1880.207 L2797.361 1877.905 L2796.965 1880.489 L2799.250 1879.221 L2797.521 1881.180 L2800.129 1881.349 L2797.614 1882.062 L2799.717 1883.615 L2797.216 1882.855 L2798.146 1885.298 L2796.453 1883.307 L2795.914 1885.864 Z
star	svg	M2638.030 3953.330 C2648.870 3947.410 2659.700 3941.490 2670.540 3935.570 C2659.840 3929.400 2649.140 3923.230 2638.450 3917.060 C2650.550 3919.490 2662.660 3921.920 2674.770 3924.350 L2662.080 3889.550 C2669.790 3899.190 2677.500 3908.840 2685.210 3918.480 C2689.430 3906.880 2693.650 3895.270 2697.860 3883.660 C2697.570 3896.010 2697.280 3908.350 2696.990 3920.700 L2729.060 3902.160 C2720.900 3911.430 2712.740 3920.700 2704.590 3929.970 C2716.750 3932.100 2728.910 3934.240 2741.070 3936.380 C2728.860 3938.240 2716.660 3940.090 2704.450 3941.950 C2712.390 3951.400 2720.330 3960.860 2728.270 3970.310 C2717.730 3963.890 2707.180 3957.460 2696.640 3951.040 C2696.650 3963.390 2696.650 3975.740 2696.660 3988.080 L2684.810 3952.980 C2676.880 3962.450 2668.950 3971.910 2661.020 3981.370 C2665.510 3969.870 2670.010 3958.370 2674.510 3946.870 C2662.350 3949.020 2650.190 3951.180 2638.030 3953.330 Z
star	tool	M1882.603 3328.125 L1808.585 3361.679 L1807.863 3442.944 L1774.308 3368.927 L1693.043 3368.205 L1767.061 3334.650 L1767.783 3253.385 L1801.337 3327.403 L1882.603 3328.125 Z
star	svg	M237.040 4421.370 C273.780 4477.430 310.510 4533.480 347.250 4589.530 L395.250 4394.290 C395.850 4461.300 396.460 4528.320 397.060 4595.340 C445.700 4549.240 494.350 4503.140 543.000 4457.040 C507.270 4513.740 471.540 4570.440 435.820 4627.150 C501.660 4614.660 567.510 4602.180 633.350 4589.700 C572.640 4618.090 511.930 4646.470 451.220 4674.860 L637.640 4750.160 C571.220 4741.210 504.800 4732.270 438.380 4723.330 L554.510 4887.460 C503.470 4844.030 452.420 4800.590 401.380 4757.160 C404.370 4824.110 407.350 4891.070 410.330 4958.020 C390.870 4893.890 371.420 4829.760 351.960 4765.620 C318.280 4823.560 284.590 4881.500 250.900 4939.440 C269.210 4874.960 287.510 4810.490 305.810 4746.020 C246.150 4776.550 186.490 4807.080 126.820 4837.610 C177.080 4793.270 227.330 4748.930 277.590 4704.590 C210.890 4698.010 144.190 4691.440 77.500 4684.860 L276.250 4654.470 C223.690 4612.870 171.140 4571.280 118.590 4529.690 C179.800 4556.990 241.010 4584.280 302.220 4611.570 C280.490 4548.170 258.770 4484.770 237.040 4421.370 Z
star	tool	M341.551 1112.818 L463.675 1112.113 L533.835 1012.151 L534.540 1134.275 L634.502 1204.434 L512.378 1205.140 L442.219 1305.102 L441.513 1182.978 L341.551 1112.818 Z
star	svg	M4135.420 2050.950 L4126.660 2036.190 C4120.940 2036.400 4115.230 2036.610 4109.510 2036.820 C4110.930 2031.280 4112.340 2025.730 4113.750 2020.190 C4109.560 2016.300 4105.370 2012.400 4101.180 2008.510 L4115.940 1999.750 C4115.730 1994.040 4115.520 1988.320 4115.310 1982.600 C4120.850 1984.020 4126.390 1985.430 4131.940 1986.840 C4135.830 1982.650 4139.720 1978.460 4143.620 1974.270 C4146.540 1979.190 4149.460 1984.110 4152.370 1989.030 C4158.090 1988.820 4163.810 1988.610 4169.520 1988.400 C4168.110 1993.940 4166.700 1999.480 4165.280 2005.030 C4169.470 2008.920 4173.660 2012.810 4177.860 2016.710 L4163.100 2025.470 C4163.310 2031.180 4163.520 2036.900 4163.730 2042.610 C4158.190 2041.200 4152.640 2039.790 4147.100 2038.370 C4143.210 2042.570 4139.310 2046.760 4135.420 2050.950 Z
star	tool	M233.339 992.896 L114.369 955.906 L131.698 1079.284 L73.729 969.003 L-1.259 1068.497 L35.731 949.527 L-87.646 966.856 L22.635 908.887 L-76.860 833.899 L42.111 870.889 L24.782 747.512 L82.751 857.793 L157.738 758.298 L120.748 877.269 L244.126 859.940 L133.845 917.909 L233.339 992.896 Z
star	svg	M2732.020 3305.310 C2744.500 3310.300 2756.980 3315.300 2769.460 3320.290 C2780.600 3312.770 2791.740 3305.240 2802.880 3297.720 C2801.980 3311.130 2801.090 3324.540 2800.200 3337.960 C2810.800 3346.220 2821.390 3354.490 2831.990 3362.760 C2818.960 3366.050 2805.930 3369.350 2792.900 3372.640 C2788.310 3385.280 2783.720 3397.910 2779.130 3410.550 C2771.970 3399.170 2764.810 3387.790 2757.650 3376.420 C2744.220 3375.960 2730.780 3375.500 2717.350 3375.040 C2725.950 3364.720 2734.560 3354.390 2743.170 3344.070 C2739.450 3331.150 2735.740 3318.230 2732.020 3305.310 Z
star	tool	M1449.343 2238.976 L1452.906 2237.616 L1450.702 2234.505 L1454.467 2235.108 L1454.114 2231.311 L1457.073 2233.716 L1458.666 2230.251 L1460.026 2233.814 L1463.137 2231.610 L1462.534 2235.375 L1466.331 2235.022 L1463.926 2237.981 L1467.391 2239.574 L1463.828 2240.934 L1466.032 2244.045 L1462.267 2243.442 L1462.620 2247.239 L1459.661 2244.834 L1458.068 2248.299 L1456.708 2244.736 L1453.597 2246.940 L1454.200 2243.175 L1450.403 2243.528 L1452.808 2240.569 L1449.343 2238.976 Z
star	svg	M1889.630 2254.040 C1841.650 2286.190 1793.670 2318.340 1745.680 2350.500 C1802.990 2357.710 1860.300 2364.920 1917.600 2372.130 L1744.710 2383.680 C1790.740 2418.580 1836.760 2453.480 1882.780 2488.380 C1830.950 2462.900 1779.110 2437.420 1727.280 2411.940 C1749.690 2465.170 1772.100 2518.410 1794.500 2571.640 C1762.350 2523.660 1730.200 2475.680 1698.050 2427.690 C1690.840 2485.000 1683.630 2542.310 1676.420 2599.610 C1672.570 2541.980 1668.720 2484.350 1664.860 2426.720 C1629.970 2472.740 1595.070 2518.770 1560.170 2564.790 C1585.650 2512.960 1611.130 2461.120 1636.610 2409.290 C1583.370 2431.700 1530.140 2454.100 1476.900 2476.510 C1524.890 2444.360 1572.870 2412.210 1620.850 2380.060 C1563.550 2372.850 1506.240 2365.640 1448.930 2358.430 C1506.560 2354.580 1564.200 2350.720 1621.830 2346.870 C1575.800 2311.980 1529.780 2277.080 1483.750 2242.180 C1535.590 2267.660 1587.420 2293.140 1639.260 2318.620 C1616.850 2265.380 1594.440 2212.150 1572.030 2158.910 C1604.180 2206.900 1636.340 2254.880 1668.490 2302.860 C1675.700 2245.560 1682.910 2188.250 1690.120 2130.940 L1701.670 2303.830 C1736.570 2257.810 1771.470 2211.790 1806.370 2165.760 C1780.890 2217.600 1755.410 2269.430 1729.930 2321.270 C1783.160 2298.860 1836.400 2276.450 1889.630 2254.040 Z
star	tool	M1033.455 2843.866 L1021.411 2848.572 L1028.119 2859.626 L1016.276 2854.437 L1013.202 2866.997 L1008.497 2854.953 L997.443 2861.661 L1002.632 2849.817 L990.072 2846.744 L1002.116 2842.039 L995.408 2830.985 L1007.251 2836.174 L1010.324 2823.614 L1015.030 2835.658 L1026.084 2828.950 L1020.895 2840.793 L1033.455 2843.866 Z
star	svg	M1284.710 6.790 C1282.160 28.340 1279.610 49.890 1277.060 71.430 L1340.090 55.200 L1288.970 95.490 C1307.660 106.520 1326.340 117.550 1345.030 128.580 C1323.480 126.030 1301.930 123.480 1280.390 120.920 C1285.800 141.940 1291.210 162.950 1296.630 183.960 C1283.190 166.920 1269.760 149.880 1256.330 132.840 C1245.300 151.520 1234.270 170.210 1223.240 188.890 C1225.790 167.350 1228.350 145.800 1230.900 124.250 C1209.890 129.670 1188.870 135.080 1167.860 140.490 L1218.980 100.200 C1200.300 89.170 1181.610 78.140 1162.930 67.110 C1184.470 69.660 1206.020 72.210 1227.570 74.760 C1222.150 53.750 1216.740 32.740 1211.330 11.730 C1224.760 28.770 1238.190 45.810 1251.630 62.850 C1262.650 44.160 1273.680 25.480 1284.710 6.790 Z
star	tool	M1752.728 3117.860 L1748.737 3120.453 L1752.081 3123.840 L1747.357 3123.261 L1747.742 3128.005 L1744.495 3124.524 L1741.741 3128.406 L1741.491 3123.653 L1736.886 3124.856 L1739.749 3121.054 L1735.448 3119.016 L1740.086 3117.944 L1738.101 3113.618 L1742.342 3115.778 L1743.603 3111.188 L1745.464 3115.569 L1749.379 3112.864 L1747.989 3117.415 L1752.728 3117.860 Z
star	svg	M10.750 4367.930 C10.700 4369.170 10.660 4370.410 10.610 4371.650 C11.810 4371.970 13.010 4372.300 14.200 4372.630 C13.290 4373.470 12.390 4374.320 11.480 4375.160 C12.090 4376.240 12.710 4377.320 13.320 4378.390 C12.080 4378.350 10.840 4378.300 9.600 4378.260 C9.280 4379.450 8.950 4380.650 8.620 4381.850 C7.780 4380.940 6.930 4380.030 6.090 4379.120 C5.010 4379.740 3.930 4380.350 2.860 4380.970 C2.900 4379.730 2.950 4378.490 2.990 4377.250 C1.790 4376.920 0.600 4376.590 -0.600 4376.270 C0.310 4375.420 1.220 4374.580 2.130 4373.730 C1.510 4372.660 0.900 4371.580 0.280 4370.500 C1.520 4370.550 2.760 4370.590 4.000 4370.640 C4.330 4369.440 4.650 4368.240 4.980 4367.050 C5.830 4367.950 6.670 4368.860 7.520 4369.770 C8.590 4369.160 9.670 4368.540 10.750 4367.930 Z
star	tool	M2213.333 1690.758 L2243.583 1733.034 L2272.799 1690.036 L2258.607 1740.046 L2310.439 1736.078 L2262.492 1756.163 L2297.911 1794.214 L2252.313 1769.249 L2244.647 1820.666 L2235.735 1769.451 L2190.757 1795.515 L2225.242 1756.615 L2176.820 1737.700 L2228.734 1740.408 L2213.333 1690.758 Z
star	svg	M3942.470 3999.870 C3942.710 4002.020 3942.950 4004.170 3943.190 4006.330 L3949.640 4007.200 C3947.890 4008.480 3946.150 4009.770 3944.400 4011.060 C3945.230 4013.060 3946.050 4015.070 3946.870 4017.070 C3944.890 4016.200 3942.900 4015.340 3940.910 4014.470 C3939.590 4016.180 3938.260 4017.900 3936.940 4019.610 C3936.700 4017.460 3936.460 4015.310 3936.210 4013.150 C3934.070 4012.860 3931.920 4012.570 3929.770 4012.280 C3931.510 4011.000 3933.260 4009.710 3935.000 4008.420 C3934.180 4006.420 3933.360 4004.410 3932.540 4002.410 C3934.520 4003.280 3936.510 4004.140 3938.490 4005.010 C3939.820 4003.300 3941.140 4001.580 3942.470 3999.870 Z
star	tool	M4146.693 3533.542 L4139.751 3549.566 L4155.828 3542.746 L4141.324 3552.474 L4158.536 3555.428 L4141.076 3555.770 L4153.958 3567.561 L4139.085 3558.409 L4143.548 3575.293 L4135.983 3559.553 L4130.609 3576.169 L4132.755 3558.838 L4119.251 3569.911 L4130.427 3556.491 L4113.080 3558.506 L4129.736 3553.258 L4114.054 3545.575 L4130.903 3550.165 L4121.865 3535.223 L4133.557 3548.194 L4134.032 3530.737 L4136.856 3547.971 L4146.693 3533.542 Z
star	svg	M2604.440 743.700 C2637.100 745.630 2669.760 747.560 2702.410 749.480 C2709.950 717.650 2717.480 685.820 2725.020 653.990 C2746.750 678.440 2768.480 702.890 2790.210 727.350 C2818.040 710.160 2845.880 692.980 2873.720 675.800 C2871.790 708.460 2869.870 741.110 2867.940 773.770 C2899.770 781.310 2931.600 788.840 2963.440 796.380 C2938.980 818.110 2914.530 839.830 2890.080 861.560 L2941.620 945.080 C2908.970 943.150 2876.310 941.220 2843.650 939.300 C2836.120 971.130 2828.580 1002.960 2821.050 1034.790 L2755.860 961.440 C2728.020 978.620 2700.180 995.800 2672.350 1012.980 C2674.270 980.320 2676.200 947.670 2678.130 915.010 C2646.290 907.480 2614.460 899.940 2582.630 892.400 C2607.080 870.680 2631.540 848.950 2655.990 827.220 C2638.810 799.380 2621.630 771.540 2604.440 743.700 Z
star	tool	M2153.230 3240.648 L2107.188 3178.493 L2032.279 3197.778 L2077.164 3134.782 L2035.675 3069.500 L2109.458 3092.721 L2158.724 3033.089 L2159.440 3110.437 L2231.377 3138.864 L2158.037 3163.446 L2153.230 3240.648 Z
star	svg	M8.900 4934.310 C17.750 4931.360 26.610 4928.400 35.470 4925.450 L25.210 4899.380 C34.110 4902.200 43.020 4905.010 51.920 4907.830 L58.940 4880.710 L75.590 4903.240 C82.790 4897.300 90.000 4891.370 97.210 4885.430 C97.280 4894.770 97.350 4904.100 97.430 4913.440 C106.750 4912.870 116.070 4912.310 125.390 4911.740 C119.960 4919.340 114.530 4926.930 109.100 4934.530 C116.980 4939.550 124.850 4944.570 132.720 4949.590 C123.860 4952.540 115.010 4955.500 106.150 4958.450 L116.410 4984.520 C107.510 4981.710 98.600 4978.890 89.700 4976.070 L82.680 5003.190 L66.030 4980.660 C58.830 4986.600 51.620 4992.540 44.410 4998.470 C44.340 4989.140 44.270 4979.800 44.190 4970.460 C34.870 4971.030 25.550 4971.600 16.230 4972.160 C21.660 4964.570 27.090 4956.970 32.520 4949.370 C24.640 4944.350 16.770 4939.330 8.900 4934.310 Z
star	tool	M1268.218 689.922 L1271.967 688.944 L1268.476 687.265 L1272.211 688.292 L1270.027 685.092 L1272.749 687.850 L1272.457 683.986 L1273.435 687.735 L1275.115 684.243 L1274.087 687.979 L1277.287 685.795 L1274.530 688.517 L1278.393 688.225 L1274.644 689.203 L1278.136 690.882 L1274.400 689.855 L1276.584 693.055 L1273.863 690.297 L1274.154 694.161 L1273.176 690.412 L1271.497 693.904 L1272.524 690.168 L1269.324 692.352 L1272.082 689.631 L1268.218 689.922 Z
star	svg	M3288.880 701.440 C3296.400 703.090 3303.930 704.750 3311.450 706.410 C3310.570 698.750 3309.690 691.100 3308.810 683.450 C3313.510 689.550 3318.210 695.660 3322.910 701.760 C3327.150 695.330 3331.400 688.910 3335.640 682.480 C3335.320 690.170 3334.990 697.870 3334.670 705.570 C3342.050 703.370 3349.440 701.180 3356.820 698.980 C3351.630 704.670 3346.430 710.360 3341.230 716.040 C3348.300 719.110 3355.370 722.170 3362.440 725.240 C3354.800 726.250 3347.160 727.270 3339.530 728.290 C3342.970 735.180 3346.420 742.070 3349.860 748.960 C3343.360 744.830 3336.850 740.700 3330.350 736.570 C3328.560 744.060 3326.770 751.560 3324.980 759.050 C3322.650 751.710 3320.320 744.360 3318.000 737.020 C3311.810 741.610 3305.620 746.200 3299.430 750.780 L3308.250 729.420 C3300.560 728.960 3292.870 728.490 3285.180 728.030 C3292.000 724.460 3298.830 720.900 3305.660 717.330 C3300.070 712.030 3294.470 706.740 3288.880 701.440 Z
star	tool	M2042.790 0.312 L2009.240 34.372 L2054.956 48.363 L2007.793 56.198 L2036.555 94.388 L1993.794 73.004 L1994.615 120.807 L1972.590 78.373 L1945.157 117.529 L1952.280 70.253 L1907.071 85.805 L1940.621 51.745 L1894.905 37.754 L1942.068 29.920 L1913.306 -8.270 L1956.067 13.113 L1955.246 -34.689 L1977.271 7.745 L2004.705 -31.411 L1997.581 15.865 L2042.790 0.312 Z
star	svg	M115.640 3634.840 C119.030 3642.520 122.410 3650.210 125.790 3657.900 C132.580 3652.950 139.370 3648.010 146.160 3643.070 C144.380 3651.280 142.600 3659.490 140.820 3667.690 C149.220 3667.690 157.620 3667.680 166.010 3667.670 C159.750 3673.270 153.480 3678.860 147.220 3684.450 C154.020 3689.380 160.810 3694.320 167.610 3699.250 C159.260 3700.090 150.900 3700.930 142.540 3701.770 C145.150 3709.760 147.750 3717.740 150.350 3725.730 C143.090 3721.500 135.840 3717.270 128.580 3713.040 C125.990 3721.030 123.410 3729.020 120.820 3737.010 C117.430 3729.320 114.050 3721.630 110.670 3713.950 L90.300 3728.770 C92.080 3720.560 93.860 3712.360 95.640 3704.150 C87.240 3704.150 78.840 3704.160 70.440 3704.170 C76.710 3698.570 82.980 3692.980 89.240 3687.390 C82.440 3682.460 75.640 3677.530 68.850 3672.590 C77.200 3671.750 85.560 3670.910 93.910 3670.070 C91.310 3662.080 88.710 3654.100 86.110 3646.110 C93.360 3650.340 100.620 3654.570 107.870 3658.800 C110.460 3650.810 113.050 3642.820 115.640 3634.840 Z
star	tool	M4542.452 659.559 L4510.989 649.088 L4504.997 681.702 L4490.152 652.051 L4462.854 670.875 L4473.324 639.412 L4440.710 633.419 L4470.362 618.575 L4451.538 591.277 L4483.001 601.747 L4488.993 569.133 L4503.837 598.784 L4531.136 579.960 L4520.666 611.423 L4553.279 617.416 L4523.628 632.260 L4542.452 659.559 Z
star	svg	M799.010 1441.230 C802.400 1437.940 805.780 1434.660 809.170 1431.370 C806.670 1427.370 804.170 1423.360 801.670 1419.360 C806.210 1420.650 810.750 1421.940 815.290 1423.220 C817.510 1419.060 819.720 1414.890 821.940 1410.730 C823.090 1415.300 824.250 1419.880 825.400 1424.450 C830.120 1424.290 834.830 1424.130 839.550 1423.960 C836.170 1427.250 832.780 1430.540 829.400 1433.830 C831.900 1437.830 834.390 1441.830 836.890 1445.830 C832.350 1444.550 827.810 1443.260 823.270 1441.970 C821.060 1446.140 818.840 1450.300 816.620 1454.470 C815.470 1449.890 814.320 1445.320 813.160 1440.740 C808.440 1440.910 803.730 1441.070 799.010 1441.230 Z
star	tool	M308.542 3650.660 L330.467 3658.836 L323.902 3636.377 L336.833 3655.878 L344.723 3633.849 L343.721 3657.227 L363.053 3644.043 L348.502 3662.368 L371.891 3663.064 L349.347 3669.336 L367.861 3683.647 L345.936 3675.470 L352.502 3697.930 L339.570 3678.428 L331.680 3700.458 L332.682 3677.079 L313.350 3690.264 L327.901 3671.939 L304.512 3671.243 L327.056 3664.971 L308.542 3650.660 Z
star	svg	M257.140 4523.690 L254.260 4522.910 C253.820 4523.800 253.370 4524.690 252.930 4525.570 C252.670 4524.610 252.420 4523.660 252.160 4522.700 C251.170 4522.760 250.180 4522.810 249.190 4522.870 C249.890 4522.170 250.590 4521.470 251.300 4520.770 L249.650 4518.280 L252.530 4519.060 C252.980 4518.170 253.420 4517.280 253.860 4516.400 C254.120 4517.350 254.370 4518.310 254.630 4519.270 C255.620 4519.210 256.610 4519.160 257.600 4519.100 C256.900 4519.800 256.200 4520.500 255.490 4521.200 L257.140 4523.690 Z
star	tool	M2286.892 1991.863 L2268.498 1993.042 L2250.173 1995.024 L2248.994 1976.629 L2247.012 1958.304 L2265.406 1957.125 L2283.732 1955.144 L2284.910 1973.538 L2286.892 1991.863 Z
star	svg	M2375.320 1080.110 C2374.810 1081.380 2374.300 1082.660 2373.790 1083.930 C2375.120 1083.590 2376.450 1083.260 2377.780 1082.920 C2376.570 1083.560 2375.360 1084.210 2374.150 1084.860 C2375.390 1085.450 2376.620 1086.050 2377.860 1086.650 C2376.520 1086.360 2375.170 1086.080 2373.830 1085.800 C2374.390 1087.050 2374.960 1088.300 2375.520 1089.550 C2374.680 1088.470 2373.830 1087.390 2372.980 1086.310 C2372.610 1087.640 2372.240 1088.960 2371.860 1090.280 C2371.910 1088.910 2371.950 1087.540 2372.000 1086.160 C2370.860 1086.940 2369.730 1087.710 2368.590 1088.480 C2369.510 1087.460 2370.430 1086.440 2371.340 1085.420 C2369.980 1085.280 2368.610 1085.140 2367.240 1085.010 C2368.600 1084.810 2369.960 1084.620 2371.320 1084.420 C2370.360 1083.440 2369.400 1082.460 2368.440 1081.470 C2369.610 1082.200 2370.780 1082.920 2371.940 1083.650 C2371.840 1082.280 2371.740 1080.910 2371.630 1079.540 C2372.060 1080.850 2372.490 1082.150 2372.920 1083.450 C2373.720 1082.340 2374.520 1081.220 2375.320 1080.110 Z
star	tool	M4849.528 4671.941 L4842.564 4666.459 L4838.002 4674.057 L4836.955 4665.256 L4828.356 4667.403 L4833.838 4660.439 L4826.240 4655.877 L4835.040 4654.830 L4832.894 4646.231 L4839.857 4651.713 L4844.419 4644.115 L4845.467 4652.915 L4854.066 4650.769 L4848.584 4657.732 L4856.182 4662.294 L4847.381 4663.342 L4849.528 4671.941 Z
star	svg	M2930.720 3753.400 C2896.790 3811.720 2862.870 3870.050 2828.940 3928.370 C2895.780 3919.160 2962.620 3909.940 3029.460 3900.730 C2967.730 3927.970 2906.000 3955.220 2844.270 3982.460 C2903.760 4014.290 2963.250 4046.130 3022.740 4077.970 C2956.790 4063.720 2890.840 4049.480 2824.890 4035.230 C2854.300 4095.960 2883.720 4156.680 2913.130 4217.400 L2778.190 4066.530 C2766.290 4132.950 2754.390 4199.360 2742.500 4265.780 C2735.670 4198.650 2728.830 4131.530 2722.000 4064.400 L2576.020 4204.620 C2609.940 4146.300 2643.870 4087.980 2677.800 4029.660 L2477.280 4057.290 C2539.010 4030.050 2600.740 4002.810 2662.460 3975.560 C2602.970 3943.730 2543.480 3911.890 2483.990 3880.060 C2549.950 3894.300 2615.900 3908.550 2681.850 3922.790 C2652.430 3862.070 2623.020 3801.350 2593.600 3740.620 C2638.590 3790.910 2683.570 3841.200 2728.550 3891.490 C2740.450 3825.080 2752.340 3758.660 2764.240 3692.240 C2771.070 3759.370 2777.900 3826.500 2784.740 3893.620 L2930.720 3753.400 Z
star	tool	M4500.312 3012.457 L4482.092 3053.920 L4527.374 3053.057 L4489.629 3078.088 L4528.190 3101.843 L4482.904 3102.494 L4502.500 3143.325 L4464.052 3119.389 L4458.462 3164.333 L4439.057 3123.411 L4410.057 3158.198 L4415.857 3113.281 L4372.652 3126.866 L4401.816 3092.216 L4358.125 3080.286 L4401.393 3066.903 L4371.087 3033.247 L4414.722 3045.381 L4407.423 3000.683 L4437.570 3034.481 L4455.596 2992.932 L4462.685 3037.664 L4500.312 3012.457 Z
star	svg	M1195.970 4793.040 C1190.340 4787.580 1184.700 4782.110 1179.070 4776.650 C1171.550 4778.890 1164.030 4781.140 1156.500 4783.390 C1157.260 4775.580 1158.020 4767.760 1158.780 4759.950 C1152.340 4755.470 1145.890 4750.990 1139.440 4746.510 C1146.030 4742.240 1152.610 4737.960 1159.190 4733.680 C1158.670 4725.850 1158.160 4718.020 1157.640 4710.180 C1165.090 4712.660 1172.540 4715.140 1179.980 4717.620 C1185.780 4712.330 1191.590 4707.040 1197.390 4701.760 C1200.090 4709.130 1202.800 4716.490 1205.500 4723.860 C1213.260 4725.100 1221.010 4726.340 1228.760 4727.580 C1224.680 4734.290 1220.610 4741.000 1216.530 4747.710 C1220.400 4754.540 1224.260 4761.370 1228.130 4768.210 C1220.340 4769.200 1212.560 4770.200 1204.770 4771.200 C1201.840 4778.480 1198.910 4785.760 1195.970 4793.040 Z
star	tool	M4800.198 3755.268 L4797.516 3769.696 L4807.781 3780.184 L4793.230 3782.092 L4786.427 3795.095 L4780.116 3781.846 L4765.647 3779.395 L4776.297 3769.298 L4774.158 3754.780 L4787.051 3761.789 L4800.198 3755.268 Z
star	svg	M4905.120 921.140 C4908.490 921.300 4911.860 921.470 4915.220 921.630 C4914.480 918.340 4913.740 915.050 4913.000 911.770 C4914.970 914.500 4916.940 917.240 4918.910 919.970 C4921.010 917.340 4923.120 914.710 4925.230 912.080 C4924.320 915.320 4923.410 918.570 4922.500 921.820 C4925.870 921.820 4929.240 921.830 4932.610 921.840 C4929.510 923.150 4926.400 924.460 4923.300 925.780 C4925.400 928.420 4927.490 931.060 4929.590 933.700 C4926.620 932.090 4923.660 930.480 4920.700 928.870 C4919.940 932.150 4919.190 935.440 4918.430 938.720 C4917.840 935.400 4917.250 932.090 4916.660 928.770 C4913.620 930.220 4910.580 931.680 4907.540 933.130 C4909.770 930.600 4912.000 928.070 4914.220 925.540 C4911.190 924.080 4908.160 922.610 4905.120 921.140 Z
star	tool	M4466.116 2764.324 L4468.076 2759.989 L4464.748 2756.589 L4469.476 2757.113 L4471.681 2752.898 L4472.644 2757.556 L4477.334 2758.351 L4473.201 2760.706 L4473.895 2765.412 L4470.378 2762.209 L4466.116 2764.324 Z
star	svg	M3561.440 2440.560 C3539.970 2441.260 3518.500 2441.960 3497.040 2442.660 C3504.470 2462.810 3511.910 2482.960 3519.340 2503.110 C3503.670 2488.430 3487.990 2473.740 3472.320 2459.060 C3463.330 2478.560 3454.340 2498.070 3445.340 2517.580 C3444.640 2496.110 3443.940 2474.640 3443.240 2453.180 C3423.090 2460.610 3402.940 2468.040 3382.790 2475.480 C3397.480 2459.810 3412.160 2444.130 3426.850 2428.460 C3407.340 2419.470 3387.840 2410.470 3368.330 2401.480 C3389.800 2400.780 3411.260 2400.080 3432.730 2399.380 C3425.300 2379.230 3417.860 2359.080 3410.430 2338.930 C3426.100 2353.620 3441.770 2368.300 3457.450 2382.990 C3466.440 2363.480 3475.430 2343.980 3484.420 2324.470 C3485.120 2345.940 3485.820 2367.400 3486.520 2388.870 C3506.670 2381.440 3526.820 2374.000 3546.970 2366.570 C3532.290 2382.240 3517.600 2397.910 3502.920 2413.590 C3522.420 2422.580 3541.930 2431.570 3561.440 2440.560 Z
star	tool	M2072.275 4037.235 L2056.600 4087.990 L2077.632 4136.770 L2025.839 4148.573 L1994.111 4191.177 L1957.993 4152.224 L1905.232 4146.048 L1920.907 4095.293 L1899.875 4046.513 L1951.668 4034.710 L1983.397 3992.107 L2019.515 4031.059 L2072.275 4037.235 Z
star	svg	M2136.450 2443.390 C2096.060 2409.600 2055.670 2375.820 2015.290 2342.030 C1986.100 2385.860 1956.920 2429.680 1927.730 2473.510 C1923.070 2421.060 1918.400 2368.620 1913.730 2316.170 C1862.100 2326.520 1810.480 2336.880 1758.850 2347.230 C1792.640 2306.840 1826.420 2266.460 1860.210 2226.070 C1816.380 2196.890 1772.550 2167.700 1728.730 2138.520 C1781.180 2133.850 1833.620 2129.180 1886.070 2124.510 C1875.720 2072.890 1865.360 2021.260 1855.010 1969.630 C1895.390 2003.420 1935.780 2037.200 1976.170 2070.990 C2005.350 2027.160 2034.540 1983.340 2063.720 1939.510 C2068.390 1991.960 2073.060 2044.400 2077.730 2096.850 C2129.350 2086.500 2180.980 2076.140 2232.610 2065.790 C2198.820 2106.180 2165.030 2146.560 2131.250 2186.950 C2175.080 2216.130 2218.900 2245.320 2262.730 2274.500 C2210.280 2279.170 2157.830 2283.840 2105.390 2288.510 C2115.740 2340.130 2126.090 2391.760 2136.450 2443.390 Z
star	tool	M3207.315 348.349 L3197.715 329.523 L3187.855 348.213 L3192.602 327.621 L3173.034 335.601 L3189.907 322.878 L3169.788 316.413 L3190.892 317.512 L3179.636 299.627 L3195.095 314.035 L3197.968 293.099 L3200.551 314.072 L3216.209 299.882 L3204.705 317.608 L3225.822 316.802 L3205.615 322.987 L3222.310 335.943 L3202.855 327.693 L3207.315 348.349 Z
star	svg	M678.650 4487.320 L683.960 4483.930 C682.340 4482.600 680.720 4481.260 679.100 4479.930 C681.090 4480.610 683.070 4481.290 685.060 4481.960 C685.090 4479.870 685.130 4477.770 685.170 4475.670 C685.870 4477.650 686.580 4479.620 687.280 4481.600 C688.950 4480.320 690.610 4479.040 692.270 4477.760 C691.170 4479.540 690.060 4481.330 688.960 4483.110 C690.990 4483.610 693.030 4484.110 695.070 4484.620 C692.990 4484.860 690.900 4485.110 688.820 4485.360 C689.700 4487.270 690.580 4489.170 691.450 4491.080 C689.960 4489.600 688.470 4488.130 686.970 4486.660 C686.030 4488.530 685.090 4490.410 684.150 4492.280 C684.370 4490.190 684.590 4488.110 684.810 4486.020 C682.760 4486.450 680.700 4486.890 678.650 4487.320 Z
star	tool	M2327.408 1638.516 L2330.371 1639.738 L2333.072 1638.014 L2332.825 1641.209 L2335.299 1643.245 L2332.184 1643.997 L2331.012 1646.980 L2329.334 1644.250 L2326.135 1644.057 L2328.214 1641.618 L2327.408 1638.516 Z
star	svg	M2569.020 3323.200 C2569.610 3323.860 2570.200 3324.520 2570.790 3325.190 C2571.380 3324.520 2571.970 3323.860 2572.550 3323.200 C2572.640 3324.080 2572.730 3324.960 2572.810 3325.840 C2573.680 3325.650 2574.540 3325.460 2575.410 3325.270 C2574.960 3326.040 2574.510 3326.800 2574.070 3327.570 C2574.880 3327.920 2575.690 3328.280 2576.500 3328.630 C2575.690 3328.990 2574.880 3329.340 2574.070 3329.700 C2574.510 3330.460 2574.960 3331.220 2575.410 3331.990 C2574.540 3331.800 2573.680 3331.610 2572.810 3331.420 C2572.730 3332.300 2572.640 3333.180 2572.550 3334.060 C2571.970 3333.400 2571.380 3332.740 2570.790 3332.080 L2569.020 3334.060 C2568.940 3333.180 2568.850 3332.300 2568.770 3331.420 C2567.900 3331.610 2567.030 3331.800 2566.170 3331.990 C2566.620 3331.220 2567.070 3330.460 2567.510 3329.700 C2566.700 3329.340 2565.890 3328.990 2565.080 3328.630 C2565.890 3328.280 2566.700 3327.920 2567.510 3327.570 C2567.070 3326.800 2566.620 3326.040 2566.170 3325.270 C2567.030 3325.460 2567.900 3325.650 2568.760 3325.840 C2568.850 3324.960 2568.940 3324.080 2569.020 3323.200 Z
star	tool	M3161.177 3190.340 L3160.749 3192.335 L3162.660 3193.051 L3161.141 3194.414 L3162.265 3196.116 L3160.236 3196.326 L3160.145 3198.364 L3158.380 3197.341 L3157.108 3198.936 L3156.282 3197.071 L3154.315 3197.614 L3154.743 3195.619 L3152.833 3194.903 L3154.351 3193.541 L3153.227 3191.838 L3155.256 3191.628 L3155.347 3189.590 L3157.112 3190.613 L3158.384 3189.018 L3159.210 3190.883 L3161.177 3190.340 Z
star	svg	M1139.310 341.490 C1137.840 342.130 1136.380 342.760 1134.920 343.400 C1135.800 344.730 1136.680 346.060 1137.550 347.390 C1136.150 346.640 1134.740 345.890 1133.330 345.150 C1132.840 346.660 1132.350 348.180 1131.850 349.690 C1131.560 348.130 1131.270 346.560 1130.970 344.990 L1126.500 346.670 C1127.540 345.470 1128.580 344.260 1129.620 343.050 C1128.250 342.240 1126.890 341.420 1125.520 340.600 C1127.110 340.660 1128.700 340.730 1130.300 340.790 C1130.080 339.210 1129.870 337.630 1129.660 336.050 C1130.600 337.340 1131.540 338.620 1132.490 339.900 L1135.790 336.450 C1135.380 337.990 1134.960 339.530 1134.550 341.060 C1136.130 341.210 1137.720 341.350 1139.310 341.500 L1139.310 341.490 Z
star	tool	M2650.963 3391.579 L2660.356 3380.215 L2645.961 3377.030 L2659.777 3371.885 L2648.903 3361.929 L2663.441 3364.382 L2659.002 3350.323 L2670.366 3359.715 L2673.551 3345.320 L2678.696 3359.137 L2688.652 3348.263 L2686.199 3362.800 L2700.258 3358.361 L2690.866 3369.725 L2705.261 3372.910 L2691.444 3378.055 L2702.318 3388.011 L2687.781 3385.559 L2692.220 3399.617 L2680.856 3390.225 L2677.671 3404.620 L2672.526 3390.804 L2662.570 3401.678 L2665.022 3387.140 L2650.963 3391.579 Z
star	svg	M1485.740 4860.840 C1487.390 4834.570 1489.040 4808.300 1490.680 4782.040 C1465.020 4787.860 1439.350 4793.680 1413.690 4799.490 L1464.000 4738.650 C1439.810 4728.270 1415.630 4717.890 1391.450 4707.510 L1467.920 4687.860 C1454.450 4665.250 1440.990 4642.630 1427.520 4620.020 C1451.990 4629.710 1476.460 4639.390 1500.940 4649.070 C1503.330 4622.860 1505.730 4596.660 1508.130 4570.450 C1522.240 4592.670 1536.340 4614.880 1550.450 4637.100 C1567.790 4617.310 1585.140 4597.520 1602.480 4577.720 C1600.840 4603.990 1599.190 4630.250 1597.540 4656.520 C1623.210 4650.700 1648.870 4644.880 1674.540 4639.070 L1624.230 4699.910 C1648.410 4710.290 1672.590 4720.670 1696.780 4731.050 L1620.310 4750.700 C1633.770 4773.310 1647.240 4795.920 1660.700 4818.540 C1636.230 4808.850 1611.760 4799.170 1587.290 4789.490 C1584.890 4815.700 1582.490 4841.900 1580.090 4868.110 C1565.990 4845.890 1551.880 4823.680 1537.780 4801.460 C1520.430 4821.250 1503.090 4841.040 1485.740 4860.840 Z
star	tool	M1637.041 4310.680 L1494.082 4314.144 L1469.079 4454.941 L1377.238 4345.331 L1251.569 4413.569 L1280.004 4273.424 L1148.300 4217.717 L1275.598 4152.570 L1237.035 4014.867 L1367.339 4073.774 L1450.956 3957.768 L1486.144 4096.372 L1628.976 4089.417 L1542.550 4203.346 L1637.041 4310.680 Z
star	svg	M4678.480 964.590 C4679.840 966.200 4681.190 967.810 4682.540 969.420 C4683.150 967.400 4683.750 965.390 4684.360 963.380 L4685.470 969.590 C4687.000 968.150 4688.530 966.700 4690.060 965.260 C4689.340 967.240 4688.630 969.220 4687.910 971.190 C4689.960 970.710 4692.010 970.230 4694.050 969.740 C4692.440 971.100 4690.840 972.450 4689.230 973.810 C4691.240 974.410 4693.260 975.020 4695.270 975.620 L4689.060 976.730 C4690.500 978.260 4691.940 979.790 4693.390 981.320 C4691.410 980.610 4689.430 979.890 4687.450 979.180 C4687.940 981.220 4688.420 983.270 4688.900 985.320 C4687.550 983.710 4686.190 982.100 4684.840 980.490 C4684.230 982.510 4683.630 984.520 4683.020 986.530 C4682.650 984.460 4682.290 982.390 4681.920 980.320 C4680.390 981.760 4678.860 983.210 4677.320 984.650 C4678.040 982.670 4678.750 980.690 4679.470 978.720 C4677.420 979.200 4675.380 979.680 4673.330 980.170 C4674.940 978.810 4676.550 977.460 4678.150 976.100 C4676.140 975.500 4674.130 974.890 4672.110 974.290 L4678.320 973.180 L4674.000 968.590 C4675.980 969.300 4677.950 970.020 4679.930 970.730 C4679.450 968.690 4678.960 966.640 4678.480 964.590 Z
star	tool	M2349.250 3432.986 L2351.653 3416.758 L2347.790 3400.814 L2364.018 3403.217 L2379.962 3399.355 L2377.559 3415.582 L2381.422 3431.526 L2365.194 3429.123 L2349.250 3432.986 Z
star	svg	M887.810 3250.400 C892.740 3241.620 897.660 3232.840 902.590 3224.060 C894.590 3217.940 886.590 3211.830 878.590 3205.720 C888.530 3204.090 898.470 3202.470 908.410 3200.850 C908.200 3190.780 907.990 3180.720 907.790 3170.650 C915.250 3177.410 922.710 3184.170 930.180 3190.930 L953.400 3171.610 L951.510 3201.760 C961.370 3203.800 971.230 3205.830 981.090 3207.870 C972.840 3213.650 964.590 3219.420 956.340 3225.190 C960.900 3234.170 965.450 3243.150 970.010 3252.130 L941.030 3243.580 L928.490 3271.060 C924.700 3261.730 920.910 3252.400 917.110 3243.080 C907.350 3245.520 897.580 3247.960 887.810 3250.400 L887.810 3250.400 Z
star	tool	M3636.557 3406.282 L3638.690 3406.192 L3637.902 3404.208 L3639.681 3405.389 L3640.210 3403.321 L3640.954 3405.321 L3642.598 3403.959 L3642.025 3406.015 L3644.155 3405.879 L3642.482 3407.206 L3644.286 3408.348 L3642.153 3408.438 L3642.940 3410.422 L3641.162 3409.241 L3640.633 3411.310 L3639.888 3409.309 L3638.245 3410.671 L3638.818 3408.615 L3636.688 3408.751 L3638.360 3407.424 L3636.557 3406.282 Z
star	svg	M4663.930 2528.240 C4668.250 2524.860 4672.560 2521.480 4676.880 2518.100 C4678.410 2512.840 4679.950 2507.590 4681.490 2502.330 C4684.870 2506.640 4688.250 2510.960 4691.620 2515.270 L4707.400 2519.890 C4703.090 2523.270 4698.770 2526.640 4694.460 2530.020 L4689.840 2545.800 C4686.460 2541.480 4683.080 2537.170 4679.710 2532.850 C4674.450 2531.310 4669.190 2529.770 4663.930 2528.240 Z
star	tool	M2027.217 3876.304 L2034.689 3886.702 L2047.372 3884.940 L2045.302 3897.576 L2055.517 3905.297 L2045.119 3912.769 L2046.881 3925.451 L2034.245 3923.382 L2026.524 3933.596 L2019.052 3923.198 L2006.370 3924.961 L2008.439 3912.325 L1998.225 3904.604 L2008.623 3897.132 L2006.860 3884.449 L2019.496 3886.519 L2027.217 3876.304 Z
star	svg	M2317.710 2861.620 C2316.550 2870.280 2315.390 2878.930 2314.240 2887.580 C2322.810 2889.220 2331.390 2890.850 2339.970 2892.480 C2331.890 2895.800 2323.820 2899.130 2315.750 2902.450 C2318.620 2910.700 2321.500 2918.940 2324.380 2927.190 C2317.460 2921.860 2310.540 2916.530 2303.630 2911.200 C2297.930 2917.810 2292.220 2924.430 2286.520 2931.040 C2287.680 2922.380 2288.840 2913.730 2289.990 2905.070 C2281.410 2903.440 2272.840 2901.810 2264.260 2900.180 C2272.330 2896.860 2280.410 2893.530 2288.480 2890.200 C2285.600 2881.960 2282.730 2873.720 2279.850 2865.470 C2286.770 2870.800 2293.680 2876.130 2300.600 2881.460 C2306.300 2874.850 2312.000 2868.230 2317.710 2861.620 Z
star	tool	M106.594 1692.620 L81.659 1662.525 L42.613 1660.839 L63.530 1627.825 L53.067 1590.169 L90.929 1599.860 L123.509 1578.273 L125.992 1617.277 L156.590 1641.592 L120.263 1656.006 L106.594 1692.620 Z
star	svg	M2869.590 2611.500 C2871.570 2606.260 2873.550 2601.010 2875.530 2595.770 C2876.450 2590.250 2877.370 2584.720 2878.290 2579.190 C2883.540 2581.170 2888.780 2583.150 2894.020 2585.130 C2899.550 2586.050 2905.070 2586.970 2910.600 2587.890 C2908.620 2593.130 2906.640 2598.370 2904.660 2603.620 C2903.740 2609.140 2902.820 2614.670 2901.900 2620.200 L2886.180 2614.260 L2869.590 2611.500 Z
star	tool	M2080.091 2935.440 L2081.060 2931.864 L2080.598 2928.188 L2084.299 2928.005 L2087.653 2926.430 L2088.970 2929.893 L2091.504 2932.595 L2088.618 2934.918 L2086.831 2938.164 L2083.730 2936.136 L2080.091 2935.440 Z
star	svg	M1043.630 2249.270 C994.390 2252.080 945.140 2254.880 895.890 2257.690 C894.840 2307.000 893.780 2356.320 892.720 2405.630 C874.840 2359.660 856.950 2313.700 839.060 2267.730 C791.830 2281.960 744.610 2296.190 697.380 2310.420 C735.570 2279.210 773.760 2247.990 811.950 2216.780 L727.560 2095.220 C769.050 2121.900 810.540 2148.570 852.030 2175.250 C881.870 2135.970 911.720 2096.700 941.560 2057.420 C929.010 2105.130 916.460 2152.830 903.910 2200.540 C950.480 2216.780 997.060 2233.020 1043.630 2249.270 Z
star	tool	M308.555 4120.812 L248.466 4104.191 L273.142 4161.445 L231.579 4114.975 L221.383 4176.481 L211.541 4114.918 L169.712 4161.148 L194.716 4104.036 L134.533 4120.313 L186.444 4085.786 L127.015 4066.941 L189.353 4065.960 L149.546 4017.977 L202.518 4050.855 L194.972 3988.968 L221.760 4045.265 L248.871 3989.123 L240.970 4050.965 L294.129 4018.392 L254.048 4066.146 L316.379 4067.484 L256.843 4085.988 L308.555 4120.812 Z
star	svg	M207.430 3725.970 L221.200 3744.840 C226.760 3739.390 232.320 3733.940 237.890 3728.490 C236.690 3736.180 235.490 3743.870 234.290 3751.570 C242.070 3751.650 249.860 3751.720 257.640 3751.800 C251.360 3756.390 245.070 3760.990 238.780 3765.580 L255.130 3782.260 C247.440 3781.060 239.740 3779.860 232.050 3778.660 C231.970 3786.450 231.890 3794.230 231.820 3802.020 C227.220 3795.730 222.630 3789.440 218.040 3783.160 L201.360 3799.510 C202.560 3791.810 203.760 3784.120 204.960 3776.430 C197.170 3776.350 189.380 3776.270 181.600 3776.190 C187.890 3771.600 194.170 3767.010 200.460 3762.420 C195.010 3756.850 189.560 3751.290 184.110 3745.730 C191.810 3746.930 199.500 3748.130 207.190 3749.330 C207.270 3741.540 207.350 3733.760 207.430 3725.970 Z
star	tool	M773.994 2883.836 L791.801 2870.055 L770.474 2862.833 L792.980 2862.150 L779.972 2843.772 L798.581 2856.448 L798.859 2833.934 L806.463 2855.127 L819.922 2837.076 L813.617 2858.692 L835.115 2851.999 L817.309 2865.780 L838.635 2873.002 L816.129 2873.685 L829.138 2892.063 L810.529 2879.387 L810.250 2901.901 L802.646 2880.708 L789.187 2898.759 L795.493 2877.144 L773.994 2883.836 Z
star	svg	M2434.230 4033.260 C2433.840 4062.650 2433.450 4092.030 2433.050 4121.420 C2461.900 4115.780 2490.740 4110.150 2519.580 4104.520 C2496.360 4122.540 2473.140 4140.550 2449.930 4158.570 C2472.310 4177.610 2494.700 4196.650 2517.080 4215.690 C2488.520 4208.760 2459.960 4201.840 2431.400 4194.920 C2430.470 4224.300 2429.540 4253.670 2428.620 4283.040 C2416.220 4256.400 2403.820 4229.750 2391.430 4203.110 C2367.880 4220.700 2344.340 4238.280 2320.800 4255.870 C2333.900 4229.570 2347.000 4203.260 2360.110 4176.960 C2331.680 4169.510 2303.250 4162.070 2274.820 4154.630 C2303.550 4148.480 2332.290 4142.320 2361.020 4136.160 C2349.120 4109.300 2337.210 4082.430 2325.300 4055.560 C2348.030 4074.190 2370.760 4092.820 2393.490 4111.440 L2434.230 4033.260 Z
star	tool	M474.947 3863.268 L440.780 3847.998 L425.293 3882.067 L406.627 3849.631 L374.073 3868.090 L378.037 3830.877 L340.850 3826.676 L365.931 3798.900 L338.315 3773.643 L374.932 3765.914 L367.436 3729.249 L401.603 3744.519 L417.089 3710.450 L435.756 3742.886 L468.310 3724.427 L464.345 3761.640 L501.532 3765.841 L476.452 3793.617 L504.068 3818.874 L467.451 3826.603 L474.947 3863.268 Z
star	svg	M3175.540 979.210 C3176.850 981.230 3178.160 983.250 3179.480 985.270 C3179.930 982.900 3180.380 980.540 3180.830 978.170 C3180.840 980.580 3180.860 982.990 3180.870 985.400 C3182.530 983.650 3184.190 981.900 3185.850 980.160 C3184.550 982.190 3183.260 984.220 3181.970 986.260 C3184.310 985.680 3186.650 985.110 3188.990 984.540 C3186.800 985.550 3184.610 986.560 3182.430 987.570 C3184.710 988.360 3186.980 989.140 3189.260 989.930 C3186.870 989.600 3184.490 989.260 3182.100 988.930 C3183.590 990.820 3185.090 992.720 3186.580 994.610 C3184.750 993.040 3182.920 991.470 3181.100 989.900 C3181.330 992.300 3181.560 994.690 3181.790 997.090 C3181.100 994.780 3180.410 992.480 3179.720 990.170 C3178.620 992.310 3177.520 994.450 3176.420 996.600 C3177.090 994.280 3177.760 991.970 3178.430 989.650 C3176.340 990.860 3174.260 992.070 3172.170 993.280 C3173.990 991.690 3175.800 990.100 3177.610 988.520 C3175.210 988.410 3172.800 988.300 3170.390 988.180 C3172.780 987.830 3175.160 987.480 3177.540 987.120 C3175.580 985.730 3173.610 984.330 3171.650 982.940 C3173.850 983.930 3176.040 984.920 3178.240 985.910 C3177.340 983.680 3176.440 981.440 3175.540 979.210 Z
star	tool	M1547.236 1123.397 L1539.442 1128.794 L1547.270 1134.142 L1537.830 1133.266 L1540.389 1142.394 L1533.720 1135.656 L1529.813 1144.293 L1529.036 1134.845 L1520.491 1138.950 L1525.969 1131.213 L1516.784 1128.864 L1525.954 1126.459 L1520.428 1118.756 L1528.999 1122.807 L1529.716 1113.354 L1533.678 1121.967 L1540.304 1115.187 L1537.802 1124.331 L1547.236 1123.397 Z
star	svg	M313.150 2171.900 C320.630 2153.670 328.100 2135.440 335.580 2117.210 C315.900 2118.170 296.220 2119.140 276.540 2120.110 C293.300 2109.750 310.070 2099.400 326.840 2089.040 C310.350 2078.260 293.850 2067.470 277.360 2056.680 L336.310 2061.120 L315.310 2005.860 C330.340 2018.600 345.370 2031.350 360.400 2044.100 C365.560 2025.080 370.720 2006.060 375.890 1987.040 C380.550 2006.190 385.220 2025.330 389.890 2044.480 C405.240 2032.130 420.600 2019.780 435.950 2007.430 C428.470 2025.660 421.000 2043.890 413.520 2062.120 C433.200 2061.160 452.880 2060.190 472.560 2059.230 C455.800 2069.580 439.030 2079.930 422.260 2090.290 C438.750 2101.080 455.250 2111.860 471.740 2122.650 L412.790 2118.210 C419.790 2136.640 426.790 2155.060 433.790 2173.480 C418.760 2160.730 403.730 2147.980 388.700 2135.240 C383.540 2154.250 378.370 2173.270 373.210 2192.290 C368.550 2173.140 363.880 2154.000 359.210 2134.850 C343.860 2147.200 328.500 2159.550 313.150 2171.900 Z
star	tool	M2298.882 1260.851 L2292.560 1232.242 L2276.587 1256.805 L2285.417 1228.867 L2259.302 1242.153 L2280.917 1222.373 L2251.659 1220.821 L2280.268 1214.499 L2255.706 1198.526 L2283.643 1207.355 L2270.358 1181.241 L2290.137 1202.856 L2291.689 1173.598 L2298.011 1202.207 L2313.984 1177.644 L2305.155 1205.582 L2331.269 1192.296 L2309.654 1212.076 L2338.912 1213.628 L2310.303 1219.950 L2334.866 1235.923 L2306.928 1227.094 L2320.214 1253.208 L2300.434 1231.593 L2298.882 1260.851 Z
star	svg	M3711.410 4444.540 L3711.830 4442.140 C3711.100 4442.490 3710.360 4442.830 3709.630 4443.180 C3710.150 4442.560 3710.680 4441.940 3711.200 4441.320 L3708.770 4441.110 C3709.540 4440.840 3710.300 4440.560 3711.060 4440.290 C3710.400 4439.820 3709.730 4439.360 3709.060 4438.900 L3711.460 4439.320 C3711.110 4438.590 3710.770 4437.860 3710.420 4437.120 C3711.040 4437.650 3711.670 4438.170 3712.290 4438.690 C3712.350 4437.880 3712.420 4437.070 3712.490 4436.270 C3712.770 4437.030 3713.040 4437.790 3713.320 4438.550 C3713.780 4437.890 3714.240 4437.220 3714.710 4436.560 C3714.560 4437.350 3714.420 4438.150 3714.280 4438.950 C3715.010 4438.610 3715.750 4438.260 3716.480 4437.920 C3715.960 4438.540 3715.440 4439.160 3714.910 4439.780 C3715.720 4439.850 3716.530 4439.910 3717.340 4439.980 C3716.580 4440.260 3715.810 4440.530 3715.050 4440.810 C3715.720 4441.270 3716.380 4441.740 3717.050 4442.200 C3716.250 4442.060 3715.450 4441.910 3714.650 4441.770 C3715.000 4442.510 3715.340 4443.240 3715.690 4443.970 L3713.830 4442.410 C3713.760 4443.210 3713.690 4444.020 3713.620 4444.830 C3713.350 4444.070 3713.070 4443.300 3712.790 4442.540 C3712.330 4443.210 3711.870 4443.870 3711.410 4444.540 Z
star	tool	M4043.657 2694.836 L4043.218 2666.466 L4015.681 2659.627 L4035.432 2639.256 L4020.797 2614.948 L4049.167 2614.509 L4056.007 2586.972 L4076.378 2606.723 L4100.685 2592.088 L4101.124 2620.458 L4128.661 2627.298 L4108.910 2647.668 L4123.545 2671.976 L4095.175 2672.415 L4088.336 2699.952 L4067.965 2680.201 L4043.657 2694.836 Z
star	svg	M3188.120 4123.410 C3192.720 4132.660 3197.330 4141.920 3201.940 4151.180 C3209.060 4143.680 3216.180 4136.190 3223.310 4128.690 C3220.020 4138.490 3216.730 4148.300 3213.450 4158.100 C3223.780 4157.840 3234.120 4157.570 3244.450 4157.310 C3235.200 4161.920 3225.940 4166.520 3216.690 4171.130 C3224.180 4178.250 3231.680 4185.380 3239.170 4192.500 C3229.370 4189.210 3219.560 4185.920 3209.760 4182.640 C3210.030 4192.970 3210.290 4203.310 3210.550 4213.640 C3205.950 4204.390 3201.340 4195.130 3196.730 4185.880 C3189.610 4193.370 3182.490 4200.870 3175.360 4208.360 C3178.650 4198.560 3181.940 4188.760 3185.220 4178.950 C3174.890 4179.220 3164.550 4179.480 3154.220 4179.740 C3163.470 4175.140 3172.730 4170.530 3181.980 4165.920 C3174.490 4158.800 3166.990 4151.680 3159.500 4144.560 C3169.300 4147.840 3179.110 4151.130 3188.910 4154.420 C3188.640 4144.080 3188.380 4133.740 3188.120 4123.410 Z
star	tool	M4482.496 3655.054 L4382.846 3695.694 L4351.118 3798.529 L4257.214 3745.957 L4157.032 3785.268 L4139.586 3679.073 L4046.389 3625.257 L4118.538 3545.406 L4102.506 3438.988 L4209.920 3445.610 L4283.125 3366.725 L4344.920 3454.834 L4452.237 3462.884 L4421.879 3566.132 L4482.496 3655.054 Z
star	svg	M2517.800 4073.250 C2519.920 4074.840 2522.030 4076.440 2524.140 4078.030 C2524.340 4075.390 2524.540 4072.760 2524.740 4070.120 C2525.660 4072.600 2526.570 4075.080 2527.490 4077.570 C2529.080 4075.460 2530.680 4073.350 2532.280 4071.240 C2531.700 4073.820 2531.130 4076.400 2530.550 4078.990 C2533.040 4078.070 2535.520 4077.160 2538.010 4076.250 C2536.130 4078.110 2534.250 4079.970 2532.370 4081.840 C2534.950 4082.410 2537.530 4082.990 2540.120 4083.560 C2537.530 4084.120 2534.940 4084.670 2532.350 4085.220 C2534.210 4087.100 2536.080 4088.980 2537.940 4090.860 C2535.460 4089.920 2532.990 4088.990 2530.510 4088.050 L2532.160 4095.820 C2530.580 4093.690 2529.010 4091.570 2527.430 4089.440 C2526.490 4091.920 2525.560 4094.390 2524.620 4096.870 C2524.440 4094.230 2524.260 4091.590 2524.090 4088.950 C2521.960 4090.520 2519.830 4092.100 2517.710 4093.670 C2518.990 4091.350 2520.260 4089.040 2521.540 4086.720 C2518.900 4086.900 2516.260 4087.070 2513.620 4087.250 L2520.610 4083.470 C2518.290 4082.190 2515.970 4080.910 2513.660 4079.630 C2516.300 4079.830 2518.930 4080.030 2521.570 4080.230 C2520.320 4077.900 2519.060 4075.580 2517.800 4073.250 Z
star	tool	M537.061 3077.109 L533.595 3075.491 L532.481 3079.151 L531.585 3075.431 L528.029 3076.842 L530.378 3073.823 L527.058 3071.922 L530.883 3071.876 L530.299 3068.095 L532.720 3071.057 L535.312 3068.243 L534.505 3071.983 L538.321 3072.255 L534.895 3073.956 L537.061 3077.109 Z
star	svg	M2202.240 4469.380 C2209.590 4471.230 2216.930 4473.090 2224.280 4474.940 C2225.300 4467.430 2226.320 4459.930 2227.340 4452.420 C2231.230 4458.930 2235.110 4465.430 2238.990 4471.940 C2245.020 4467.350 2251.050 4462.770 2257.090 4458.180 C2255.230 4465.530 2253.380 4472.870 2251.520 4480.220 L2274.050 4483.280 C2267.540 4487.170 2261.040 4491.050 2254.530 4494.930 C2259.120 4500.960 2263.700 4507.000 2268.290 4513.030 C2260.940 4511.170 2253.590 4509.320 2246.250 4507.470 C2245.230 4514.970 2244.200 4522.480 2243.180 4529.990 C2239.300 4523.480 2235.420 4516.980 2231.530 4510.470 C2225.500 4515.060 2219.470 4519.640 2213.440 4524.230 C2215.290 4516.880 2217.150 4509.530 2219.000 4502.190 C2211.490 4501.170 2203.990 4500.150 2196.480 4499.120 C2202.990 4495.240 2209.490 4491.360 2216.000 4487.470 C2211.410 4481.440 2206.820 4475.410 2202.240 4469.380 Z
star	tool	M2922.740 2640.072 L2908.711 2637.302 L2899.907 2648.571 L2898.207 2634.373 L2884.769 2629.482 L2897.747 2623.477 L2898.245 2609.186 L2907.967 2619.673 L2921.713 2615.731 L2914.743 2628.217 L2922.740 2640.072 Z
star	svg	M887.190 4132.760 C886.480 4129.990 885.780 4127.220 885.070 4124.460 L882.280 4116.360 C885.040 4115.660 887.810 4114.950 890.570 4114.250 C893.270 4113.320 895.970 4112.390 898.670 4111.450 C899.370 4114.220 900.080 4116.980 900.780 4119.750 C901.720 4122.450 902.650 4125.150 903.580 4127.840 C900.810 4128.550 898.050 4129.250 895.280 4129.960 C892.580 4130.890 889.890 4131.820 887.190 4132.760 Z
star	tool	M543.665 3288.865 L545.978 3293.206 L550.896 3293.168 L547.482 3296.709 L549.038 3301.374 L544.616 3299.222 L540.659 3302.143 L541.339 3297.272 L537.339 3294.412 L542.181 3293.554 L543.665 3288.865 Z
star	svg	M1006.660 4729.280 C1021.590 4722.750 1036.510 4716.220 1051.440 4709.680 C1062.830 4698.040 1074.230 4686.400 1085.630 4674.760 C1096.460 4686.930 1107.280 4699.110 1118.110 4711.280 C1132.700 4718.530 1147.300 4725.770 1161.890 4733.010 C1153.660 4747.070 1145.420 4761.130 1137.190 4775.190 C1134.810 4791.300 1132.430 4807.420 1130.050 4823.540 C1114.140 4820.050 1098.230 4816.560 1082.310 4813.080 C1066.250 4815.800 1050.180 4818.520 1034.120 4821.240 C1032.520 4805.020 1030.910 4788.810 1029.310 4772.600 C1021.760 4758.160 1014.210 4743.720 1006.660 4729.290 L1006.660 4729.280 Z
star	tool	M1602.388 3409.233 L1607.116 3408.804 L1604.447 3404.879 L1608.524 3407.310 L1608.673 3402.566 L1610.541 3406.929 L1613.450 3403.178 L1612.397 3407.807 L1616.956 3406.482 L1613.383 3409.608 L1617.849 3411.216 L1613.122 3411.644 L1615.790 3415.570 L1611.714 3413.138 L1611.565 3417.883 L1609.696 3413.519 L1606.787 3417.270 L1607.840 3412.642 L1603.282 3413.966 L1606.855 3410.841 L1602.388 3409.233 Z
star	svg	M4156.630 1330.430 C4138.550 1350.590 4120.470 1370.740 4102.390 1390.900 C4120.850 1410.700 4139.310 1430.510 4157.770 1450.320 L4076.680 1445.610 C4072.700 1472.390 4068.730 1499.170 4064.750 1525.960 C4049.120 1503.840 4033.500 1481.730 4017.870 1459.620 C3994.460 1473.210 3971.040 1486.800 3947.620 1500.390 C3955.160 1474.380 3962.710 1448.380 3970.260 1422.380 C3945.030 1412.540 3919.800 1402.710 3894.580 1392.870 C3919.610 1382.560 3944.650 1372.240 3969.680 1361.930 C3961.640 1336.070 3953.610 1310.220 3945.570 1284.360 C3969.240 1297.510 3992.910 1310.650 4016.580 1323.790 C4031.790 1301.390 4046.990 1278.980 4062.190 1256.580 C4066.670 1283.280 4071.160 1309.980 4075.640 1336.690 C4102.640 1334.600 4129.640 1332.520 4156.630 1330.430 Z
star	tool	M2045.951 3270.741 L2005.170 3239.336 L1954.453 3248.115 L1985.858 3207.334 L1977.079 3156.617 L2017.859 3188.022 L2068.577 3179.243 L2037.172 3220.023 L2045.951 3270.741 Z
star	svg	M797.570 2756.220 C789.320 2746.730 781.070 2737.240 772.820 2727.740 L740.510 2747.210 C744.610 2735.320 748.700 2723.430 752.800 2711.540 C741.800 2705.460 730.790 2699.370 719.790 2693.290 C732.130 2690.890 744.480 2688.490 756.820 2686.100 C756.590 2673.530 756.350 2660.950 756.120 2648.380 C764.370 2657.870 772.620 2667.370 780.860 2676.860 C791.630 2670.370 802.410 2663.880 813.180 2657.400 C809.080 2669.280 804.980 2681.170 800.890 2693.060 C811.890 2699.150 822.900 2705.230 833.900 2711.310 C821.560 2713.710 809.210 2716.110 796.870 2718.500 C797.100 2731.080 797.330 2743.650 797.570 2756.220 Z
star	tool	M1487.260 2596.901 L1438.526 2662.730 L1432.320 2744.400 L1366.490 2695.667 L1284.820 2689.460 L1333.554 2623.630 L1339.760 2541.960 L1405.590 2590.694 L1487.260 2596.901 Z
star	svg	M154.190 2398.610 L154.250 2402.300 C155.470 2402.440 156.700 2402.580 157.920 2402.720 L155.070 2405.060 C155.720 2406.110 156.370 2407.150 157.030 2408.190 C155.820 2407.940 154.620 2407.680 153.420 2407.430 L152.190 2410.910 L150.540 2407.610 C149.370 2408.020 148.210 2408.420 147.050 2408.820 C147.570 2407.710 148.080 2406.590 148.600 2405.470 C147.560 2404.820 146.520 2404.160 145.480 2403.500 C146.670 2403.210 147.870 2402.920 149.060 2402.620 C148.930 2401.400 148.790 2400.180 148.660 2398.960 C149.630 2399.710 150.600 2400.460 151.580 2401.210 C152.450 2400.340 153.320 2399.480 154.190 2398.610 Z
star	tool	M2160.525 4724.695 L2174.555 4627.883 L2077.882 4612.931 L2142.025 4539.073 L2068.782 4474.228 L2162.674 4446.773 L2136.115 4352.624 L2229.945 4380.289 L2258.504 4286.728 L2322.481 4360.729 L2397.090 4297.460 L2410.903 4394.303 L2507.873 4381.414 L2467.136 4470.352 L2555.681 4511.935 L2473.328 4564.730 L2525.335 4647.583 L2427.512 4647.473 L2426.469 4745.291 L2344.235 4692.311 L2290.473 4774.037 L2249.936 4685.009 L2160.525 4724.695 Z
star	svg	M3835.880 1120.910 C3836.430 1120.230 3836.970 1119.550 3837.520 1118.870 C3837.730 1118.020 3837.930 1117.180 3838.140 1116.330 C3838.960 1116.640 3839.770 1116.950 3840.590 1117.260 C3841.460 1117.200 3842.330 1117.130 3843.200 1117.070 C3843.150 1117.940 3843.110 1118.810 3843.070 1119.680 C3843.400 1120.490 3843.730 1121.290 3844.060 1122.100 C3843.220 1122.330 3842.370 1122.560 3841.530 1122.780 C3840.870 1123.350 3840.200 1123.910 3839.540 1124.480 C3839.060 1123.750 3838.580 1123.020 3838.110 1122.290 C3837.360 1121.830 3836.620 1121.370 3835.880 1120.910 Z
star	tool	M4310.940 270.920 L4311.185 276.601 L4315.240 272.615 L4312.611 277.657 L4318.117 276.233 L4313.319 279.285 L4318.799 280.804 L4313.117 281.049 L4317.103 285.104 L4312.061 282.475 L4313.486 287.980 L4310.433 283.183 L4308.914 288.662 L4308.670 282.981 L4304.614 286.967 L4307.243 281.925 L4301.738 283.349 L4306.536 280.297 L4301.056 278.778 L4306.737 278.534 L4302.751 274.478 L4307.793 277.107 L4306.369 271.602 L4309.421 276.400 L4310.940 270.920 Z
star	svg	M4426.020 68.670 C4420.780 73.410 4415.540 78.150 4410.290 82.890 C4417.330 83.550 4424.370 84.210 4431.400 84.880 C4424.430 86.030 4417.460 87.180 4410.490 88.340 L4427.170 101.420 L4407.700 93.020 C4410.020 99.700 4412.340 106.370 4414.660 113.050 C4410.720 107.190 4406.770 101.320 4402.830 95.460 L4397.850 116.070 C4397.710 109.000 4397.560 101.940 4397.410 94.870 C4392.300 99.760 4387.190 104.640 4382.080 109.520 C4385.780 103.500 4389.470 97.470 4393.170 91.450 C4386.230 92.800 4379.290 94.140 4372.350 95.490 C4378.720 92.420 4385.080 89.350 4391.450 86.280 C4384.880 83.660 4378.320 81.040 4371.750 78.420 C4378.770 79.280 4385.780 80.140 4392.800 81.000 C4388.690 75.250 4384.590 69.490 4380.480 63.740 C4385.920 68.260 4391.350 72.770 4396.790 77.290 C4396.450 70.230 4396.100 63.170 4395.750 56.110 C4397.890 62.850 4400.020 69.580 4402.160 76.320 C4405.680 70.200 4409.210 64.070 4412.730 57.950 C4410.890 64.770 4409.040 71.590 4407.190 78.410 C4413.470 75.160 4419.750 71.920 4426.020 68.670 Z
star	tool	M780.329 2301.451 L833.056 2379.773 L882.644 2299.427 L884.657 2393.822 L969.811 2353.040 L920.471 2433.538 L1014.156 2445.268 L929.127 2486.312 L1001.599 2546.829 L907.878 2535.388 L936.127 2625.479 L863.470 2565.185 L838.527 2656.247 L810.001 2566.243 L739.786 2629.364 L764.449 2538.226 L671.254 2553.365 L741.275 2490.028 L654.689 2452.380 L747.837 2436.954 L695.351 2358.470 L782.052 2395.852 L780.329 2301.451 Z
star	svg	M4077.340 3241.960 C4070.570 3243.280 4063.790 3244.600 4057.010 3245.920 C4055.550 3252.660 4054.080 3259.410 4052.610 3266.150 C4048.080 3260.950 4043.550 3255.740 4039.020 3250.530 C4032.440 3252.630 4025.860 3254.730 4019.290 3256.830 C4021.530 3250.300 4023.780 3243.770 4026.030 3237.250 C4020.920 3232.600 4015.810 3227.960 4010.700 3223.310 C4017.480 3221.990 4024.260 3220.670 4031.030 3219.360 C4032.500 3212.610 4033.970 3205.860 4035.440 3199.120 L4049.030 3214.750 C4055.610 3212.640 4062.180 3210.540 4068.760 3208.440 C4066.510 3214.970 4064.270 3221.500 4062.020 3228.030 C4067.130 3232.670 4072.240 3237.320 4077.340 3241.960 Z
star	tool	M4576.959 3568.882 L4473.625 3665.480 L4499.213 3804.601 L4363.890 3763.410 L4256.202 3855.130 L4224.212 3717.341 L4090.936 3669.941 L4194.271 3573.342 L4168.682 3434.222 L4304.006 3475.413 L4411.694 3383.692 L4443.683 3521.482 L4576.959 3568.882 Z
star	svg	M4909.170 2460.020 C4898.070 2468.590 4886.970 2477.170 4875.860 2485.740 C4884.320 2496.930 4892.780 2508.130 4901.230 2519.320 C4887.610 2515.990 4873.980 2512.650 4860.350 2509.320 C4856.870 2522.910 4853.390 2536.500 4849.920 2550.090 C4844.030 2537.360 4838.140 2524.620 4832.250 2511.890 C4819.450 2517.640 4806.660 2523.400 4793.860 2529.150 C4800.150 2516.610 4806.430 2504.060 4812.720 2491.520 C4800.240 2485.110 4787.770 2478.690 4775.290 2472.270 C4789.010 2469.370 4802.740 2466.460 4816.460 2463.550 C4813.700 2449.800 4810.940 2436.040 4808.180 2422.290 C4819.010 2431.210 4829.840 2440.120 4840.670 2449.040 C4849.700 2438.310 4858.730 2427.570 4867.760 2416.830 L4867.100 2458.920 C4881.130 2459.280 4895.150 2459.650 4909.170 2460.020 Z
star	tool	M4954.025 1153.322 L4966.618 1173.736 L4986.093 1159.735 L4984.281 1183.652 L5008.267 1183.772 L4992.743 1202.056 L5012.077 1216.251 L4988.771 1221.920 L4996.069 1244.768 L4973.883 1235.655 L4966.357 1258.429 L4953.764 1238.015 L4934.289 1252.016 L4936.100 1228.099 L4912.115 1227.980 L4927.638 1209.695 L4908.304 1195.500 L4931.610 1189.832 L4924.312 1166.983 L4946.499 1176.096 L4954.025 1153.322 Z
star	svg	M2859.270 2256.180 C2859.620 2255.160 2859.970 2254.130 2860.320 2253.100 C2859.260 2253.350 2858.200 2253.590 2857.150 2253.830 C2857.960 2253.120 2858.780 2252.400 2859.590 2251.690 C2858.550 2251.370 2857.520 2251.050 2856.480 2250.730 C2857.550 2250.520 2858.610 2250.310 2859.670 2250.100 C2858.930 2249.300 2858.190 2248.510 2857.460 2247.720 C2858.480 2248.070 2859.510 2248.410 2860.540 2248.760 C2860.290 2247.710 2860.050 2246.650 2859.810 2245.590 C2860.520 2246.410 2861.240 2247.220 2861.950 2248.040 C2862.270 2247.000 2862.590 2245.970 2862.910 2244.930 C2863.120 2245.990 2863.330 2247.060 2863.540 2248.120 C2864.340 2247.380 2865.130 2246.640 2865.920 2245.900 C2865.570 2246.930 2865.230 2247.960 2864.880 2248.980 C2865.930 2248.740 2866.990 2248.500 2868.050 2248.260 C2867.230 2248.970 2866.420 2249.680 2865.600 2250.400 C2866.640 2250.720 2867.670 2251.040 2868.710 2251.350 C2867.650 2251.570 2866.580 2251.780 2865.520 2251.990 C2866.260 2252.780 2867.000 2253.580 2867.740 2254.370 C2866.710 2254.020 2865.680 2253.670 2864.660 2253.320 C2864.900 2254.380 2865.140 2255.440 2865.380 2256.490 C2864.670 2255.680 2863.960 2254.860 2863.240 2254.050 C2862.920 2255.090 2862.600 2256.120 2862.290 2257.160 C2862.070 2256.090 2861.860 2255.030 2861.650 2253.970 C2860.860 2254.710 2860.060 2255.450 2859.270 2256.180 Z
star	tool	M3262.174 3872.146 L3236.353 3927.353 L3287.207 3960.945 L3231.941 3986.639 L3249.304 4045.061 L3190.452 4029.219 L3166.201 4085.134 L3131.300 4035.169 L3076.782 4062.413 L3082.163 4001.704 L3022.887 3987.531 L3066.032 3944.484 L3029.734 3895.525 L3090.456 3890.282 L3094.120 3829.446 L3144.005 3864.461 L3185.918 3820.212 L3201.625 3879.101 L3262.174 3872.146 Z
star	svg	M3502.520 2529.990 L3528.470 2539.500 C3533.510 2531.790 3538.560 2524.080 3543.600 2516.380 C3545.180 2525.450 3546.760 2534.520 3548.350 2543.600 C3557.540 2544.110 3566.740 2544.630 3575.940 2545.150 C3568.870 2551.050 3561.800 2556.960 3554.730 2562.870 C3558.880 2571.090 3563.040 2579.310 3567.190 2587.530 C3558.540 2584.370 3549.890 2581.200 3541.240 2578.030 C3536.200 2585.740 3531.150 2593.450 3526.110 2601.150 C3524.520 2592.080 3522.940 2583.000 3521.360 2573.930 C3512.160 2573.410 3502.970 2572.900 3493.770 2572.380 C3500.840 2566.480 3507.900 2560.570 3514.970 2554.660 C3510.820 2546.440 3506.670 2538.220 3502.520 2529.990 Z
star	tool	M2680.578 814.540 L2671.864 812.732 L2676.114 820.552 L2669.471 814.629 L2669.243 823.526 L2666.451 815.075 L2661.804 822.666 L2663.612 813.952 L2655.793 818.202 L2661.715 811.559 L2652.818 811.330 L2661.269 808.539 L2653.678 803.892 L2662.393 805.700 L2658.142 797.880 L2664.785 803.803 L2665.014 794.906 L2667.806 803.357 L2672.452 795.766 L2670.645 804.480 L2678.464 800.230 L2672.541 806.873 L2681.438 807.102 L2672.988 809.893 L2680.578 814.540 Z
star	svg	M4070.120 1928.850 C4069.090 1921.430 4068.060 1914.020 4067.030 1906.600 C4064.420 1899.580 4061.820 1892.560 4059.210 1885.540 C4066.630 1884.510 4074.050 1883.480 4081.460 1882.440 C4088.490 1879.840 4095.510 1877.230 4102.530 1874.630 C4103.560 1882.050 4104.590 1889.460 4105.620 1896.880 C4108.230 1903.900 4110.830 1910.920 4113.430 1917.940 C4106.020 1918.970 4098.600 1920.010 4091.180 1921.040 C4084.160 1923.640 4077.140 1926.250 4070.120 1928.850 Z
star	tool	M3191.118 997.929 L3270.909 1021.151 L3254.785 939.628 L3309.354 1002.303 L3339.864 925.004 L3351.887 1007.231 L3419.344 958.698 L3385.003 1034.373 L3467.990 1030.014 L3398.188 1075.109 L3470.358 1116.309 L3387.256 1116.507 L3425.695 1190.185 L3355.678 1145.423 L3348.182 1228.187 L3313.480 1152.677 L3262.429 1218.249 L3274.059 1135.965 L3195.661 1163.527 L3249.931 1100.593 L3169.077 1081.395 L3248.757 1057.792 L3191.118 997.929 Z
star	svg	M1976.130 2101.430 C1977.740 2103.370 1979.360 2105.300 1980.980 2107.230 C1983.500 2107.140 1986.010 2107.040 1988.530 2106.950 C1987.670 2109.310 1986.800 2111.680 1985.940 2114.050 C1987.280 2116.180 1988.620 2118.310 1989.960 2120.450 C1987.480 2120.880 1985.000 2121.320 1982.510 2121.750 C1981.340 2123.980 1980.160 2126.200 1978.980 2128.430 C1977.370 2126.500 1975.750 2124.570 1974.130 2122.640 C1971.610 2122.730 1969.100 2122.820 1966.580 2122.920 C1967.440 2120.550 1968.310 2118.190 1969.170 2115.820 C1967.830 2113.690 1966.490 2111.550 1965.150 2109.420 C1967.630 2108.980 1970.110 2108.550 1972.600 2108.120 C1973.770 2105.890 1974.950 2103.660 1976.130 2101.430 Z
star	tool	M21.364 783.275 L14.361 783.840 L17.620 790.065 L11.273 787.052 L10.983 794.072 L6.992 788.290 L3.231 794.225 L2.666 787.221 L-3.559 790.480 L-0.546 784.133 L-7.566 783.843 L-1.784 779.852 L-7.718 776.091 L-0.715 775.526 L-3.974 769.302 L2.373 772.314 L2.663 765.294 L6.654 771.076 L10.415 765.142 L10.980 772.145 L17.205 768.886 L14.192 775.234 L21.212 775.523 L15.430 779.514 L21.364 783.275 Z
star	svg	M4546.620 4756.290 C4546.690 4755.010 4546.760 4753.730 4546.820 4752.450 C4545.710 4753.080 4544.590 4753.700 4543.470 4754.330 C4544.340 4753.390 4545.220 4752.450 4546.090 4751.520 C4544.830 4751.270 4543.570 4751.030 4542.310 4750.790 C4543.590 4750.640 4544.860 4750.480 4546.130 4750.330 C4545.320 4749.330 4544.510 4748.340 4543.700 4747.350 C4544.780 4748.040 4545.850 4748.740 4546.930 4749.440 C4546.940 4748.160 4546.960 4746.880 4546.980 4745.600 C4547.360 4746.820 4547.730 4748.050 4548.100 4749.270 C4548.940 4748.300 4549.780 4747.330 4550.620 4746.370 C4550.120 4747.540 4549.620 4748.720 4549.110 4749.900 C4550.380 4749.700 4551.640 4749.500 4552.910 4749.290 C4551.770 4749.870 4550.630 4750.450 4549.480 4751.030 L4552.780 4753.010 C4551.540 4752.720 4550.290 4752.430 4549.040 4752.140 L4550.300 4755.770 C4549.530 4754.750 4548.760 4753.720 4547.990 4752.700 C4547.530 4753.900 4547.080 4755.090 4546.620 4756.290 Z
star	tool	M2667.875 1996.501 L2663.697 2001.218 L2669.901 2002.321 L2663.669 2003.249 L2667.712 2008.081 L2662.341 2004.786 L2662.333 2011.087 L2660.337 2005.111 L2656.280 2009.932 L2658.592 2004.070 L2652.385 2005.156 L2657.925 2002.152 L2652.472 1998.994 L2658.646 2000.254 L2656.499 1994.330 L2660.419 1999.263 L2662.582 1993.345 L2662.414 1999.644 L2667.875 1996.501 Z
star	svg	M445.910 1591.620 C430.330 1586.220 414.760 1580.830 399.190 1575.430 C405.860 1590.500 412.520 1605.570 419.180 1620.650 C408.390 1608.190 397.610 1595.730 386.820 1583.270 C385.060 1599.660 383.290 1616.040 381.520 1632.420 L372.190 1583.880 C362.460 1597.190 352.740 1610.490 343.020 1623.800 C348.420 1608.230 353.810 1592.660 359.210 1577.090 C344.130 1583.750 329.060 1590.410 313.990 1597.070 C326.450 1586.290 338.910 1575.500 351.360 1564.710 C334.980 1562.950 318.600 1561.180 302.210 1559.420 C318.400 1556.300 334.580 1553.190 350.760 1550.080 C337.450 1540.360 324.150 1530.630 310.840 1520.910 C326.410 1526.310 341.980 1531.700 357.550 1537.100 C350.890 1522.030 344.230 1506.950 337.570 1491.880 C348.350 1504.340 359.140 1516.800 369.930 1529.260 C371.690 1512.870 373.460 1496.490 375.220 1480.100 C378.340 1496.290 381.450 1512.470 384.560 1528.650 C394.280 1515.340 404.000 1502.040 413.730 1488.730 C408.330 1504.300 402.940 1519.870 397.540 1535.440 L442.750 1515.460 C430.300 1526.240 417.840 1537.030 405.380 1547.820 C421.770 1549.580 438.150 1551.350 454.530 1553.110 C438.350 1556.230 422.170 1559.340 405.990 1562.450 C419.290 1572.170 432.600 1581.900 445.910 1591.620 Z
star	tool	M3046.040 2416.320 L3046.622 2413.296 L3043.600 2413.889 L3045.849 2411.785 L3043.056 2410.488 L3046.112 2410.107 L3044.614 2407.416 L3047.311 2408.905 L3047.681 2405.847 L3048.987 2408.637 L3051.084 2406.381 L3050.501 2409.405 L3053.523 2408.812 L3051.274 2410.916 L3054.067 2412.213 L3051.011 2412.594 L3052.509 2415.285 L3049.813 2413.796 L3049.442 2416.854 L3048.136 2414.064 L3046.040 2416.320 Z
star	svg	M1294.950 1972.760 C1294.020 1972.570 1293.080 1972.380 1292.140 1972.190 C1291.920 1973.120 1291.690 1974.050 1291.470 1974.980 C1290.940 1974.190 1290.410 1973.390 1289.880 1972.590 C1289.070 1973.090 1288.250 1973.590 1287.440 1974.090 C1287.620 1973.150 1287.810 1972.210 1288.000 1971.280 C1287.070 1971.050 1286.140 1970.830 1285.210 1970.610 C1286.010 1970.080 1286.810 1969.550 1287.600 1969.020 C1287.100 1968.200 1286.600 1967.390 1286.110 1966.570 C1287.040 1966.760 1287.980 1966.950 1288.920 1967.140 C1289.140 1966.210 1289.370 1965.280 1289.590 1964.350 C1290.120 1965.140 1290.650 1965.940 1291.180 1966.740 C1291.990 1966.240 1292.810 1965.740 1293.630 1965.240 C1293.440 1966.180 1293.250 1967.120 1293.060 1968.050 C1293.990 1968.280 1294.920 1968.500 1295.850 1968.720 C1295.050 1969.250 1294.250 1969.780 1293.460 1970.310 C1293.960 1971.130 1294.460 1971.940 1294.950 1972.760 Z
arrow	tool	M4253.801 2779.129 L4206.560 2823.792 L4217.684 2835.558 L4184.186 2839.578 L4190.077 2806.357 L4201.201 2818.124 L4248.442 2773.461 L4253.801 2779.129 Z
arrow	svg	M812.050 3178.280 C811.810 3181.600 811.580 3184.920 811.340 3188.240 C811.750 3188.260 812.160 3188.290 812.570 3188.320 C811.870 3189.400 811.160 3190.480 810.460 3191.560 C809.920 3190.400 809.380 3189.230 808.830 3188.060 L810.060 3188.150 C810.290 3184.830 810.530 3181.510 810.760 3178.190 L812.050 3178.280 Z
arrow	tool	M554.061 2671.041 L604.112 2676.341 L604.840 2669.468 L626.661 2683.199 L602.448 2692.057 L603.175 2685.184 L553.125 2679.884 L558.350 2675.966 L554.061 2671.041 Z
arrow	svg	M4762.330 5124.810 C4694.520 5032.340 4626.700 4939.860 4558.880 4847.390 C4551.160 4853.060 4543.440 4858.720 4535.710 4864.380 C4518.030 4817.630 4500.340 4770.870 4482.650 4724.110 C4521.930 4755.030 4561.210 4785.950 4600.490 4816.880 C4592.770 4822.540 4585.050 4828.200 4577.320 4833.870 C4645.140 4926.340 4712.960 5018.810 4780.770 5111.290 C4774.630 5115.790 4768.480 5120.300 4762.330 5124.810 Z
arrow	tool	M2095.997 2246.301 L2234.527 2242.045 L2233.894 2221.416 L2264.177 2248.140 L2235.591 2276.673 L2234.957 2256.044 L2096.427 2260.300 L2104.625 2253.042 L2095.997 2246.301 Z
arrow	svg	M2100.720 4395.050 C2098.960 4419.440 2097.190 4443.820 2095.430 4468.200 L2131.490 4470.810 C2114.580 4496.100 2097.670 4521.390 2080.760 4546.690 C2067.670 4519.220 2054.580 4491.760 2041.490 4464.300 L2077.550 4466.910 C2079.310 4442.520 2081.070 4418.140 2082.840 4393.760 C2085.090 4404.030 2087.340 4414.290 2089.600 4424.560 C2093.300 4414.730 2097.010 4404.890 2100.720 4395.050 Z
arrow	tool	M3265.397 4948.523 L3299.033 4956.030 L3300.239 4950.629 L3311.469 4960.127 L3297.266 4963.949 L3298.471 4958.548 L3264.836 4951.041 L3265.397 4948.523 Z
arrow	svg	M1115.600 2583.450 C1116.700 2579.160 1117.810 2574.860 1118.910 2570.570 C1119.920 2571.370 1120.920 2572.170 1121.930 2572.980 C1126.460 2567.310 1130.990 2561.640 1135.510 2555.970 C1134.510 2555.160 1133.500 2554.360 1132.490 2553.550 C1136.440 2551.530 1140.380 2549.500 1144.320 2547.470 C1143.220 2551.770 1142.120 2556.060 1141.010 2560.350 C1140.000 2559.550 1139.000 2558.750 1137.990 2557.940 C1133.460 2563.610 1128.940 2569.280 1124.410 2574.960 C1125.410 2575.760 1126.420 2576.560 1127.430 2577.370 C1123.480 2579.390 1119.540 2581.420 1115.600 2583.450 Z
arrow	tool	M2755.061 1040.034 L2913.938 770.589 L2864.484 741.429 L3017.555 642.301 L3004.903 824.226 L2955.449 795.066 L2796.572 1064.510 L2806.901 999.556 L2755.061 1040.034 Z
arrow	svg	M2390.780 1660.840 C2345.610 1696.790 2300.430 1732.730 2255.250 1768.680 C2254.610 1751.060 2253.960 1733.450 2253.320 1715.830 C2193.720 1718.010 2134.120 1720.190 2074.510 1722.370 C2075.160 1739.980 2075.800 1757.590 2076.450 1775.210 C2028.760 1742.660 1981.080 1710.100 1933.400 1677.550 C1978.580 1641.610 2023.760 1605.660 2068.940 1569.720 C2069.580 1587.330 2070.230 1604.950 2070.870 1622.560 C2130.470 1620.380 2190.070 1618.210 2249.670 1616.030 C2249.030 1598.410 2248.390 1580.800 2247.740 1563.180 C2295.420 1595.740 2343.100 1628.290 2390.780 1660.840 Z
arrow	tool	M2058.926 2102.206 L2075.248 2016.844 L2063.390 2014.577 L2081.929 2002.515 L2094.710 2020.566 L2082.851 2018.298 L2066.529 2103.660 L2063.662 2098.044 L2058.926 2102.206 Z
arrow	svg	M862.330 4458.450 L818.530 4417.590 L811.840 4424.760 C807.040 4414.590 802.250 4404.420 797.460 4394.240 C807.940 4398.320 818.420 4402.390 828.910 4406.460 L822.220 4413.630 L866.020 4454.490 L862.330 4458.450 Z
arrow	tool	M2863.492 766.664 L2858.035 770.254 L2858.002 768.203 L2856.566 768.226 L2856.598 770.277 L2851.029 766.862 L2856.487 763.272 L2856.519 765.323 L2857.956 765.300 L2857.923 763.249 L2863.492 766.664 Z
arrow	svg	M726.610 3422.780 L796.600 3416.960 C796.380 3414.310 796.160 3411.670 795.940 3409.020 C800.810 3413.380 805.680 3417.730 810.550 3422.090 C806.470 3427.190 802.380 3432.300 798.300 3437.400 C798.080 3434.750 797.860 3432.100 797.640 3429.460 L727.650 3435.280 C727.300 3431.120 726.950 3426.950 726.610 3422.780 Z
arrow	tool	M4163.092 1163.030 L4166.268 1160.737 L4166.396 1161.774 L4169.834 1161.352 L4169.707 1160.314 L4173.344 1161.771 L4170.168 1164.065 L4170.040 1163.028 L4166.602 1163.450 L4166.729 1164.487 L4163.092 1163.030 Z
arrow	svg	M2315.160 3339.470 C2293.870 3385.410 2272.580 3431.340 2251.300 3477.270 C2243.480 3468.340 2235.670 3459.400 2227.850 3450.470 C2224.680 3453.240 2221.500 3456.020 2218.330 3458.800 C2226.140 3467.730 2233.960 3476.670 2241.780 3485.600 C2193.420 3500.590 2145.070 3515.590 2096.720 3530.580 C2118.000 3484.650 2139.290 3438.720 2160.580 3392.790 C2168.390 3401.720 2176.210 3410.650 2184.020 3419.590 C2187.200 3416.810 2190.370 3414.030 2193.550 3411.260 C2185.730 3402.320 2177.910 3393.390 2170.100 3384.460 C2218.450 3369.460 2266.800 3354.470 2315.160 3339.470 Z
arrow	tool	M2384.801 3569.876 L2390.988 3574.092 L2391.304 3573.629 L2391.574 3574.829 L2390.358 3575.016 L2390.674 3574.553 L2384.487 3570.337 L2384.982 3570.337 L2384.801 3569.876 Z
arrow	svg	M604.820 1067.000 C603.660 1070.700 602.500 1074.390 601.340 1078.080 C601.730 1078.200 602.130 1078.330 602.520 1078.450 C601.700 1078.870 600.880 1079.280 600.060 1079.700 C599.620 1078.890 599.190 1078.080 598.750 1077.270 C599.140 1077.390 599.540 1077.510 599.930 1077.640 C601.090 1073.950 602.250 1070.250 603.410 1066.560 L603.980 1067.220 C604.260 1067.150 604.540 1067.080 604.820 1067.000 Z
arrow	tool	M661.765 4194.628 L562.139 3934.687 L528.430 3947.607 L557.283 3896.255 L613.066 3915.169 L579.357 3928.088 L678.983 4188.029 L665.843 4179.507 L661.765 4194.628 Z
arrow	svg	M1480.980 3849.940 C1511.580 3868.220 1542.180 3886.490 1572.780 3904.770 C1576.640 3898.310 1580.490 3891.860 1584.350 3885.400 C1605.430 3912.310 1626.520 3939.220 1647.600 3966.120 C1613.920 3960.320 1580.230 3954.520 1546.540 3948.710 C1550.390 3942.260 1554.250 3935.800 1558.100 3929.350 C1527.500 3911.080 1496.900 3892.800 1466.300 3874.530 C1475.220 3874.290 1484.140 3874.060 1493.060 3873.830 C1489.030 3865.860 1485.010 3857.900 1480.980 3849.940 Z
arrow	tool	M1063.557 1979.433 L1012.932 1946.471 L1004.419 1959.547 L972.842 1913.226 L1027.978 1923.362 L1019.465 1936.438 L1070.090 1969.399 L1063.557 1979.433 Z
arrow	svg	M4860.770 2018.640 C4897.680 2022.840 4934.590 2027.030 4971.490 2031.230 C4958.090 2044.680 4944.690 2058.140 4931.280 2071.590 L5000.190 2140.230 C5013.590 2126.780 5026.990 2113.320 5040.400 2099.860 C5044.740 2136.760 5049.080 2173.650 5053.420 2210.540 C5016.510 2206.340 4979.600 2202.150 4942.690 2197.950 C4956.100 2184.500 4969.500 2171.040 4982.900 2157.590 C4959.930 2134.710 4936.970 2111.830 4914.000 2088.950 C4900.590 2102.400 4887.190 2115.860 4873.790 2129.320 C4869.450 2092.420 4865.110 2055.530 4860.770 2018.640 Z
arrow	tool	M2706.355 4397.488 L2758.132 4516.055 L2729.777 4515.969 L2729.850 4491.923 L2758.205 4492.010 L2705.708 4610.260 L2653.931 4491.693 L2682.286 4491.779 L2682.213 4515.824 L2653.858 4515.738 L2706.355 4397.488 Z
arrow	svg	M93.300 3326.290 C120.020 3348.740 146.740 3371.190 173.460 3393.650 C167.870 3395.810 162.280 3397.980 156.680 3400.140 C178.250 3455.860 199.820 3511.590 221.390 3567.310 C226.990 3565.140 232.580 3562.980 238.170 3560.810 C233.530 3595.410 228.890 3630.000 224.250 3664.590 C197.530 3642.140 170.810 3619.690 144.090 3597.230 C149.680 3595.070 155.270 3592.900 160.870 3590.740 C139.300 3535.020 117.730 3479.290 96.160 3423.570 C90.560 3425.740 84.970 3427.900 79.380 3430.070 C84.020 3395.470 88.660 3360.880 93.300 3326.290 Z
arrow	tool	M886.327 1963.042 L888.633 1970.622 L894.058 1968.972 L891.060 1981.770 L881.440 1972.811 L886.865 1971.161 L884.558 1963.580 L886.060 1965.340 L886.327 1963.042 Z
arrow	svg	M4646.450 3995.530 C4664.510 4002.110 4682.580 4008.700 4700.640 4015.280 C4702.050 4011.410 4703.460 4007.540 4704.880 4003.660 C4709.340 4011.470 4713.800 4019.270 4718.260 4027.070 C4709.820 4030.170 4701.390 4033.270 4692.950 4036.370 C4694.370 4032.500 4695.780 4028.630 4697.190 4024.750 C4679.120 4018.170 4661.060 4011.580 4642.990 4005.000 C4644.140 4001.840 4645.290 3998.680 4646.450 3995.530 Z
arrow	tool	M3744.524 337.088 L3743.757 339.256 L3743.521 339.049 L3740.451 342.548 L3740.686 342.755 L3738.637 343.798 L3739.404 341.630 L3739.640 341.837 L3742.710 338.338 L3742.475 338.131 L3744.524 337.088 Z
arrow	svg	M11.950 2120.430 C12.820 2125.520 13.690 2130.600 14.550 2135.680 C14.870 2135.620 15.190 2135.570 15.510 2135.510 C15.170 2136.850 14.830 2138.180 14.490 2139.520 C13.730 2138.370 12.970 2137.220 12.210 2136.080 C12.530 2136.020 12.840 2135.970 13.160 2135.920 C12.290 2130.830 11.430 2125.750 10.560 2120.670 C11.020 2120.590 11.480 2120.510 11.950 2120.430 Z
arrow	tool	M2394.165 4183.738 L2401.633 4183.412 L2401.617 4183.047 L2403.031 4183.935 L2401.699 4184.941 L2401.683 4184.577 L2394.215 4184.902 L2394.165 4183.738 Z
arrow	svg	M4920.370 3403.420 C4921.320 3394.560 4922.260 3385.700 4923.200 3376.830 C4925.630 3380.870 4928.050 3384.910 4930.480 3388.940 C4948.940 3377.850 4967.400 3366.760 4985.860 3355.660 C4983.430 3351.630 4981.010 3347.590 4978.580 3343.560 C4986.850 3346.890 4995.120 3350.210 5003.390 3353.540 C5002.440 3362.400 5001.500 3371.270 5000.560 3380.130 C4998.130 3376.090 4995.710 3372.060 4993.280 3368.020 C4974.820 3379.120 4956.360 3390.210 4937.900 3401.300 C4940.330 3405.340 4942.750 3409.370 4945.180 3413.410 L4920.370 3403.420 Z
arrow	tool	M2807.247 2811.429 L2870.586 2761.298 L2854.152 2740.534 L2923.546 2746.132 L2913.055 2814.957 L2896.621 2794.192 L2833.282 2844.323 L2807.247 2811.429 Z
arrow	svg	M3057.220 872.940 L3067.330 850.170 C3066.780 849.930 3066.240 849.690 3065.700 849.450 C3067.590 848.010 3069.490 846.570 3071.390 845.140 C3071.590 847.510 3071.800 849.880 3072.010 852.250 C3071.470 852.010 3070.920 851.760 3070.380 851.520 C3067.010 859.120 3063.640 866.710 3060.270 874.300 C3059.900 873.760 3059.530 873.220 3059.160 872.690 C3058.510 872.770 3057.870 872.860 3057.220 872.940 Z
arrow	tool	M2082.098 3025.874 L2106.597 3012.673 L2104.071 3007.985 L2119.767 3007.554 L2110.775 3020.426 L2108.249 3015.738 L2083.749 3028.940 L2082.098 3025.874 Z
arrow	svg	M3331.020 3599.550 C3337.480 3601.310 3343.950 3603.070 3350.420 3604.820 C3350.960 3602.820 3351.510 3600.810 3352.050 3598.800 C3355.060 3602.150 3358.070 3605.500 3361.080 3608.860 C3356.790 3610.230 3352.500 3611.590 3348.200 3612.960 C3348.750 3610.950 3349.300 3608.940 3349.840 3606.930 C3343.380 3605.180 3336.910 3603.420 3330.440 3601.660 C3331.430 3601.550 3332.410 3601.440 3333.400 3601.330 C3332.600 3600.740 3331.810 3600.140 3331.020 3599.550 Z
arrow	tool	M4831.285 3968.619 L4820.886 3961.629 L4819.634 3963.493 L4816.045 3956.992 L4823.420 3957.860 L4822.167 3959.723 L4832.566 3966.713 L4829.782 3966.226 L4831.285 3968.619 Z
arrow	svg	M809.980 3377.910 C798.480 3390.540 786.970 3403.170 775.470 3415.800 L781.770 3421.530 C776.130 3421.980 770.500 3422.420 764.870 3422.870 C764.780 3417.220 764.700 3411.560 764.620 3405.910 C766.720 3407.820 768.820 3409.730 770.910 3411.650 C782.420 3399.020 793.920 3386.390 805.420 3373.760 C806.940 3375.140 808.460 3376.520 809.980 3377.910 Z
arrow	tool	M2389.085 2403.091 L2387.805 2404.488 L2387.799 2403.627 L2380.649 2403.676 L2380.655 2404.538 L2379.356 2403.159 L2380.636 2401.761 L2380.642 2402.623 L2387.792 2402.573 L2387.786 2401.712 L2389.085 2403.091 Z
arrow	svg	M983.170 743.030 C989.790 744.700 996.410 746.370 1003.020 748.040 C1002.120 749.180 1001.220 750.330 1000.310 751.470 C998.910 750.360 997.510 749.260 996.100 748.150 C997.010 747.010 997.910 745.860 998.810 744.720 C1001.970 750.760 1005.130 756.810 1008.290 762.860 C1001.680 761.190 995.060 759.520 988.440 757.850 C989.350 756.710 990.250 755.560 991.150 754.420 C992.560 755.530 993.960 756.630 995.360 757.740 C994.460 758.890 993.560 760.030 992.650 761.170 C989.490 755.130 986.330 749.080 983.170 743.030 Z
arrow	tool	M1914.670 3506.370 L1912.597 3499.730 L1915.162 3500.302 L1917.846 3488.260 L1915.282 3487.689 L1919.978 3482.558 L1922.050 3489.197 L1919.485 3488.626 L1916.801 3500.667 L1919.366 3501.239 L1914.670 3506.370 Z
arrow	svg	M954.660 3159.360 C922.270 3236.990 889.880 3314.610 857.490 3392.240 C862.180 3394.200 866.870 3396.160 871.560 3398.110 L825.000 3431.140 C821.910 3412.370 818.820 3393.590 815.730 3374.820 C820.420 3376.770 825.110 3378.730 829.790 3380.690 L926.960 3147.800 C929.000 3155.900 931.040 3164.000 933.090 3172.100 C940.280 3167.850 947.470 3163.600 954.660 3159.360 Z
arrow	tool	M16.730 1995.825 L49.387 1948.905 L41.725 1943.572 L59.335 1938.322 L60.529 1956.660 L52.867 1951.327 L20.210 1998.247 L16.730 1995.825 Z
arrow	svg	M3692.250 736.030 L3696.720 688.000 C3694.400 687.780 3692.070 687.570 3689.740 687.350 C3693.080 682.760 3696.420 678.160 3699.770 673.570 C3702.200 678.700 3704.640 683.830 3707.070 688.960 C3704.750 688.750 3702.420 688.530 3700.090 688.310 C3698.610 704.320 3697.120 720.330 3695.630 736.340 C3695.220 734.650 3694.810 732.970 3694.400 731.280 C3693.680 732.860 3692.970 734.440 3692.250 736.030 Z
arrow	tool	M1202.402 1082.829 L1194.637 1086.618 L1196.321 1090.069 L1186.033 1089.351 L1191.798 1080.800 L1193.482 1084.251 L1201.247 1080.462 L1202.402 1082.829 Z
arrow	svg	M562.330 3300.150 C558.440 3322.170 554.540 3344.180 550.650 3366.200 C559.000 3367.680 567.360 3369.160 575.720 3370.640 C560.670 3389.790 545.610 3408.940 530.550 3428.090 C522.980 3404.930 515.400 3381.780 507.830 3358.620 L532.910 3363.060 C536.800 3341.050 540.700 3319.030 544.590 3297.010 C550.510 3298.060 556.420 3299.110 562.330 3300.150 Z
arrow	tool	M3821.470 43.820 L3770.485 70.393 L3789.858 107.564 L3696.562 86.417 L3732.665 -2.171 L3752.038 35.000 L3803.024 8.426 L3821.470 43.820 Z
arrow	svg	M3095.670 131.920 C3140.660 138.960 3185.650 146.010 3230.640 153.050 C3231.600 146.910 3232.560 140.760 3233.530 134.610 C3245.170 145.290 3256.810 155.960 3268.450 166.640 C3254.100 173.250 3239.750 179.850 3225.410 186.460 C3226.370 180.310 3227.330 174.160 3228.290 168.020 C3183.300 160.970 3138.310 153.930 3093.320 146.880 C3094.110 141.900 3094.890 136.910 3095.670 131.920 Z
arrow	tool	M2183.976 345.908 L2188.369 357.558 L2188.736 357.419 L2188.425 359.883 L2186.565 358.238 L2186.932 358.099 L2182.540 346.449 L2183.976 345.908 Z
arrow	svg	M1823.670 1322.950 C1826.010 1321.260 1828.340 1319.570 1830.680 1317.880 C1830.780 1318.770 1830.870 1319.660 1830.960 1320.560 C1831.350 1320.510 1831.740 1320.470 1832.130 1320.430 C1832.040 1319.540 1831.940 1318.650 1831.850 1317.750 C1834.490 1318.930 1837.120 1320.100 1839.760 1321.280 C1837.420 1322.970 1835.080 1324.660 1832.750 1326.350 C1832.650 1325.460 1832.560 1324.570 1832.470 1323.670 C1832.080 1323.710 1831.690 1323.750 1831.300 1323.800 C1831.390 1324.690 1831.480 1325.580 1831.580 1326.470 C1828.940 1325.300 1826.300 1324.130 1823.670 1322.950 Z
arrow	tool	M3735.255 3925.867 L3730.897 3922.085 L3733.485 3921.854 L3731.863 3903.683 L3729.274 3903.914 L3732.894 3899.420 L3737.252 3903.202 L3734.663 3903.433 L3736.286 3921.604 L3738.874 3921.373 L3735.255 3925.867 Z
arrow	svg	M1284.220 3471.990 L1236.580 3444.270 L1232.830 3450.720 C1231.650 3445.910 1230.470 3441.100 1229.290 3436.300 C1234.050 3434.950 1238.810 3433.600 1243.580 3432.250 C1242.330 3434.400 1241.070 3436.550 1239.820 3438.700 C1255.700 3447.940 1271.580 3457.180 1287.460 3466.430 C1286.380 3468.280 1285.300 3470.140 1284.220 3471.990 Z
arrow	tool	M4297.490 4425.322 L4311.164 4416.874 L4310.510 4422.651 L4329.268 4424.774 L4329.922 4418.997 L4341.362 4430.287 L4327.688 4438.736 L4328.342 4432.959 L4309.584 4430.836 L4308.930 4436.613 L4297.490 4425.322 Z
arrow	svg	M4831.430 3071.610 C4720.370 3118.760 4609.320 3165.900 4498.260 3213.050 C4507.720 3235.320 4517.170 3257.590 4526.630 3279.860 C4460.950 3271.790 4395.280 3263.710 4329.610 3255.640 C4369.420 3202.790 4409.220 3149.930 4449.030 3097.080 C4458.490 3119.350 4467.940 3141.620 4477.390 3163.890 C4588.450 3116.750 4699.500 3069.600 4810.560 3022.460 C4817.520 3038.840 4824.470 3055.230 4831.430 3071.610 Z
arrow	tool	M4608.570 2081.855 L4606.439 2073.843 L4604.796 2074.280 L4606.168 2070.541 L4609.217 2073.104 L4607.574 2073.541 L4609.705 2081.553 L4608.842 2080.593 L4608.570 2081.855 Z
arrow	svg	M1546.530 1756.310 C1551.040 1755.840 1555.540 1755.380 1560.050 1754.920 C1559.460 1755.740 1558.880 1756.550 1558.290 1757.360 C1571.390 1766.780 1584.490 1776.190 1597.590 1785.600 C1598.180 1784.790 1598.760 1783.970 1599.350 1783.160 C1600.340 1787.580 1601.340 1791.990 1602.340 1796.410 C1597.840 1796.870 1593.330 1797.330 1588.830 1797.800 C1589.410 1796.980 1590.000 1796.170 1590.580 1795.350 C1577.480 1785.940 1564.380 1776.530 1551.290 1767.120 C1550.700 1767.930 1550.120 1768.740 1549.530 1769.560 C1548.530 1765.140 1547.530 1760.720 1546.530 1756.310 Z
arrow	tool	M4174.580 4395.790 L4443.856 4010.050 L4392.852 3974.446 L4490.189 3972.483 L4521.899 4064.531 L4470.896 4028.926 L4201.619 4414.666 L4174.580 4395.790 Z
arrow	svg	M2455.350 1516.780 C2457.780 1521.920 2460.220 1527.060 2462.650 1532.200 C2459.700 1530.690 2456.750 1529.180 2453.800 1527.660 C2448.160 1538.680 2442.510 1549.700 2436.870 1560.720 C2439.820 1562.230 2442.770 1563.740 2445.730 1565.250 C2440.130 1566.280 2434.540 1567.310 2428.950 1568.340 C2426.520 1563.200 2424.080 1558.060 2421.650 1552.920 L2430.500 1557.450 C2436.140 1546.440 2441.790 1535.420 2447.430 1524.400 C2444.480 1522.890 2441.530 1521.380 2438.570 1519.870 C2444.170 1518.840 2449.760 1517.810 2455.350 1516.780 Z
arrow	tool	M1285.087 219.442 L1282.193 215.880 L1284.877 216.623 L1286.343 211.324 L1283.659 210.581 L1287.973 209.015 L1290.867 212.576 L1288.184 211.833 L1286.717 217.132 L1289.401 217.875 L1285.087 219.442 Z
arrow	svg	M937.410 1637.480 C935.770 1615.640 934.130 1593.800 932.490 1571.950 L912.210 1573.480 C921.290 1556.030 930.380 1538.580 939.470 1521.130 C951.060 1537.020 962.650 1552.920 974.240 1568.820 C967.480 1569.330 960.720 1569.840 953.960 1570.340 C955.590 1592.190 957.230 1614.030 958.870 1635.870 C951.720 1636.400 944.560 1636.940 937.410 1637.480 Z
arrow	tool	M434.198 3982.871 L434.047 3979.107 L433.239 3979.139 L434.345 3974.707 L435.805 3979.036 L434.997 3979.068 L435.149 3982.833 L434.604 3981.122 L434.198 3982.871 Z
arrow	svg	M2787.930 2757.850 C2708.320 2724.940 2628.710 2692.020 2549.090 2659.100 C2541.900 2676.500 2534.710 2693.890 2527.520 2711.290 C2503.110 2675.500 2478.700 2639.710 2454.300 2603.920 C2496.850 2595.820 2539.410 2587.720 2581.960 2579.610 C2574.770 2597.010 2567.580 2614.400 2560.380 2631.800 C2640.000 2664.710 2719.610 2697.630 2799.220 2730.550 C2790.600 2732.310 2781.980 2734.080 2773.360 2735.840 C2778.220 2743.180 2783.070 2750.520 2787.930 2757.850 Z
arrow	tool	M1805.213 2597.875 L1841.671 2620.563 L1837.149 2623.855 L1841.794 2630.234 L1846.316 2626.942 L1856.716 2668.604 L1820.258 2645.916 L1824.779 2642.624 L1820.135 2636.245 L1815.613 2639.537 L1805.213 2597.875 Z
arrow	svg	M1159.950 3155.470 C1192.760 3178.490 1225.580 3201.510 1258.400 3224.540 L1273.160 3203.480 L1296.350 3270.500 C1272.720 3270.830 1249.080 3271.170 1225.450 3271.500 C1230.370 3264.490 1235.290 3257.470 1240.210 3250.450 C1207.400 3227.430 1174.580 3204.410 1141.760 3181.390 C1151.060 3181.460 1160.360 3181.540 1169.660 3181.620 C1166.420 3172.900 1163.180 3164.190 1159.950 3155.470 Z
arrow	tool	M3744.092 3214.842 L3951.781 3119.837 L3933.301 3079.437 L4271.546 3052.964 L4030.333 3291.558 L4011.852 3251.158 L3804.163 3346.163 L3915.139 3215.998 L3744.092 3214.842 Z
arrow	svg	M2875.260 783.060 L2805.000 730.170 C2801.130 735.300 2797.270 740.430 2793.410 745.560 C2789.210 730.650 2785.000 715.730 2780.800 700.820 C2796.290 700.740 2811.790 700.650 2827.280 700.570 L2815.700 715.960 L2885.960 768.850 C2881.730 769.380 2877.510 769.910 2873.280 770.440 C2873.940 774.650 2874.600 778.850 2875.260 783.060 L2875.260 783.060 Z
arrow	tool	M752.046 2043.109 L976.707 1960.542 L970.409 1943.407 L1059.171 1946.473 L993.519 2006.289 L987.222 1989.153 L762.561 2071.720 L781.483 2048.528 L752.046 2043.109 Z
arrow	svg	M2644.470 419.030 C2645.120 421.110 2645.770 423.190 2646.430 425.270 C2646.530 425.230 2646.640 425.200 2646.750 425.170 C2646.700 426.080 2646.660 427.000 2646.610 427.910 C2646.050 427.190 2645.490 426.460 2644.930 425.740 C2645.040 425.700 2645.140 425.670 2645.250 425.640 C2644.600 423.560 2643.940 421.480 2643.290 419.400 C2643.570 419.600 2643.850 419.790 2644.120 419.990 C2644.240 419.670 2644.350 419.350 2644.470 419.030 L2644.470 419.030 Z
arrow	tool	M1250.483 3169.608 L1193.109 3008.758 L1219.402 3008.706 L1219.138 2876.739 L1192.844 2876.792 L1249.574 2715.714 L1306.948 2876.564 L1280.655 2876.616 L1280.919 3008.582 L1307.212 3008.530 L1250.483 3169.608 Z
arrow	svg	M1056.350 4933.190 C1053.750 4930.260 1051.150 4927.320 1048.560 4924.380 L1052.280 4924.020 C1052.150 4922.740 1052.030 4921.460 1051.900 4920.180 L1048.180 4920.540 C1050.170 4917.160 1052.150 4913.780 1054.140 4910.400 C1056.740 4913.340 1059.330 4916.270 1061.930 4919.210 L1058.210 4919.570 C1058.340 4920.850 1058.460 4922.130 1058.580 4923.410 L1062.300 4923.050 C1060.320 4926.430 1058.330 4929.810 1056.350 4933.190 Z
arrow	tool	M1068.222 2035.799 L1085.034 2007.921 L1088.095 2011.620 L1082.283 2016.429 L1079.222 2012.731 L1109.752 2001.428 L1092.940 2029.305 L1089.879 2025.607 L1095.690 2020.797 L1098.751 2024.496 L1068.222 2035.799 Z
arrow	svg	M3957.900 3780.740 C3962.850 3776.820 3967.810 3772.910 3972.770 3768.990 L3971.630 3767.550 L3976.910 3767.430 C3976.460 3769.130 3976.020 3770.830 3975.570 3772.530 C3975.190 3772.060 3974.820 3771.580 3974.440 3771.100 C3969.480 3775.020 3964.520 3778.930 3959.560 3782.850 C3959.010 3782.150 3958.450 3781.450 3957.900 3780.740 Z
arrow	tool	M2557.815 242.310 L2577.381 252.363 L2565.186 256.012 L2582.572 314.118 L2594.766 310.469 L2583.938 329.617 L2564.372 319.564 L2576.567 315.915 L2559.181 257.809 L2546.986 261.458 L2557.815 242.310 Z
arrow	svg	M523.830 710.820 C523.850 685.390 523.870 659.970 523.890 634.540 C532.010 641.440 540.130 648.350 548.260 655.260 C588.720 607.660 629.190 560.060 669.650 512.460 C661.530 505.550 653.410 498.650 645.280 491.740 C670.380 487.630 695.470 483.520 720.560 479.410 C720.540 504.830 720.520 530.260 720.500 555.680 C712.380 548.780 704.260 541.870 696.130 534.970 C655.670 582.570 615.200 630.170 574.740 677.770 C582.860 684.670 590.980 691.580 599.110 698.480 C574.010 702.600 548.920 706.710 523.830 710.820 Z
arrow	tool	M387.971 2800.727 L385.102 2869.739 L389.898 2869.938 L376.491 2907.752 L366.269 2868.956 L371.065 2869.155 L373.934 2800.144 L380.375 2814.340 L387.971 2800.727 Z
arrow	svg	M4255.430 3541.700 C4256.370 3534.220 4257.320 3526.730 4258.270 3519.250 C4260.470 3521.580 4262.670 3523.910 4264.880 3526.240 C4275.650 3516.040 4286.430 3505.850 4297.210 3495.650 C4295.010 3493.320 4292.800 3490.990 4290.600 3488.660 C4298.120 3488.130 4305.650 3487.600 4313.170 3487.070 C4312.220 3494.550 4311.270 3502.030 4310.330 3509.520 C4308.130 3507.190 4305.920 3504.860 4303.720 3502.530 C4292.940 3512.730 4282.160 3522.920 4271.390 3533.120 C4273.590 3535.450 4275.790 3537.780 4278.000 3540.100 C4270.470 3540.640 4262.950 3541.170 4255.430 3541.700 Z
arrow	tool	M4855.364 4929.406 L4856.286 4934.964 L4854.549 4934.348 L4854.027 4935.819 L4855.764 4936.435 L4851.545 4940.168 L4850.623 4934.611 L4852.360 4935.227 L4852.882 4933.756 L4851.145 4933.140 L4855.364 4929.406 Z
arrow	svg	M4048.570 1387.400 C4062.550 1395.530 4076.520 1403.660 4090.500 1411.790 C4092.100 1409.040 4093.700 1406.280 4095.300 1403.530 C4097.940 1409.920 4100.590 1416.310 4103.230 1422.700 C4096.370 1423.560 4089.510 1424.420 4082.650 1425.290 C4084.250 1422.530 4085.850 1419.780 4087.450 1417.030 C4073.480 1408.900 4059.500 1400.770 4045.530 1392.640 C4046.960 1392.310 4048.400 1391.970 4049.840 1391.640 C4049.410 1390.230 4048.990 1388.820 4048.570 1387.400 Z
arrow	tool	M85.498 4299.010 L120.388 4302.344 L109.794 4314.730 L108.508 4313.630 L119.102 4301.245 L127.804 4335.196 L92.914 4331.862 L103.508 4319.476 L104.794 4320.576 L94.200 4332.961 L85.498 4299.010 Z
arrow	svg	M2216.600 237.100 C2215.380 244.370 2214.160 251.630 2212.940 258.890 C2211.760 258.190 2210.570 257.480 2209.390 256.780 C2204.090 265.680 2198.800 274.580 2193.510 283.480 C2194.700 284.190 2195.880 284.890 2197.070 285.600 L2179.670 299.220 C2180.890 291.960 2182.110 284.690 2183.330 277.430 C2184.520 278.130 2185.700 278.840 2186.890 279.540 L2202.760 252.840 C2201.570 252.140 2200.390 251.430 2199.200 250.730 C2205.000 246.190 2210.800 241.640 2216.600 237.100 Z
arrow	tool	M3603.400 889.068 L3502.861 765.645 L3495.825 771.376 L3466.473 694.296 L3536.025 738.630 L3528.989 744.361 L3629.528 867.784 L3594.437 851.386 L3603.400 889.068 Z
arrow	svg	M2582.420 3434.230 C2594.740 3431.080 2607.050 3427.940 2619.370 3424.790 L2618.620 3421.850 C2622.840 3422.780 2627.060 3423.710 2631.280 3424.650 C2628.020 3427.490 2624.770 3430.340 2621.510 3433.180 L2620.760 3430.240 C2608.450 3433.390 2596.130 3436.530 2583.810 3439.680 C2584.310 3438.590 2584.810 3437.490 2585.310 3436.400 C2584.350 3435.670 2583.390 3434.950 2582.420 3434.230 Z
arrow	tool	M3986.308 1264.358 L3989.898 1261.240 L3989.239 1264.439 L3997.994 1266.242 L3998.653 1263.043 L4000.719 1267.326 L3997.129 1270.444 L3997.788 1267.245 L3989.033 1265.442 L3988.374 1268.642 L3986.308 1264.358 Z
arrow	svg	M4861.630 2203.710 C4862.120 2204.640 4862.600 2205.580 4863.090 2206.510 C4862.760 2206.450 4862.430 2206.390 4862.090 2206.320 C4861.590 2209.050 4861.100 2211.780 4860.600 2214.510 C4860.930 2214.570 4861.260 2214.630 4861.600 2214.690 C4860.810 2215.390 4860.030 2216.090 4859.240 2216.790 C4858.760 2215.860 4858.270 2214.930 4857.780 2214.000 C4858.110 2214.060 4858.450 2214.120 4858.780 2214.180 C4859.280 2211.450 4859.780 2208.720 4860.270 2205.990 C4859.940 2205.930 4859.610 2205.870 4859.270 2205.810 C4860.060 2205.110 4860.840 2204.410 4861.630 2203.710 Z
arrow	tool	M458.263 833.515 L455.384 822.514 L459.263 824.873 L483.417 785.158 L479.538 782.799 L490.631 780.294 L493.509 791.296 L489.631 788.937 L465.476 828.652 L469.355 831.011 L458.263 833.515 Z
arrow	svg	M3824.400 5194.000 C3800.120 5026.770 3775.840 4859.540 3751.570 4692.300 C3744.000 4693.400 3736.440 4694.500 3728.880 4695.600 C3744.910 4662.860 3760.940 4630.130 3776.980 4597.390 C3801.660 4624.220 3826.340 4651.040 3851.010 4677.870 C3843.450 4678.960 3835.890 4680.060 3828.320 4681.160 C3852.600 4848.390 3876.880 5015.620 3901.160 5182.860 C3887.340 5177.660 3873.520 5172.470 3859.710 5167.280 C3847.940 5176.180 3836.170 5185.090 3824.400 5194.000 Z
arrow	tool	M2085.765 3479.670 L2087.136 3431.674 L2081.334 3431.508 L2095.198 3393.867 L2106.891 3432.238 L2101.088 3432.072 L2099.716 3480.069 L2085.765 3479.670 Z
arrow	svg	M1056.090 4405.050 C1054.300 4423.540 1052.520 4442.040 1050.740 4460.530 C1047.400 4458.700 1044.070 4456.870 1040.730 4455.030 C1031.150 4472.450 1021.580 4489.860 1012.000 4507.280 C1015.330 4509.110 1018.670 4510.950 1022.010 4512.780 C1007.340 4524.190 992.680 4535.600 978.010 4547.020 C979.800 4528.520 981.580 4510.030 983.360 4491.530 C986.700 4493.360 990.030 4495.200 993.370 4497.030 C1002.950 4479.620 1012.520 4462.200 1022.100 4444.780 C1018.770 4442.950 1015.430 4441.120 1012.090 4439.280 C1026.760 4427.870 1041.420 4416.460 1056.090 4405.050 Z
arrow	tool	M299.381 4723.609 L310.769 4627.722 L339.747 4661.151 L589.168 4444.943 L560.190 4411.514 L656.722 4413.852 L645.335 4509.739 L616.357 4476.309 L366.936 4692.517 L395.914 4725.947 L299.381 4723.609 Z
arrow	svg	M4564.630 2037.480 L4559.680 2045.130 C4559.740 2043.460 4559.810 2041.800 4559.870 2040.130 C4555.620 2039.970 4551.370 2039.810 4547.130 2039.650 C4547.070 2041.320 4547.000 2042.980 4546.940 2044.650 C4545.490 2041.980 4544.030 2039.320 4542.580 2036.650 C4544.230 2034.100 4545.880 2031.550 4547.530 2028.990 C4547.470 2030.660 4547.400 2032.330 4547.340 2033.990 C4551.590 2034.150 4555.830 2034.310 4560.080 2034.470 C4560.140 2032.810 4560.210 2031.140 4560.270 2029.470 C4561.720 2032.140 4563.180 2034.810 4564.630 2037.480 Z
arrow	tool	M3510.253 439.595 L3417.605 392.325 L3406.205 414.669 L3358.066 331.625 L3453.556 321.863 L3442.155 344.207 L3534.804 391.478 L3510.253 439.595 Z
arrow	svg	M3181.770 3501.320 C3135.170 3561.470 3088.570 3621.630 3041.970 3681.780 C3043.700 3683.120 3045.430 3684.450 3047.160 3685.790 C3009.820 3714.880 2972.480 3743.960 2935.140 3773.050 C2953.970 3729.630 2972.800 3686.200 2991.640 3642.780 C2993.360 3644.120 2995.090 3645.460 2996.820 3646.800 C3043.420 3586.640 3090.020 3526.490 3136.620 3466.340 L3181.770 3501.320 Z
arrow	tool	M3451.732 1802.936 L3462.858 1786.445 L3455.100 1781.211 L3474.311 1776.129 L3476.792 1795.846 L3469.034 1790.612 L3457.908 1807.103 L3458.368 1799.761 L3451.732 1802.936 Z
arrow	svg	M4573.590 340.010 C4576.100 339.730 4578.610 339.460 4581.130 339.180 C4580.520 340.190 4579.910 341.190 4579.300 342.200 C4586.020 346.280 4592.750 350.370 4599.480 354.460 C4600.090 353.450 4600.700 352.450 4601.310 351.450 C4602.220 353.800 4603.140 356.160 4604.050 358.520 C4601.540 358.790 4599.020 359.070 4596.510 359.340 C4597.120 358.340 4597.730 357.340 4598.340 356.330 C4591.610 352.250 4584.890 348.160 4578.160 344.070 C4577.550 345.070 4576.940 346.080 4576.330 347.080 C4575.410 344.720 4574.500 342.370 4573.590 340.010 Z
arrow	tool	M840.755 2659.315 L828.838 2712.728 L835.916 2714.307 L822.044 2727.747 L815.201 2709.685 L822.279 2711.265 L834.196 2657.852 L840.755 2659.315 Z
arrow	svg	M2322.750 2881.590 C2320.220 2885.520 2317.700 2889.450 2315.180 2893.370 C2314.850 2892.890 2314.510 2892.410 2314.180 2891.930 C2313.790 2892.200 2313.390 2892.480 2313.000 2892.750 C2313.330 2893.230 2313.660 2893.710 2314.000 2894.190 C2309.430 2895.170 2304.870 2896.150 2300.300 2897.130 C2302.820 2893.200 2305.350 2889.270 2307.870 2885.350 C2308.200 2885.830 2308.530 2886.310 2308.870 2886.790 C2309.260 2886.520 2309.660 2886.240 2310.050 2885.970 C2309.720 2885.490 2309.390 2885.010 2309.050 2884.520 C2313.620 2883.550 2318.180 2882.570 2322.750 2881.590 Z
arrow	tool	M1397.065 3455.666 L1389.612 3455.917 L1389.652 3457.130 L1385.614 3455.560 L1389.538 3453.722 L1389.578 3454.935 L1397.032 3454.685 L1395.868 3455.215 L1397.065 3455.666 Z
arrow	svg	M2017.800 3060.830 L2038.020 3074.390 C2038.820 3073.210 2039.610 3072.020 2040.410 3070.840 C2041.730 3074.560 2043.060 3078.280 2044.380 3082.010 C2040.440 3082.190 2036.490 3082.380 2032.540 3082.570 C2033.330 3081.390 2034.130 3080.200 2034.920 3079.020 L2014.700 3065.460 C2015.730 3063.920 2016.770 3062.380 2017.800 3060.830 Z
arrow	tool	M4579.597 1950.089 L4605.197 1883.081 L4569.134 1869.304 L4628.779 1855.728 L4664.178 1905.615 L4628.115 1891.837 L4602.516 1958.845 L4579.597 1950.089 Z
arrow	svg	M1951.020 2475.180 L1983.270 2442.030 C1983.600 2449.290 1983.930 2456.540 1984.260 2463.790 C1993.160 2463.390 2002.060 2462.980 2010.960 2462.580 C2010.630 2455.330 2010.300 2448.070 2009.970 2440.820 C2021.680 2450.850 2033.390 2460.880 2045.090 2470.900 C2034.350 2481.950 2023.600 2493.000 2012.850 2504.050 C2012.520 2496.800 2012.190 2489.540 2011.860 2482.290 C2002.960 2482.690 1994.050 2483.100 1985.150 2483.500 C1985.480 2490.760 1985.810 2498.010 1986.140 2505.260 C1974.440 2495.230 1962.730 2485.210 1951.020 2475.180 Z
arrow	tool	M402.050 965.734 L279.177 633.918 L264.385 639.395 L273.280 547.212 L340.068 611.370 L325.276 616.847 L448.148 948.663 L418.566 939.556 L402.050 965.734 Z
arrow	svg	M971.040 984.020 L973.080 985.670 C972.800 985.780 972.520 985.880 972.240 985.990 C972.870 987.680 973.510 989.360 974.140 991.050 C974.430 990.940 974.710 990.840 974.990 990.730 C974.840 991.590 974.690 992.450 974.540 993.320 L972.500 991.670 C972.790 991.560 973.070 991.460 973.350 991.350 C972.710 989.660 972.080 987.970 971.440 986.290 C971.160 986.390 970.880 986.500 970.600 986.610 C970.750 985.740 970.900 984.880 971.040 984.020 Z
arrow	tool	M2250.550 695.255 L2360.762 622.518 L2352.968 610.708 L2402.607 601.702 L2374.809 643.803 L2367.015 631.992 L2256.802 704.729 L2250.550 695.255 Z
arrow	svg	M2211.960 2900.390 C2244.070 2881.680 2276.190 2862.980 2308.300 2844.270 C2307.510 2856.770 2306.710 2869.270 2305.910 2881.770 C2315.310 2882.370 2324.710 2882.970 2334.110 2883.560 C2334.910 2871.070 2335.700 2858.570 2336.500 2846.070 C2365.980 2868.700 2395.460 2891.340 2424.940 2913.970 C2392.820 2932.670 2360.710 2951.380 2328.590 2970.090 C2329.390 2957.590 2330.190 2945.090 2330.980 2932.590 C2321.590 2931.990 2312.190 2931.390 2302.790 2930.790 C2301.990 2943.290 2301.190 2955.790 2300.400 2968.290 C2270.920 2945.660 2241.440 2923.020 2211.960 2900.390 Z
arrow	tool	M1247.117 5265.572 L1095.294 5117.431 L1169.305 5094.504 L1107.306 4894.368 L1033.295 4917.296 L1074.783 4709.270 L1226.607 4857.411 L1152.595 4880.338 L1214.594 5080.474 L1288.605 5057.546 L1247.117 5265.572 Z
arrow	svg	M2221.220 2664.220 C2240.620 2660.370 2260.020 2656.530 2279.420 2652.680 L2276.900 2639.930 C2289.070 2645.960 2301.250 2651.980 2313.420 2658.010 C2304.470 2668.220 2295.510 2678.440 2286.550 2688.650 C2285.710 2684.400 2284.870 2680.150 2284.020 2675.900 C2264.620 2679.740 2245.220 2683.590 2225.820 2687.430 C2229.160 2682.750 2232.500 2678.070 2235.830 2673.390 C2230.960 2670.330 2226.090 2667.280 2221.220 2664.220 Z
arrow	tool	M2226.482 4137.577 L2227.529 4142.132 L2227.904 4142.045 L2227.436 4145.833 L2225.362 4142.630 L2225.737 4142.544 L2224.690 4137.989 L2225.957 4139.399 L2226.482 4137.577 Z
arrow	svg	M4204.240 1266.630 L4220.410 1275.150 C4217.820 1275.960 4215.230 1276.760 4212.630 1277.560 C4219.930 1301.140 4227.230 1324.720 4234.520 1348.300 C4237.120 1347.500 4239.710 1346.700 4242.300 1345.900 C4239.460 1351.290 4236.620 1356.680 4233.770 1362.070 C4228.380 1359.220 4222.990 1356.380 4217.600 1353.540 C4220.200 1352.740 4222.790 1351.930 4225.380 1351.130 C4218.090 1327.550 4210.790 1303.970 4203.490 1280.390 L4195.720 1282.790 C4198.560 1277.410 4201.400 1272.020 4204.240 1266.630 Z
arrow	tool	M1006.889 4758.849 L1079.919 4710.426 L1072.655 4699.470 L1116.614 4695.282 L1095.645 4734.144 L1088.380 4723.187 L1015.350 4771.610 L1017.868 4760.754 L1006.889 4758.849 Z
arrow	svg	M796.810 4434.060 C795.090 4435.860 793.380 4437.650 791.660 4439.450 C792.220 4439.980 792.770 4440.510 793.330 4441.040 C792.080 4440.840 790.830 4440.640 789.570 4440.440 C789.320 4439.200 789.060 4437.960 788.800 4436.720 C789.360 4437.250 789.920 4437.780 790.470 4438.310 C792.190 4436.510 793.900 4434.720 795.620 4432.920 L795.530 4434.210 C795.960 4434.160 796.380 4434.110 796.810 4434.060 Z
arrow	tool	M2011.410 3500.627 L2018.541 3503.770 L2016.875 3505.020 L2020.531 3509.893 L2022.198 3508.643 L2023.221 3516.368 L2016.090 3513.225 L2017.757 3511.975 L2014.100 3507.102 L2012.434 3508.352 L2011.410 3500.627 Z
arrow	svg	M531.100 3244.330 C530.080 3245.540 529.050 3246.760 528.030 3247.970 C528.470 3248.340 528.900 3248.700 529.340 3249.070 L525.410 3250.180 C525.550 3248.830 525.700 3247.480 525.840 3246.120 C526.270 3246.490 526.710 3246.860 527.140 3247.220 C528.170 3246.010 529.190 3244.790 530.220 3243.580 C530.160 3243.950 530.100 3244.310 530.050 3244.680 C530.400 3244.560 530.750 3244.440 531.100 3244.330 Z
arrow	tool	M4655.786 4750.183 L4690.972 4753.066 L4691.449 4747.247 L4704.558 4758.258 L4689.832 4766.988 L4690.308 4761.169 L4655.122 4758.286 L4655.786 4750.183 Z
arrow	svg	M2555.100 4773.580 C2564.860 4799.400 2574.630 4825.220 2584.390 4851.040 C2586.500 4850.240 2588.610 4849.440 2590.720 4848.650 C2585.430 4858.340 2580.150 4868.030 2574.860 4877.720 C2564.490 4873.950 2554.120 4870.180 2543.740 4866.410 C2545.850 4865.610 2547.960 4864.820 2550.070 4864.020 C2540.300 4838.200 2530.540 4812.380 2520.780 4786.550 C2527.330 4786.610 2533.890 4786.660 2540.450 4786.720 C2545.330 4782.340 2550.220 4777.960 2555.100 4773.580 Z
arrow	tool	M2016.437 980.845 L2017.310 946.108 L2024.307 954.859 L2067.249 920.529 L2060.253 911.777 L2094.330 918.573 L2093.457 953.311 L2086.461 944.560 L2043.518 978.890 L2050.514 987.641 L2016.437 980.845 Z
arrow	svg	M4026.670 3178.650 C4057.160 3183.270 4087.660 3187.890 4118.150 3192.510 C4119.210 3185.520 4120.270 3178.520 4121.330 3171.530 C4135.780 3183.020 4150.230 3194.500 4164.680 3205.990 C4147.470 3212.680 4130.270 3219.370 4113.060 3226.050 C4114.120 3219.060 4115.180 3212.070 4116.240 3205.070 L4024.770 3191.210 C4025.410 3187.020 4026.040 3182.840 4026.670 3178.650 Z
arrow	tool	M941.703 3219.421 L935.836 3206.330 L935.162 3206.632 L934.535 3201.030 L938.300 3205.226 L937.625 3205.528 L943.493 3218.619 L942.135 3217.987 L941.703 3219.421 Z
arrow	svg	M704.370 875.180 C718.220 859.820 732.080 844.470 745.940 829.120 C743.630 827.030 741.320 824.950 739.020 822.870 C748.730 819.410 758.440 815.960 768.150 812.500 C765.700 822.510 763.260 832.530 760.810 842.540 C758.500 840.460 756.200 838.370 753.890 836.290 C740.030 851.640 726.170 867.000 712.310 882.350 C713.660 878.200 715.000 874.050 716.340 869.900 L704.370 875.180 Z
arrow	tool	M1582.113 765.749 L1360.800 776.310 L1361.785 796.957 L1213.079 740.607 L1355.743 670.352 L1356.728 690.999 L1578.042 680.438 L1555.196 724.281 L1582.113 765.749 Z
arrow	svg	M1587.960 1040.140 C1581.270 1041.000 1574.580 1041.860 1567.890 1042.730 C1567.930 1043.020 1567.960 1043.310 1568.000 1043.600 L1559.810 1041.980 C1562.310 1040.770 1564.820 1039.550 1567.320 1038.340 L1567.440 1039.210 L1587.510 1036.630 C1586.790 1037.320 1586.070 1038.000 1585.350 1038.690 C1586.220 1039.180 1587.090 1039.660 1587.960 1040.140 Z
arrow	tool	M4585.809 4176.073 L4580.040 4185.681 L4578.635 4180.535 L4573.415 4181.959 L4574.819 4187.106 L4564.969 4181.760 L4570.738 4172.153 L4572.143 4177.299 L4577.364 4175.874 L4575.959 4170.728 L4585.809 4176.073 Z
arrow	svg	M3057.790 136.010 C3057.200 139.230 3056.620 142.450 3056.040 145.680 C3057.570 145.950 3059.110 146.230 3060.650 146.510 C3058.640 147.290 3056.630 148.080 3054.630 148.860 C3053.020 147.420 3051.420 145.990 3049.810 144.550 C3051.350 144.830 3052.890 145.110 3054.420 145.380 C3055.010 142.160 3055.590 138.940 3056.180 135.710 L3056.870 136.460 C3057.180 136.310 3057.480 136.160 3057.790 136.010 Z
arrow	tool	M1277.286 1905.922 L1286.778 1908.063 L1286.926 1907.408 L1290.813 1909.984 L1286.196 1910.643 L1286.344 1909.989 L1276.851 1907.848 L1277.286 1905.922 Z
arrow	svg	M2736.930 1284.920 C2754.760 1265.830 2772.580 1246.740 2790.400 1227.640 C2787.670 1225.100 2784.950 1222.550 2782.220 1220.000 C2795.800 1214.790 2809.390 1209.580 2822.970 1204.370 C2818.710 1218.290 2814.450 1232.200 2810.180 1246.110 C2807.450 1243.560 2804.730 1241.020 2802.000 1238.470 C2784.180 1257.560 2766.350 1276.650 2748.530 1295.750 C2744.670 1292.140 2740.800 1288.530 2736.930 1284.920 Z
arrow	tool	M2632.155 2366.770 L2621.644 2352.404 L2617.177 2355.672 L2618.322 2343.417 L2630.348 2346.036 L2625.881 2349.304 L2636.392 2363.671 L2633.204 2363.759 L2632.155 2366.770 Z
arrow	svg	M1036.630 1425.730 C1040.100 1441.640 1043.570 1457.550 1047.030 1473.460 C1042.460 1471.480 1037.890 1469.510 1033.330 1467.530 C1016.150 1507.280 998.980 1547.030 981.810 1586.780 C986.380 1588.750 990.950 1590.730 995.520 1592.700 C981.560 1601.080 967.600 1609.460 953.650 1617.840 C950.180 1601.930 946.710 1586.030 943.250 1570.120 C947.820 1572.090 952.390 1574.070 956.960 1576.040 C974.130 1536.290 991.300 1496.540 1008.470 1456.800 C1003.900 1454.820 999.330 1452.850 994.760 1450.880 C1008.720 1442.490 1022.680 1434.110 1036.630 1425.730 Z
arrow	tool	M3738.801 4517.519 L3813.985 4471.546 L3812.394 4496.928 L3830.567 4498.067 L3832.159 4472.686 L3901.012 4527.690 L3825.828 4573.663 L3827.419 4548.281 L3809.245 4547.142 L3807.654 4572.523 L3738.801 4517.519 Z
arrow	svg	M4180.800 591.530 C4178.690 594.160 4176.590 596.780 4174.480 599.400 C4175.610 600.310 4176.740 601.220 4177.870 602.120 C4175.140 602.820 4172.410 603.510 4169.680 604.200 C4169.770 601.390 4169.850 598.570 4169.940 595.760 C4171.070 596.660 4172.200 597.570 4173.330 598.480 C4175.430 595.850 4177.540 593.230 4179.640 590.610 C4180.030 590.920 4180.410 591.220 4180.800 591.530 Z
arrow	tool	M2705.600 1704.749 L2707.774 1713.427 L2704.050 1711.837 L2704.181 1711.530 L2707.906 1713.120 L2700.134 1717.551 L2697.959 1708.873 L2701.684 1710.463 L2701.552 1710.771 L2697.828 1709.181 L2705.600 1704.749 Z
arrow	svg	M4614.390 947.390 L4613.880 978.530 C4615.150 978.550 4616.410 978.570 4617.670 978.590 L4612.810 983.570 C4611.250 981.860 4609.680 980.150 4608.120 978.440 C4609.380 978.460 4610.640 978.480 4611.910 978.500 C4612.070 968.120 4612.240 957.740 4612.410 947.360 C4612.730 947.920 4613.060 948.480 4613.380 949.040 C4613.710 948.490 4614.050 947.940 4614.390 947.390 Z
arrow	tool	M3960.432 3022.790 L3962.549 3044.842 L3952.260 3035.587 L3906.365 3086.610 L3916.654 3095.865 L3894.502 3096.087 L3892.385 3074.035 L3902.674 3083.290 L3948.568 3032.266 L3938.279 3023.012 L3960.432 3022.790 Z
arrow	svg	M4536.910 1606.260 C4526.050 1607.620 4515.180 1608.990 4504.320 1610.360 C4506.050 1606.530 4507.780 1602.690 4509.520 1598.860 C4500.430 1594.760 4491.350 1590.650 4482.270 1586.550 C4480.540 1590.380 4478.810 1594.220 4477.070 1598.050 C4470.920 1588.990 4464.770 1579.940 4458.610 1570.880 C4469.480 1569.510 4480.340 1568.140 4491.210 1566.770 C4489.470 1570.610 4487.740 1574.440 4486.010 1578.280 C4495.090 1582.380 4504.170 1586.480 4513.250 1590.590 C4514.990 1586.750 4516.720 1582.920 4518.450 1579.080 C4524.600 1588.140 4530.760 1597.200 4536.910 1606.260 Z
arrow	tool	M2788.164 781.238 L2449.211 517.800 L2431.427 540.681 L2364.114 419.188 L2498.463 454.430 L2480.679 477.311 L2819.633 740.749 L2767.253 732.512 L2788.164 781.238 Z
arrow	svg	M4869.030 2316.270 C4869.320 2320.270 4869.610 2324.270 4869.900 2328.280 L4866.300 2326.750 C4860.960 2339.400 4855.620 2352.040 4850.270 2364.680 C4851.470 2365.190 4852.670 2365.700 4853.870 2366.200 C4850.800 2368.780 4847.720 2371.360 4844.650 2373.940 C4844.360 2369.940 4844.060 2365.940 4843.770 2361.940 C4844.970 2362.440 4846.170 2362.950 4847.370 2363.460 C4852.720 2350.810 4858.060 2338.170 4863.410 2325.530 C4862.210 2325.020 4861.010 2324.510 4859.810 2324.010 C4862.880 2321.430 4865.960 2318.850 4869.030 2316.270 Z
arrow	tool	M2088.092 3646.374 L2104.241 3587.181 L2086.246 3582.271 L2117.297 3573.620 L2139.653 3596.842 L2121.658 3591.932 L2105.509 3651.126 L2098.659 3641.937 L2088.092 3646.374 Z
arrow	svg	M4436.060 365.220 C4427.430 361.840 4418.800 358.470 4410.170 355.090 L4407.980 360.700 C4406.580 357.580 4405.170 354.460 4403.770 351.340 L4413.220 347.320 C4412.490 349.190 4411.760 351.050 4411.020 352.920 C4419.650 356.300 4428.280 359.670 4436.910 363.050 C4436.630 363.770 4436.340 364.500 4436.060 365.220 Z
arrow	tool	M979.674 419.287 L997.196 410.159 L996.163 417.354 L995.655 417.282 L996.689 410.086 L1010.933 423.776 L993.412 432.905 L994.445 425.709 L994.952 425.782 L993.919 432.978 L979.674 419.287 Z
arrow	svg	M2544.830 4994.860 C2546.450 4990.580 2548.080 4986.290 2549.710 4982.010 L2552.080 4983.960 C2554.730 4980.740 2557.370 4977.530 2560.020 4974.310 C2559.230 4973.660 2558.430 4973.010 2557.640 4972.360 C2561.530 4969.930 2565.420 4967.510 2569.310 4965.080 C2567.680 4969.370 2566.060 4973.650 2564.430 4977.940 C2563.640 4977.280 2562.850 4976.630 2562.050 4975.980 C2559.410 4979.200 2556.760 4982.420 2554.120 4985.630 C2554.910 4986.290 2555.700 4986.940 2556.490 4987.590 C2552.600 4990.010 2548.720 4992.440 2544.830 4994.860 Z
arrow	tool	M1018.833 2896.640 L931.881 3041.582 L957.369 3056.873 L873.235 3114.961 L884.884 3013.388 L910.372 3028.679 L997.325 2883.737 L986.533 2926.102 L1018.833 2896.640 Z
arrow	svg	M-28.150 807.140 L38.720 969.080 C45.830 966.150 52.940 963.210 60.050 960.280 C55.000 974.240 49.950 988.190 44.900 1002.150 C31.470 995.820 18.050 989.490 4.620 983.160 C11.730 980.230 18.840 977.290 25.950 974.360 C3.660 920.370 -18.630 866.390 -40.920 812.410 C-36.660 810.650 -32.400 808.890 -28.150 807.140 Z
arrow	tool	M4948.356 4606.094 L4965.415 4641.048 L4967.959 4639.806 L4969.414 4661.616 L4953.116 4647.050 L4955.660 4645.808 L4938.602 4610.854 L4945.101 4611.799 L4948.356 4606.094 Z
arrow	svg	M4321.580 1100.960 C4328.990 1100.840 4336.410 1100.710 4343.820 1100.590 C4343.780 1098.060 4343.740 1095.530 4343.690 1092.990 C4351.040 1096.730 4358.380 1100.470 4365.730 1104.210 C4358.510 1108.190 4351.300 1112.170 4344.080 1116.150 L4343.960 1108.560 C4336.540 1108.680 4329.130 1108.810 4321.720 1108.930 C4321.670 1106.280 4321.630 1103.620 4321.580 1100.960 Z
arrow	tool	M1093.821 4464.054 L1037.000 4480.569 L1045.662 4459.371 L992.237 4437.539 L983.574 4458.736 L954.581 4407.154 L1011.402 4390.639 L1002.740 4411.837 L1056.166 4433.669 L1064.828 4412.472 L1093.821 4464.054 Z
arrow	svg	M2542.440 4442.220 C2533.140 4438.500 2523.830 4434.780 2514.530 4431.060 C2513.790 4432.900 2513.050 4434.740 2512.320 4436.580 C2509.400 4432.330 2506.480 4428.070 2503.550 4423.810 C2508.610 4422.740 2513.660 4421.670 2518.710 4420.600 C2517.970 4422.440 2517.240 4424.290 2516.500 4426.130 C2525.800 4429.850 2535.110 4433.570 2544.410 4437.300 C2543.270 4437.790 2542.120 4438.280 2540.970 4438.780 C2541.460 4439.920 2541.950 4441.070 2542.440 4442.220 Z
arrow	tool	M3121.374 186.757 L3261.779 525.174 L3299.034 509.717 L3276.402 680.175 L3139.747 575.804 L3177.001 560.347 L3036.595 221.931 L3121.374 186.757 Z
arrow	svg	M-161.070 4073.420 C-72.860 4073.970 15.350 4074.530 103.570 4075.090 C103.630 4065.780 103.680 4056.470 103.740 4047.170 C155.850 4067.330 207.950 4087.490 260.060 4107.650 C207.700 4127.150 155.350 4146.660 102.990 4166.160 C103.050 4156.850 103.110 4147.550 103.170 4138.240 C14.960 4137.690 -73.260 4137.130 -161.470 4136.570 C-161.330 4115.520 -161.200 4094.470 -161.070 4073.420 Z
arrow	tool	M3551.531 2275.039 L3556.484 2278.641 L3557.259 2277.576 L3559.214 2280.995 L3555.359 2280.188 L3556.134 2279.123 L3551.181 2275.521 L3551.531 2275.039 Z
arrow	svg	M4166.770 1964.070 C4161.590 1962.280 4156.420 1960.490 4151.240 1958.700 C4150.810 1959.930 4150.380 1961.170 4149.960 1962.410 C4147.080 1959.400 4144.200 1956.390 4141.320 1953.390 C4145.440 1952.800 4149.560 1952.210 4153.680 1951.630 C4153.250 1952.860 4152.830 1954.100 4152.400 1955.330 L4167.940 1960.700 C4167.550 1961.830 4167.160 1962.950 4166.770 1964.070 Z
arrow	tool	M2322.524 474.830 L2336.294 507.277 L2340.407 505.532 L2338.774 518.068 L2328.622 510.533 L2332.735 508.788 L2318.965 476.341 L2322.524 474.830 Z
arrow	svg	M3024.480 3032.790 C3038.680 3077.090 3052.880 3121.390 3067.070 3165.680 C3077.570 3162.320 3088.070 3158.950 3098.570 3155.590 C3089.820 3173.700 3081.060 3191.810 3072.310 3209.920 C3054.650 3200.270 3037.000 3190.630 3019.350 3180.980 C3029.850 3177.610 3040.350 3174.250 3050.850 3170.880 C3036.650 3126.590 3022.450 3082.290 3008.250 3037.990 C3013.660 3036.260 3019.070 3034.530 3024.480 3032.790 Z
arrow	tool	M4480.106 3863.722 L4471.026 3853.111 L4475.540 3852.125 L4472.419 3837.825 L4467.906 3838.811 L4471.739 3825.381 L4480.819 3835.992 L4476.305 3836.977 L4479.426 3851.277 L4483.940 3850.292 L4480.106 3863.722 Z
arrow	svg	M1571.090 2062.210 C1537.720 2085.230 1504.340 2108.240 1470.960 2131.250 C1472.740 2133.820 1474.510 2136.400 1476.290 2138.970 C1468.120 2137.610 1459.950 2136.250 1451.770 2134.880 C1453.410 2126.760 1455.040 2118.640 1456.670 2110.520 C1458.450 2113.090 1460.220 2115.670 1461.990 2118.240 C1495.370 2095.230 1528.750 2072.210 1562.120 2049.200 C1565.110 2053.540 1568.100 2057.880 1571.090 2062.210 Z
arrow	tool	M3961.295 3847.497 L3895.346 3897.545 L3896.532 3860.096 L3719.902 3854.504 L3718.716 3891.954 L3656.065 3837.834 L3722.014 3787.785 L3720.828 3825.235 L3897.458 3830.827 L3898.644 3793.377 L3961.295 3847.497 Z
arrow	svg	M1413.990 3128.420 C1358.050 3266.090 1302.120 3403.750 1246.180 3541.410 L1302.730 3564.390 C1253.380 3593.470 1204.030 3622.540 1154.680 3651.620 C1139.600 3596.360 1124.520 3541.100 1109.440 3485.850 L1165.990 3508.830 C1221.920 3371.160 1277.860 3233.500 1333.800 3095.840 C1344.140 3108.700 1354.490 3121.560 1364.840 3134.420 C1381.220 3132.420 1397.600 3130.420 1413.990 3128.420 Z
arrow	tool	M3896.929 825.682 L3900.235 810.445 L3898.337 810.033 L3904.064 803.184 L3906.437 811.790 L3904.539 811.379 L3901.233 826.616 L3899.466 824.376 L3896.929 825.682 Z
arrow	svg	M1136.980 190.750 C1137.460 201.960 1137.940 213.160 1138.420 224.360 C1140.500 224.270 1142.580 224.190 1144.660 224.100 C1141.210 238.220 1137.760 252.340 1134.310 266.470 C1129.670 252.690 1125.040 238.910 1120.400 225.130 C1122.480 225.040 1124.560 224.950 1126.640 224.870 C1126.160 213.660 1125.690 202.460 1125.210 191.250 C1129.130 191.090 1133.060 190.920 1136.980 190.750 Z
arrow	tool	M2576.985 3105.385 L2576.700 3124.692 L2578.600 3124.720 L2576.030 3127.695 L2573.548 3124.646 L2575.448 3124.674 L2575.733 3105.366 L2576.348 3106.155 L2576.985 3105.385 Z
arrow	svg	M4878.910 3788.590 C4888.500 3815.770 4898.080 3842.940 4907.670 3870.110 C4909.800 3869.360 4911.940 3868.610 4914.070 3867.850 C4912.270 3872.990 4910.470 3878.130 4908.680 3883.270 C4904.050 3880.400 4899.430 3877.520 4894.800 3874.650 C4896.940 3873.900 4899.070 3873.150 4901.200 3872.390 C4891.610 3845.220 4882.020 3818.050 4872.440 3790.880 C4874.590 3790.120 4876.750 3789.360 4878.910 3788.590 Z
arrow	tool	M3363.084 1579.972 L3304.768 1196.607 L3281.794 1200.102 L3303.269 1061.545 L3364.973 1187.449 L3341.999 1190.944 L3400.314 1574.308 L3376.890 1545.527 L3363.084 1579.972 Z
arrow	svg	M4625.020 3144.540 C4626.840 3145.200 4628.650 3145.860 4630.470 3146.510 C4629.720 3146.960 4628.960 3147.400 4628.210 3147.840 C4629.210 3149.550 4630.210 3151.250 4631.220 3152.950 C4631.970 3152.510 4632.720 3152.070 4633.480 3151.630 C4633.170 3153.530 4632.860 3155.440 4632.550 3157.350 C4630.730 3156.690 4628.910 3156.030 4627.100 3155.380 C4627.850 3154.930 4628.600 3154.490 4629.360 3154.050 C4628.360 3152.340 4627.350 3150.640 4626.350 3148.930 C4625.600 3149.380 4624.850 3149.820 4624.090 3150.260 C4624.400 3148.360 4624.710 3146.450 4625.020 3144.540 Z
arrow	tool	M3498.257 4483.921 L3508.469 4475.102 L3509.579 4478.935 L3506.526 4479.819 L3505.416 4475.986 L3518.760 4477.986 L3508.548 4486.805 L3507.438 4482.972 L3510.491 4482.088 L3511.601 4485.921 L3498.257 4483.921 Z
arrow	svg	M421.100 2658.960 C425.390 2650.870 429.670 2642.780 433.950 2634.690 C434.440 2635.150 434.920 2635.610 435.400 2636.070 C433.840 2637.700 432.290 2639.320 430.730 2640.950 L429.290 2639.570 L452.960 2625.650 C448.670 2633.740 444.390 2641.830 440.110 2649.920 C439.620 2649.460 439.140 2648.990 438.660 2648.530 C440.220 2646.910 441.770 2645.280 443.330 2643.650 C443.810 2644.120 444.290 2644.580 444.770 2645.040 L421.100 2658.960 Z
arrow	tool	M2235.723 1797.595 L2241.950 1796.994 L2241.004 1799.246 L2242.593 1799.913 L2243.539 1797.661 L2247.468 1802.529 L2241.241 1803.131 L2242.187 1800.878 L2240.598 1800.211 L2239.652 1802.463 L2235.723 1797.595 Z
arrow	svg	M23.500 678.210 L40.420 711.690 C46.430 708.660 52.430 705.620 58.440 702.580 C56.620 717.800 54.800 733.010 52.990 748.230 L13.000 725.550 C19.010 722.520 25.010 719.480 31.020 716.450 C25.380 705.280 19.730 694.120 14.090 682.960 C17.230 681.380 20.360 679.790 23.500 678.210 L23.500 678.210 Z
arrow	tool	M3412.330 23.957 L3411.651 17.645 L3412.495 18.066 L3424.016 -5.037 L3423.173 -5.458 L3428.623 -8.713 L3429.302 -2.401 L3428.458 -2.822 L3416.937 20.281 L3417.780 20.702 L3412.330 23.957 Z
arrow	svg	M1967.920 1589.300 C1924.670 1703.470 1881.430 1817.640 1838.180 1931.820 C1871.490 1944.440 1904.810 1957.060 1938.120 1969.680 L1757.820 2097.540 C1741.040 2025.800 1724.260 1954.060 1707.480 1882.310 C1740.800 1894.930 1774.110 1907.550 1807.430 1920.170 C1850.670 1806.000 1893.920 1691.820 1937.170 1577.650 C1947.420 1581.530 1957.670 1585.410 1967.920 1589.300 Z
arrow	tool	M2289.541 2516.377 L2285.732 2512.844 L2285.303 2513.307 L2283.782 2509.937 L2287.258 2511.199 L2286.829 2511.662 L2290.638 2515.195 L2289.541 2516.377 Z
arrow	svg	M2129.530 4495.980 L2121.460 4579.110 C2123.120 4579.270 2124.790 4579.430 2126.460 4579.600 C2120.780 4593.450 2115.110 4607.310 2109.430 4621.160 C2106.530 4606.470 2103.630 4591.790 2100.730 4577.100 C2102.400 4577.260 2104.060 4577.420 2105.730 4577.580 C2108.420 4549.870 2111.120 4522.160 2113.810 4494.450 L2129.530 4495.980 Z
arrow	tool	M418.490 881.178 L335.991 1032.663 L319.098 958.393 L232.844 978.012 L249.737 1052.282 L109.832 951.383 L192.331 799.897 L209.224 874.167 L295.478 854.549 L278.585 780.278 L418.490 881.178 Z
arrow	svg	M4211.870 4263.690 C4195.310 4252.340 4178.740 4240.990 4162.180 4229.650 C4160.230 4232.490 4158.290 4235.330 4156.340 4238.170 C4153.860 4231.510 4151.370 4224.840 4148.890 4218.180 L4170.220 4217.910 C4168.270 4220.750 4166.330 4223.600 4164.380 4226.440 C4180.940 4237.790 4197.510 4249.130 4214.070 4260.480 C4213.340 4261.550 4212.600 4262.620 4211.870 4263.690 Z
arrow	tool	M1521.634 4749.670 L1396.051 4631.086 L1373.046 4655.450 L1379.121 4583.022 L1451.081 4572.808 L1428.076 4597.171 L1553.660 4715.755 L1521.634 4749.670 Z
arrow	svg	M608.190 1779.850 C614.010 1817.060 619.820 1854.280 625.640 1891.490 C636.190 1889.840 646.740 1888.190 657.280 1886.540 L607.540 1957.280 C584.560 1939.890 561.570 1922.500 538.590 1905.110 C549.130 1903.460 559.680 1901.810 570.220 1900.160 C564.410 1862.940 558.590 1825.730 552.770 1788.510 C571.240 1785.620 589.710 1782.740 608.190 1779.850 Z
arrow	tool	M4736.987 105.862 L4782.539 131.819 L4787.510 123.095 L4808.638 152.831 L4772.285 149.813 L4777.257 141.089 L4731.705 115.132 L4740.570 114.044 L4736.987 105.862 Z
arrow	svg	M4511.480 1715.840 C4463.120 1736.590 4414.760 1757.340 4366.390 1778.090 C4366.740 1762.300 4367.080 1746.520 4367.430 1730.730 C4314.760 1729.570 4262.090 1728.420 4209.420 1727.260 C4209.080 1743.050 4208.730 1758.840 4208.380 1774.620 C4160.980 1751.770 4113.570 1728.920 4066.160 1706.070 C4114.530 1685.320 4162.890 1664.570 4211.250 1643.820 C4210.910 1659.610 4210.560 1675.400 4210.220 1691.180 C4262.880 1692.340 4315.550 1693.500 4368.220 1694.650 C4368.570 1678.860 4368.920 1663.080 4369.260 1647.290 C4416.670 1670.140 4464.080 1692.990 4511.480 1715.840 Z
arrow	tool	M2432.477 3983.629 L2450.791 3964.957 L2447.550 3961.779 L2457.815 3960.388 L2456.624 3970.678 L2453.383 3967.500 L2435.070 3986.172 L2436.293 3982.332 L2432.477 3983.629 Z
arrow	svg	M970.850 4618.160 C929.710 4526.380 888.580 4434.600 847.450 4342.820 C838.280 4346.930 829.110 4351.040 819.950 4355.150 C823.760 4323.260 827.580 4291.380 831.400 4259.490 C857.730 4277.860 884.070 4296.230 910.410 4314.600 C901.250 4318.710 892.080 4322.820 882.910 4326.930 C924.040 4418.710 965.170 4510.490 1006.310 4602.270 C994.490 4607.570 982.670 4612.870 970.850 4618.160 Z
arrow	tool	M2880.104 3288.739 L2813.789 3248.552 L2805.352 3262.476 L2753.418 3195.697 L2836.650 3210.829 L2828.212 3224.752 L2894.527 3264.939 L2880.104 3288.739 Z
arrow	svg	M3701.160 2251.110 C3715.780 2187.360 3730.390 2123.620 3745.010 2059.870 L3712.040 2052.310 C3731.220 2032.840 3750.400 2013.360 3769.570 1993.890 C3778.350 2019.770 3787.130 2045.660 3795.910 2071.540 L3762.940 2063.980 C3748.320 2127.730 3733.710 2191.480 3719.090 2255.220 C3713.120 2253.850 3707.140 2252.480 3701.160 2251.110 Z
arrow	tool	M4540.349 2992.627 L4593.998 2976.914 L4592.970 2973.403 L4629.857 2973.973 L4599.106 2994.354 L4598.077 2990.843 L4544.429 3006.556 L4540.349 2992.627 Z
arrow	svg	M48.960 821.230 C48.460 791.070 47.960 760.910 47.460 730.760 C56.240 735.680 65.010 740.610 73.780 745.530 C90.540 715.670 107.300 685.820 124.060 655.960 C115.290 651.040 106.510 646.110 97.740 641.190 C123.740 625.910 149.750 610.630 175.750 595.350 C176.250 625.500 176.750 655.660 177.250 685.820 C168.480 680.900 159.710 675.970 150.930 671.050 C134.170 700.900 117.420 730.760 100.660 760.610 C109.430 765.540 118.210 770.460 126.980 775.390 C100.970 790.670 74.970 805.950 48.960 821.230 Z
arrow	tool	M1387.827 790.402 L1559.131 697.104 L1543.781 668.921 L1598.354 694.405 L1590.158 754.074 L1574.809 725.891 L1403.506 819.189 L1387.827 790.402 Z
arrow	svg	M2647.570 3363.120 C2647.870 3367.190 2648.170 3371.250 2648.470 3375.320 C2649.080 3375.270 2649.680 3375.230 2650.280 3375.180 C2649.390 3376.840 2648.490 3378.500 2647.600 3380.160 L2644.210 3375.630 C2644.810 3375.590 2645.420 3375.540 2646.020 3375.500 C2645.720 3371.440 2645.420 3367.370 2645.120 3363.310 C2645.540 3363.530 2645.970 3363.740 2646.400 3363.960 L2647.570 3363.120 Z
arrow	tool	M511.800 532.376 L475.727 563.631 L481.923 570.782 L455.730 577.140 L465.752 552.118 L471.949 559.270 L508.022 528.015 L511.800 532.376 Z
arrow	svg	M1658.550 1106.360 L1658.490 1115.840 C1657.930 1115.670 1657.370 1115.500 1656.820 1115.330 C1656.560 1116.180 1656.300 1117.040 1656.040 1117.890 C1656.600 1118.060 1657.160 1118.230 1657.710 1118.400 C1655.980 1121.040 1654.250 1123.680 1652.510 1126.320 C1652.530 1123.160 1652.560 1120.000 1652.580 1116.840 C1653.130 1117.010 1653.690 1117.180 1654.250 1117.350 C1654.510 1116.490 1654.770 1115.640 1655.020 1114.790 C1654.470 1114.620 1653.910 1114.450 1653.350 1114.280 C1655.090 1111.640 1656.820 1109.000 1658.550 1106.360 Z
line	tool	M1135.311 4114.966 L1128.020 4111.443
line	svg	M1656.610 469.760 C1673.510 483.770 1690.400 497.770 1707.300 511.780 C1725.010 524.810 1742.720 537.840 1760.420 550.860
line	tool	M2383.203 2248.939 L2374.433 2238.875
line	svg	M103.630 3582.260 C100.480 3579.850 97.320 3577.450 94.160 3575.050 C90.800 3572.910 87.440 3570.780 84.080 3568.640
line	tool	M2400.479 2630.395 L2376.499 2698.437 L2348.083 2764.496 L2315.985 2828.911
line	svg	M4258.640 1098.790 C4264.180 1096.380 4269.950 1095.590 4275.930 1096.430
line	tool	M1534.697 122.732 L1444.668 85.037
line	svg	M494.030 2015.990 C488.300 2088.050 470.900 2157.170 441.820 2223.360
line	tool	M2605.191 3605.024 C2500.216 3592.032 2394.384 3588.623 2284.375 3595.981
line	svg	M2076.080 4351.680 C2116.280 4323.890 2156.490 4296.110 2196.690 4268.330
line	tool	M2267.570 45.441 L2265.180 34.120
line	svg	M793.710 1738.730 C784.230 1739.620 774.740 1740.510 765.250 1741.400
line	tool	M458.974 1960.586 L277.572 1798.952
line	svg	M814.540 47.550 C821.170 45.820 827.810 44.090 834.450 42.360
line	tool	M2347.414 4616.379 L2338.209 4617.073
line	svg	M2577.630 812.450 C2590.920 810.450 2604.210 808.450 2617.500 806.440
line	tool	M1904.483 3085.923 L1965.985 3092.325
line	svg	M3040.600 3486.280 C3041.460 3495.930 3043.180 3505.440 3045.760 3514.790
line	tool	M1703.248 3655.381 L1696.946 3669.850 L1690.286 3684.131 L1681.002 3697.042
line	svg	M1527.930 418.200 C1532.290 416.920 1536.300 414.940 1539.960 412.260
line	tool	M4639.782 1751.290 C4621.650 1763.346 4600.984 1748.995 4581.566 1753.745
line	svg	M2087.740 1116.750 C2094.270 1114.270 2100.020 1110.580 2105.000 1105.680
line	tool	M1870.046 2333.044 L1870.003 2343.097 L1871.898 2352.985 L1872.540 2362.979
line	svg	M434.440 1595.660 C444.150 1681.050 453.870 1766.450 463.580 1851.840
line	tool	M4030.594 2174.453 L4035.841 2176.189 L4041.206 2177.601 L4046.174 2180.093 L4051.524 2181.548
line	svg	M1972.760 1779.360 C1981.230 1781.050 1989.780 1781.760 1998.410 1781.500
line	tool	M2551.333 479.262 L2561.216 470.437 L2571.854 462.471 L2581.929 453.865 L2591.373 444.541
line	svg	M2904.150 4009.650 C2900.600 4017.190 2897.060 4024.740 2893.510 4032.280
line	tool	M1220.009 4889.501 L1192.977 4958.407 L1165.710 5027.220
line	svg	M3458.800 939.820 C3438.300 892.780 3434.830 844.510 3448.400 795.020
line	tool	M4195.916 3116.401 L4267.781 3113.695
line	svg	M1432.810 1275.230 C1466.130 1364.070 1486.020 1455.820 1492.470 1550.480
line	tool	M2442.108 2413.825 C2440.087 2406.134 2442.516 2399.603 2448.491 2393.779
line	svg	M4016.160 3084.840 C4097.120 3123.630 4178.090 3162.430 4259.050 3201.220
line	tool	M4856.504 4633.773 L4615.622 4721.914 L4380.620 4825.423
line	svg	M1863.890 701.920 C1865.500 703.280 1867.110 704.640 1868.710 706.010 L1873.390 710.270
line	tool	M2059.738 2010.916 L1996.451 1951.871
line	svg	M2496.890 2720.470 C2570.560 2720.800 2644.080 2724.210 2717.460 2730.700
line	tool	M3030.011 2838.647 C3052.120 2789.092 3088.331 2750.800 3138.785 2721.849
line	svg	M2224.370 559.470 C2248.010 595.240 2271.640 631.010 2295.270 666.780
line	tool	M1323.457 525.657 L1433.083 564.347 L1542.861 602.522
line	svg	M1420.990 4609.200 L1525.180 4616.430
line	tool	M869.100 4635.035 C871.155 4581.998 923.871 4550.636 916.399 4491.888
line	svg	M22.480 4127.050 C19.340 4129.510 16.190 4131.980 13.050 4134.440
line	tool	M1993.668 453.891 L2236.824 560.909
line	svg	M3841.630 4537.220 C3844.380 4523.000 3842.680 4509.340 3836.540 4496.230
line	tool	M2164.822 3424.587 C2076.094 3473.585 2100.977 3577.709 2046.945 3646.332
line	svg	M4230.160 2439.150 C4225.960 2435.360 4221.160 2432.610 4215.760 2430.920
line	tool	M571.218 1284.896 L550.773 1259.663 L530.792 1234.043
line	svg	M3457.600 851.990 C3527.500 713.450 3551.560 567.360 3529.800 413.710
line	tool	M906.692 4234.694 L920.392 4241.543
line	svg	M1036.630 945.910 C1037.780 941.230 1038.930 936.550 1040.080 931.860 C1041.620 927.270 1043.160 922.690 1044.700 918.100
line	tool	M908.178 477.771 L895.651 486.019 L882.435 493.108 L869.668 500.952 L856.568 508.235
line	svg	M969.880 4985.260 C1136.780 4864.160 1247.400 4704.150 1301.750 4505.250
line	tool	M1946.256 4360.895 L1934.750 4498.747
line	svg	M3920.920 1696.700 C3950.300 1698.310 3976.210 1708.620 3998.660 1727.630
line	tool	M2662.560 3134.188 L2658.067 3136.553 L2653.260 3138.045 L2648.385 3139.348 L2643.734 3141.276
line	svg	M3046.130 245.960 C3069.210 263.800 3092.290 281.640 3115.370 299.490
line	tool	M4206.119 411.724 L4204.544 412.991 L4203.094 414.403 L4201.559 415.717 L4199.968 416.964
line	svg	M722.620 4133.020 C731.620 4163.540 740.630 4194.070 749.640 4224.600
line	tool	M4476.190 223.121 C4408.091 200.420 4347.165 162.533 4274.887 143.622
line	svg	M948.370 582.500 C954.380 582.050 960.390 581.600 966.410 581.150 C972.420 580.740 978.430 580.330 984.450 579.920
line	tool	M3370.781 962.838 C3204.220 889.779 3215.270 697.341 3146.587 552.888
line	svg	M4152.250 69.590 C4141.880 72.220 4131.520 74.850 4121.160 77.480
line	tool	M4026.712 3998.570 C4000.013 4008.818 3982.375 4030.290 3966.106 4054.771
line	svg	M67.500 4340.810 C212.410 4301.560 340.530 4231.580 451.860 4130.860
line	tool	M3190.605 2967.690 L3137.641 2977.398 L3084.026 2975.189
line	svg	M2616.540 814.260 C2612.470 818.610 2608.390 822.970 2604.320 827.330
line	tool	M2872.570 4785.953 L2839.650 4778.775 L2808.158 4767.420 L2777.244 4754.372 L2745.338 4744.229
line	svg	M2441.910 3097.250 C2503.100 3078.150 2564.280 3059.060 2625.470 3039.960
line	tool	M319.226 164.825 L447.335 -126.070
line	svg	M4218.340 3728.300 C4218.040 3726.840 4217.740 3725.390 4217.440 3723.940 C4217.280 3722.460 4217.110 3720.980 4216.950 3719.500
line	tool	M2267.351 900.859 C2317.509 1060.897 2176.847 1180.621 2156.094 1330.207
line	svg	M416.480 3616.910 C412.540 3615.840 408.590 3615.860 404.660 3616.960
line	tool	M3050.770 2420.750 C3011.572 2303.903 2858.816 2302.621 2792.217 2208.910
line	svg	M1554.720 1657.020 L1566.660 1643.160 C1570.690 1638.570 1574.710 1633.980 1578.730 1629.400
line	tool	M1772.913 634.013 C1795.005 527.281 1768.557 427.420 1728.113 326.401
line	svg	M2781.190 3771.180 C2694.860 3763.770 2608.540 3756.350 2522.210 3748.930 C2435.740 3743.240 2349.270 3737.550 2262.800 3731.850
line	tool	M3409.484 1721.060 L3489.174 1885.108 L3577.194 2044.959 L3656.418 2209.242
line	svg	M2006.090 4085.920 C2005.860 4088.130 2005.620 4090.350 2005.380 4092.570 C2005.220 4094.790 2005.060 4097.010 2004.890 4099.240
line	tool	M3810.460 4243.835 C3862.958 4295.866 3927.742 4285.369 3989.934 4297.740
line	svg	M2076.170 417.260 C2087.270 412.190 2098.370 407.120 2109.470 402.040 C2120.650 397.150 2131.830 392.260 2143.010 387.360
line	tool	M2571.850 3709.982 L2587.986 3676.810 L2607.002 3645.213 L2625.787 3613.490 L2641.716 3580.206
line	svg	M3467.510 477.140 C3484.810 509.870 3502.100 542.600 3519.400 575.330
line	tool	M2303.387 1425.234 C2320.887 1346.665 2355.007 1273.692 2384.592 1196.632
line	svg	M3569.880 3164.270 L3562.140 3155.210 C3559.720 3152.070 3557.290 3148.920 3554.870 3145.770
line	tool	M1282.817 2628.107 C1363.030 2651.221 1422.215 2702.579 1465.504 2779.252
line	svg	M4287.790 3341.200 C4285.640 3340.860 4283.490 3340.530 4281.330 3340.200 L4274.880 3339.120
line	tool	M3460.061 3989.159 L3231.472 3861.762 L2988.149 3766.861
line	svg	M4305.040 3228.560 C4421.970 3184.420 4509.430 3107.000 4567.410 2996.280
line	tool	M1767.163 1018.060 L1762.781 1016.459 L1758.273 1015.346
line	svg	M2932.330 2282.160 C2919.010 2291.720 2904.200 2295.690 2887.880 2294.060
line	tool	M4950.518 1915.034 L5022.023 1889.571
line	svg	M3468.760 4245.110 C3486.600 4249.000 3504.440 4252.890 3522.280 4256.770
line	tool	M877.060 1763.599 L871.474 1759.186 L865.526 1755.221 L860.240 1750.437
line	svg	M4223.130 3585.020 C4181.220 3654.540 4139.320 3724.070 4097.410 3793.590 C4050.850 3860.320 4004.300 3927.040 3957.740 3993.760
line	tool	M1885.760 3856.620 L1846.342 3884.574 L1804.881 3909.254
line	svg	M286.750 2244.990 L222.160 2352.720
line	tool	M1856.885 4207.609 L1960.568 4228.917 L2062.615 4256.251
line	svg	M1605.190 1623.050 C1583.350 1663.210 1574.700 1706.030 1579.240 1751.520
line	tool	M2620.826 788.629 L2610.270 798.896
line	svg	M1487.600 2879.290 C1493.340 2864.280 1499.730 2849.560 1506.790 2835.120
line	tool	M3141.725 3707.767 L3074.946 3869.294
line	svg	M4608.280 685.600 C4609.260 688.240 4610.240 690.890 4611.210 693.530
line	tool	M4324.647 1116.151 L4313.745 1133.934 L4302.661 1151.608
line	svg	M587.440 2755.540 C587.290 2723.540 587.150 2691.530 587.000 2659.520 C584.910 2627.530 582.830 2595.530 580.740 2563.530
line	tool	M2490.407 2275.448 L2488.407 2272.429 L2487.161 2269.028 L2485.314 2265.932
line	svg	M5066.970 2544.670 C5037.320 2713.520 4955.060 2850.860 4820.190 2956.690
line	tool	M1090.683 2719.997 C1112.685 2787.137 1164.794 2831.626 1209.773 2884.015
line	svg	M4888.870 2264.870 C4879.410 2267.220 4869.960 2269.580 4860.500 2271.930
line	tool	M3890.955 1538.599 L3894.227 1541.332 L3897.386 1544.191 L3900.342 1547.275
line	svg	M4394.910 4287.060 C4327.020 4228.660 4259.140 4170.260 4191.260 4111.850
line	tool	M395.891 1627.089 C388.056 1600.066 412.847 1580.832 416.834 1555.869
line	svg	M1275.320 1351.670 L1281.170 1343.720
line	tool	M4723.246 4222.345 L4731.975 4173.495 L4740.956 4124.704 L4755.305 4077.182 L4768.599 4029.411
line	svg	M698.850 4394.870 C670.320 4404.700 641.780 4414.530 613.250 4424.360 C585.310 4435.930 557.380 4447.510 529.450 4459.090
line	tool	M3032.579 356.912 C3052.360 355.786 3063.060 339.634 3077.215 328.172
line	svg	M4293.470 1765.770 C4325.210 1774.650 4356.950 1783.520 4388.690 1792.400
line	tool	M2886.373 2386.770 L2913.095 2424.566 L2940.274 2462.043 L2968.624 2498.700
line	svg	M3019.790 3860.760 C3015.670 3863.410 3011.470 3865.920 3007.200 3868.310
line	tool	M3371.991 2384.633 L3370.227 2386.884 L3368.496 2389.159 L3366.784 2391.448 L3365.080 2393.744
line	svg	M1696.470 768.750 L1699.110 763.410 C1699.820 761.540 1700.520 759.680 1701.230 757.810
line	tool	M4306.107 2374.821 L4786.824 2533.998
line	svg	M552.580 3696.880 C523.610 3723.840 494.650 3750.800 465.680 3777.760
line	tool	M2388.091 3374.560 L2380.033 3375.282
line	svg	M1006.810 4624.450 C1013.540 4622.640 1018.830 4618.830 1022.690 4613.010
line	tool	M1829.727 1834.700 C1829.194 1830.731 1831.260 1827.079 1832.088 1823.159
line	svg	M2902.250 1850.880 C2891.280 1853.120 2880.300 1855.370 2869.330 1857.620
line	tool	M3330.667 1058.725 C3213.616 1111.864 3213.011 1259.926 3116.209 1334.073
line	svg	M1227.790 4191.420 C1208.430 4205.840 1192.980 4223.660 1181.460 4244.870
line	tool	M4554.865 3859.203 C4561.521 3854.932 4568.643 3851.497 4575.901 3847.814
line	svg	M4596.920 2660.000 C4646.890 2623.850 4690.920 2581.530 4729.030 2533.030
line	tool	M4487.577 826.216 L4484.411 826.739 L4481.265 827.370 L4478.111 827.960 L4474.923 828.358
line	svg	M2155.790 3499.500 C2152.970 3493.750 2150.150 3488.000 2147.330 3482.240
line	tool	M4926.791 1741.899 L5009.769 1691.460
line	svg	M4377.060 3253.200 C4380.080 3251.110 4383.090 3249.020 4386.100 3246.930 C4389.000 3244.670 4391.900 3242.420 4394.800 3240.170
line	tool	M4932.274 3588.728 C4934.511 3591.860 4938.097 3592.148 4941.488 3593.084
line	svg	M2641.900 4944.450 C2649.710 4939.330 2657.510 4934.220 2665.320 4929.100 C2672.980 4923.760 2680.630 4918.430 2688.290 4913.090
line	tool	M3525.165 4162.103 C3507.031 4143.119 3479.500 4142.627 3458.203 4128.211
line	svg	M4758.080 157.710 C4750.950 144.100 4743.820 130.480 4736.690 116.870
line	tool	M1064.270 2022.989 C1070.313 2015.377 1079.651 2012.417 1088.356 2008.074
line	svg	M1849.370 295.150 C1907.140 210.570 1984.460 151.640 2081.330 118.360
line	tool	M2554.558 4042.842 L2534.282 3980.889 L2520.913 3917.105
line	svg	M2167.280 1314.680 C2132.430 1223.100 2097.590 1131.520 2062.750 1039.940
line	tool	M4066.400 1131.909 L4066.503 1127.616 L4066.417 1123.334 L4066.041 1119.068
line	svg	M3880.630 2523.370 C3882.900 2508.850 3888.600 2495.830 3897.730 2484.310
line	tool	M4212.115 4507.495 L4206.627 4505.679 L4201.077 4504.064 L4195.724 4501.808
line	svg	M2983.630 2426.000 C2993.150 2406.950 3002.670 2387.900 3012.190 2368.840
line	tool	M4613.009 3100.268 C4603.783 3113.296 4598.589 3128.124 4589.908 3141.916
line	svg	M4293.610 1868.060 C4291.830 1844.300 4288.650 1820.730 4284.080 1797.340
line	tool	M3903.193 4353.243 L4078.051 4607.689
line	svg	M2130.640 4348.260 C2132.730 4371.150 2134.820 4394.050 2136.920 4416.940
line	tool	M2763.285 4335.820 C2703.134 4318.178 2651.603 4333.821 2608.536 4388.651
line	svg	M3909.360 2634.770 C3906.620 2639.760 3905.510 2645.080 3906.050 2650.750
line	tool	M3576.210 3145.567 C3575.209 3140.731 3570.112 3139.261 3567.912 3135.239
line	svg	M263.720 3832.910 C261.670 3830.480 259.610 3828.040 257.560 3825.600 C255.300 3823.340 253.040 3821.080 250.770 3818.820
line	tool	M4890.855 2873.710 L4869.915 2775.866
line	svg	M2174.310 2197.910 C2178.340 2207.820 2182.370 2217.740 2186.400 2227.650 C2190.120 2237.690 2193.830 2247.740 2197.550 2257.780
line	tool	M3563.096 2116.792 C3548.503 2151.564 3519.705 2176.083 3491.686 2202.538
line	svg	M1299.240 3024.320 L1313.790 3024.590 C1318.630 3025.130 1323.470 3025.670 1328.310 3026.200
line	tool	M3281.698 131.634 L3248.760 141.990
line	svg	M632.110 4631.550 C634.310 4632.800 636.520 4634.050 638.720 4635.290 C640.810 4636.740 642.900 4638.200 644.990 4639.650
line	tool	M1951.346 4902.163 C1948.978 4934.707 1961.942 4961.024 1980.955 4985.841
line	svg	M2807.900 4556.890 C2820.810 4578.910 2824.580 4602.390 2819.220 4627.340
line	tool	M4580.142 2092.832 L4539.777 2128.349 L4504.236 2168.461
line	svg	M4145.760 2281.100 C4150.040 2300.730 4154.900 2320.210 4160.330 2339.550
line	tool	M1056.295 3267.447 L965.881 3299.367
line	svg	M3067.750 3405.100 C2999.990 3522.760 2903.790 3608.520 2779.140 3662.380
line	tool	M1388.376 3493.882 L1355.774 3488.999 L1323.530 3482.024 L1290.846 3477.617 L1258.594 3470.696
line	svg	M4378.840 4785.740 C4398.900 4805.960 4422.590 4820.100 4449.910 4828.140
line	tool	M2790.464 489.920 L2428.948 968.039
line	svg	M3154.890 1171.400 C3245.670 1174.690 3336.460 1177.990 3427.250 1181.280
line	tool	M3289.941 365.494 C3373.845 335.217 3461.238 347.764 3548.821 330.528
line	svg	M4119.490 1545.460 C4118.920 1540.780 4118.350 1536.110 4117.770 1531.430 C4116.860 1526.800 4115.940 1522.160 4115.020 1517.530
line	tool	M3060.283 639.564 L3048.277 656.249
line	svg	M3310.310 4617.990 C3309.960 4616.610 3309.600 4615.220 3309.250 4613.840 C3308.820 4612.480 3308.390 4611.110 3307.960 4609.750
line	tool	M3427.997 4658.661 L3447.405 4588.757 L3472.158 4520.366 L3482.580 4447.920 L3506.962 4379.424
line	svg	M4413.470 2957.190 C4437.880 2937.300 4462.290 2917.410 4486.690 2897.510
line	tool	M1112.459 3825.562 C1317.806 3761.317 1498.235 3842.622 1688.815 3899.039
line	svg	M2075.500 588.590 C2060.920 657.250 2046.340 725.900 2031.750 794.550
line	tool	M1194.010 3211.882 L1307.867 3145.128
line	svg	M709.980 3349.050 C709.250 3350.220 708.510 3351.380 707.770 3352.550 C706.960 3353.660 706.150 3354.780 705.330 3355.900
letterform	tool	M4537.648 4147.522 C4563.096 4117.668 4565.532 4093.971 4544.957 4076.433 C4539.309 4071.619 4534.729 4068.411 4531.217 4066.811 C4523.731 4062.519 4517.768 4058.482 4513.331 4054.699 C4508.086 4050.228 4505.282 4044.529 4504.918 4037.602 C4504.554 4030.674 4506.779 4024.386 4511.593 4018.738 C4523.629 4004.618 4538.120 4004.779 4555.064 4019.223 C4555.467 4019.566 4558.321 4022.347 4563.625 4027.565 C4620.702 4083.183 4647.223 4109.272 4643.188 4105.833 L4649.240 4110.992 L4798.693 4231.071 C4801.517 4233.478 4812.522 4241.814 4831.708 4256.079 C4838.507 4261.177 4844.529 4265.962 4849.774 4270.433 C4870.752 4288.315 4873.332 4306.535 4857.513 4325.093 C4854.762 4328.320 4845.186 4337.920 4828.785 4353.892 C4816.571 4365.771 4805.821 4377.156 4796.536 4388.049 C4784.500 4402.169 4776.478 4412.397 4772.470 4418.733 C4764.111 4431.808 4757.525 4441.170 4752.710 4446.818 C4739.642 4462.149 4725.847 4463.624 4711.323 4451.244 C4696.799 4438.864 4698.650 4421.983 4716.877 4400.601 L4743.700 4369.133 C4772.586 4335.244 4782.549 4309.256 4773.587 4291.169 C4766.880 4277.790 4741.741 4252.530 4698.170 4215.391 C4669.526 4190.974 4652.066 4177.136 4645.790 4173.876 C4624.659 4163.527 4605.669 4168.236 4588.818 4188.005 L4565.606 4215.236 L4554.258 4228.550 C4549.040 4233.854 4545.399 4237.716 4543.336 4240.137 L4536.630 4248.004 C4522.875 4264.141 4518.596 4276.515 4523.795 4285.126 C4525.931 4288.340 4530.428 4292.870 4537.287 4298.716 L4562.098 4319.865 C4587.514 4341.530 4607.616 4343.689 4622.403 4326.341 C4626.530 4321.500 4631.255 4314.731 4636.579 4306.034 C4641.902 4297.337 4647.143 4289.963 4652.302 4283.911 C4666.057 4267.774 4680.197 4265.895 4694.720 4278.275 C4709.244 4290.655 4709.112 4305.519 4694.325 4322.867 C4691.574 4326.094 4679.501 4337.397 4658.107 4356.775 C4639.868 4373.270 4624.730 4388.578 4612.694 4402.698 C4605.816 4410.766 4594.415 4425.776 4578.491 4447.727 C4576.143 4451.298 4571.134 4459.218 4563.462 4471.487 C4557.107 4481.394 4551.694 4488.970 4547.224 4494.214 C4534.844 4508.738 4521.392 4509.810 4506.868 4497.430 C4492.748 4485.394 4492.909 4470.904 4507.353 4453.959 C4511.136 4449.522 4517.142 4443.497 4525.372 4435.884 C4533.603 4428.272 4539.609 4422.247 4543.392 4417.809 C4558.179 4400.461 4554.075 4381.986 4531.079 4362.385 L4503.847 4339.172 C4492.147 4329.200 4483.267 4325.113 4477.206 4326.912 C4471.144 4328.711 4462.440 4336.267 4451.091 4349.581 L4419.110 4387.100 C4413.608 4393.555 4406.416 4402.401 4397.534 4413.637 C4386.589 4427.295 4379.226 4436.342 4375.443 4440.780 C4362.091 4457.261 4356.721 4470.098 4359.334 4479.291 C4361.364 4485.898 4370.650 4496.251 4387.191 4510.350 L4469.492 4580.503 C4493.294 4600.793 4512.642 4611.190 4527.536 4611.696 C4542.430 4612.201 4558.130 4602.771 4574.636 4583.406 C4579.795 4577.355 4587.144 4568.120 4596.683 4555.703 C4606.223 4543.286 4613.572 4534.052 4618.730 4528.000 C4634.205 4509.846 4649.204 4506.958 4663.728 4519.338 C4679.059 4532.406 4678.814 4548.219 4662.996 4566.777 C4656.806 4574.039 4646.945 4584.789 4633.415 4599.029 C4619.884 4613.268 4610.023 4624.019 4603.833 4631.280 C4599.019 4636.929 4592.186 4645.558 4583.334 4657.168 C4574.482 4668.778 4567.649 4677.408 4562.835 4683.056 C4546.672 4702.017 4529.312 4703.589 4510.754 4687.770 C4506.316 4683.987 4499.600 4677.565 4490.605 4668.505 C4486.108 4663.975 4477.404 4656.208 4464.494 4645.204 C4467.318 4647.611 4451.928 4633.796 4418.324 4603.758 C4384.720 4573.721 4355.411 4548.042 4330.398 4526.721 C4292.475 4494.395 4254.327 4463.968 4215.955 4435.439 C4214.341 4434.063 4212.354 4432.717 4209.992 4431.401 L4206.362 4428.306 C4189.417 4413.863 4187.135 4399.380 4199.515 4384.856 C4210.519 4371.946 4222.275 4370.821 4234.781 4381.482 C4236.799 4383.201 4241.901 4388.247 4250.089 4396.619 C4253.495 4401.613 4257.215 4405.829 4261.250 4409.267 C4281.825 4426.806 4305.008 4420.446 4330.800 4390.188 L4537.648 4147.522 Z
letterform	svg	M1651.390 2318.110 C1651.980 2316.780 1652.580 2315.450 1653.170 2314.120 C1653.930 2312.400 1655.040 2311.850 1656.520 2312.460 C1657.990 2313.060 1658.330 2314.340 1657.530 2316.280 C1655.650 2320.870 1653.740 2323.830 1651.820 2325.160 C1649.210 2326.950 1646.070 2327.090 1642.400 2325.580 C1639.030 2324.200 1637.070 2322.140 1636.520 2319.400 C1636.110 2317.410 1636.670 2314.530 1638.210 2310.780 C1640.290 2305.720 1642.360 2300.660 1644.440 2295.600 C1644.810 2294.720 1644.590 2294.110 1643.790 2293.780 C1643.110 2293.500 1642.440 2293.230 1641.760 2292.950 C1641.090 2292.670 1640.620 2292.220 1640.360 2291.600 C1640.100 2290.970 1640.100 2290.340 1640.360 2289.710 C1640.600 2289.120 1641.040 2288.690 1641.670 2288.400 C1642.300 2288.120 1642.890 2288.090 1643.440 2288.320 C1644.260 2288.660 1645.090 2288.990 1645.910 2289.330 C1646.620 2289.630 1647.150 2289.370 1647.480 2288.570 L1650.150 2282.060 C1650.810 2280.450 1651.960 2279.990 1653.600 2280.670 C1655.120 2281.290 1655.550 2282.400 1654.890 2284.000 C1653.970 2286.260 1653.040 2288.520 1652.120 2290.770 C1651.860 2291.400 1652.110 2291.880 1652.870 2292.190 C1655.160 2293.130 1657.460 2294.070 1659.760 2295.020 C1661.360 2295.680 1661.860 2296.740 1661.250 2298.220 C1660.610 2299.780 1659.430 2300.200 1657.700 2299.490 L1650.740 2296.640 C1650.150 2296.390 1649.680 2296.720 1649.310 2297.600 C1647.180 2302.790 1645.050 2307.970 1642.920 2313.160 C1641.110 2317.590 1641.650 2320.400 1644.560 2321.590 C1647.510 2322.800 1649.790 2321.640 1651.390 2318.110 Z
letterform	tool	M4122.657 4355.013 C4128.198 4355.510 4132.771 4357.045 4136.377 4359.616 C4139.983 4362.187 4143.355 4366.997 4146.491 4374.044 C4148.494 4378.538 4150.251 4381.477 4151.762 4382.861 C4153.272 4384.245 4155.086 4385.032 4157.203 4385.222 L4160.446 4385.514 C4161.347 4385.594 4161.733 4386.356 4161.603 4387.797 C4161.490 4389.058 4160.975 4389.739 4160.058 4389.838 L4147.085 4388.673 C4144.337 4388.427 4141.951 4387.441 4139.926 4385.715 C4137.902 4383.989 4135.627 4380.493 4133.103 4375.226 C4130.579 4369.959 4128.295 4366.440 4126.252 4364.667 C4124.209 4362.894 4121.768 4361.881 4118.930 4361.626 C4113.975 4361.181 4110.310 4362.055 4107.933 4364.249 C4105.557 4366.442 4104.130 4370.196 4103.653 4375.512 C4103.524 4376.953 4103.575 4378.661 4103.806 4380.634 C4103.972 4382.329 4104.006 4383.717 4103.909 4384.798 C4103.780 4386.239 4103.092 4387.449 4101.847 4388.427 C4100.601 4389.405 4099.235 4389.827 4097.748 4389.694 C4095.631 4389.504 4094.015 4388.666 4092.899 4387.181 C4091.784 4385.696 4091.329 4383.805 4091.536 4381.508 C4091.891 4377.544 4093.758 4373.318 4097.135 4368.831 C4100.512 4364.343 4104.518 4360.820 4109.152 4358.262 C4113.786 4355.704 4118.288 4354.621 4122.657 4355.013 Z M4180.354 4382.260 C4182.336 4382.438 4183.962 4383.299 4185.231 4384.843 C4186.500 4386.388 4187.048 4388.128 4186.874 4390.065 C4186.696 4392.047 4185.846 4393.674 4184.324 4394.945 C4182.802 4396.216 4181.051 4396.762 4179.069 4396.585 C4177.042 4396.403 4175.381 4395.550 4174.088 4394.026 C4172.794 4392.502 4172.236 4390.749 4172.414 4388.767 C4172.592 4386.785 4173.453 4385.160 4174.997 4383.891 C4176.542 4382.622 4178.327 4382.078 4180.354 4382.260 Z
letterform	svg	M285.270 579.200 C285.180 579.100 285.150 578.980 285.160 578.850 C285.170 578.710 285.220 578.600 285.330 578.510 C285.430 578.430 285.550 578.390 285.680 578.410 C285.810 578.420 285.920 578.480 286.010 578.580 C286.100 578.690 286.130 578.810 286.120 578.940 C286.110 579.070 286.060 579.180 285.960 579.270 C285.850 579.360 285.730 579.390 285.600 579.370 C285.460 579.360 285.350 579.300 285.270 579.200 Z M287.220 580.100 C288.090 581.150 288.960 582.190 289.840 583.240 C290.100 583.550 290.280 583.800 290.400 583.990 C290.510 584.170 290.580 584.390 290.610 584.620 C290.640 584.860 290.600 585.100 290.490 585.340 C290.390 585.580 290.220 585.800 289.990 585.990 C289.780 586.170 289.560 586.280 289.340 586.320 C289.130 586.360 288.960 586.320 288.860 586.190 C288.790 586.110 288.770 586.040 288.780 585.960 C288.790 585.880 288.830 585.810 288.890 585.770 C288.990 585.680 289.140 585.680 289.340 585.770 C289.590 585.900 289.790 585.890 289.970 585.750 C290.120 585.620 290.210 585.460 290.240 585.270 C290.270 585.070 290.240 584.890 290.130 584.710 C290.030 584.530 289.830 584.270 289.550 583.930 C288.920 583.180 288.290 582.430 287.670 581.680 C287.430 581.390 287.260 581.210 287.160 581.130 C287.060 581.060 286.970 581.030 286.890 581.050 C286.820 581.060 286.700 581.130 286.550 581.260 C286.520 581.280 286.490 581.310 286.460 581.330 C286.410 581.280 286.370 581.220 286.320 581.170 C286.710 580.780 286.980 580.440 287.140 580.170 C287.160 580.150 287.190 580.120 287.220 580.100 Z
letterform	tool	M2748.866 2770.813 L2749.014 2770.007 L2766.672 2753.303 L2758.923 2751.882 C2757.935 2751.701 2757.251 2751.642 2756.872 2751.707 C2756.493 2751.772 2755.992 2752.110 2755.369 2752.722 C2754.746 2753.333 2754.048 2754.329 2753.275 2755.711 L2752.313 2755.534 L2753.734 2749.694 L2771.572 2752.965 L2771.400 2753.901 L2753.844 2770.490 L2759.668 2771.558 C2761.558 2771.905 2762.842 2772.033 2763.522 2771.943 C2764.201 2771.852 2764.929 2771.452 2765.704 2770.743 C2766.479 2770.035 2767.331 2768.905 2768.260 2767.355 L2769.300 2767.546 L2767.432 2774.218 L2748.866 2770.813 Z
letterform	svg	M3288.290 2881.330 C3286.590 2881.380 3284.380 2881.560 3281.670 2881.850 C3281.590 2881.410 3281.510 2880.970 3281.430 2880.520 C3282.350 2880.350 3283.270 2880.170 3284.180 2879.990 C3284.520 2879.910 3284.930 2879.820 3285.410 2879.700 C3286.230 2878.480 3286.750 2877.360 3286.970 2876.330 C3287.200 2875.310 3287.200 2874.180 3286.970 2872.960 C3282.930 2873.680 3278.900 2874.400 3274.860 2875.120 C3274.960 2877.350 3274.930 2878.930 3274.760 2879.860 C3274.520 2881.080 3273.980 2882.120 3273.150 2882.980 C3272.320 2883.830 3271.070 2884.410 3269.420 2884.700 C3266.970 2885.140 3264.810 2884.800 3262.940 2883.670 C3261.080 2882.550 3259.680 2880.660 3258.750 2878.000 C3257.400 2878.260 3256.440 2878.460 3255.880 2878.600 C3255.760 2877.950 3255.640 2877.290 3255.530 2876.630 C3255.900 2876.610 3256.840 2876.470 3258.340 2876.220 C3258.170 2874.280 3258.140 2872.720 3258.240 2871.560 C3258.340 2870.390 3258.540 2869.470 3258.830 2868.780 C3258.910 2868.730 3259.000 2868.680 3259.080 2868.620 C3259.740 2868.680 3260.380 2868.690 3260.990 2868.660 C3262.160 2868.550 3263.330 2868.430 3264.500 2868.320 C3264.580 2868.720 3264.650 2869.120 3264.720 2869.520 C3263.340 2869.810 3262.130 2870.150 3261.080 2870.540 C3260.540 2871.270 3260.160 2872.060 3259.960 2872.920 C3259.760 2873.770 3259.740 2874.780 3259.910 2875.940 C3263.670 2875.270 3267.440 2874.590 3271.200 2873.920 C3271.060 2871.240 3271.120 2869.290 3271.380 2868.090 C3271.650 2866.890 3272.220 2865.890 3273.100 2865.100 C3273.980 2864.310 3275.170 2863.780 3276.650 2863.520 C3278.290 2863.230 3279.900 2863.310 3281.480 2863.780 C3283.050 2864.250 3284.360 2865.040 3285.410 2866.150 C3286.450 2867.260 3287.380 2868.840 3288.190 2870.880 C3290.220 2870.490 3291.690 2870.180 3292.590 2869.960 L3292.950 2871.970 C3292.560 2872.010 3291.110 2872.240 3288.590 2872.670 C3288.840 2874.400 3288.950 2875.910 3288.890 2877.190 C3288.840 2878.470 3288.640 2879.850 3288.290 2881.330 Z M3260.310 2877.720 C3260.690 2879.010 3261.310 2879.980 3262.160 2880.640 C3263.490 2881.660 3265.180 2881.990 3267.240 2881.630 C3268.920 2881.330 3270.060 2880.640 3270.650 2879.560 C3271.250 2878.480 3271.460 2877.210 3271.290 2875.760 C3267.630 2876.410 3263.970 2877.070 3260.310 2877.720 Z M3286.540 2871.180 C3286.310 2870.160 3285.900 2869.310 3285.310 2868.640 C3284.520 2867.720 3283.550 2867.110 3282.420 2866.800 C3281.290 2866.500 3280.140 2866.450 3278.950 2866.660 C3277.240 2866.970 3276.060 2867.740 3275.420 2868.970 C3274.960 2869.860 3274.740 2871.300 3274.750 2873.280 L3286.540 2871.180 Z
letterform	tool	M3747.375 1668.426 L3766.207 1697.770 L3752.681 1694.944 L3748.353 1715.660 L3736.678 1713.220 L3741.006 1692.504 L3708.901 1685.796 C3701.402 1684.229 3697.004 1686.554 3695.705 1692.771 C3694.733 1697.422 3695.273 1702.662 3697.324 1708.489 L3685.222 1705.960 C3683.463 1700.392 3683.199 1694.666 3684.428 1688.781 C3685.668 1682.848 3688.431 1678.275 3692.719 1675.060 C3694.021 1674.044 3695.409 1673.269 3696.882 1672.735 C3698.356 1672.201 3700.206 1671.881 3702.432 1671.777 C3704.658 1671.672 3708.737 1672.240 3714.669 1673.480 L3743.714 1679.548 L3746.094 1668.158 L3747.375 1668.426 Z
letterform	svg	M791.860 1522.120 C801.770 1563.890 811.690 1605.660 821.610 1647.430 C818.270 1648.230 814.930 1649.020 811.590 1649.810 C788.800 1655.220 768.000 1657.320 749.180 1656.120 C731.700 1654.740 714.410 1649.500 697.320 1640.420 C658.950 1619.790 634.600 1587.740 624.280 1544.270 C614.210 1501.840 620.910 1461.870 644.370 1424.350 C667.960 1386.790 701.290 1362.900 744.370 1352.680 C788.370 1342.230 829.340 1348.760 867.290 1372.260 C905.360 1395.730 929.630 1429.520 940.110 1473.650 C945.740 1497.350 946.140 1520.630 941.340 1543.490 C936.310 1565.430 925.180 1588.470 907.950 1612.620 C894.960 1604.220 881.970 1595.820 868.980 1587.430 C896.200 1554.680 905.570 1520.440 897.090 1484.690 C889.470 1452.610 872.020 1428.330 844.730 1411.850 C817.830 1395.270 788.020 1390.870 755.280 1398.640 C721.500 1406.660 696.550 1425.380 680.430 1454.790 C665.520 1482.260 661.200 1509.220 667.480 1535.670 C672.820 1558.190 685.220 1576.620 704.670 1590.960 C724.240 1605.260 744.950 1610.920 766.790 1607.950 C760.810 1582.750 754.830 1557.540 748.840 1532.330 C763.180 1528.930 777.520 1525.530 791.860 1522.120 Z
letterform	tool	M259.120 2569.029 C286.923 2610.756 316.731 2653.670 348.546 2697.770 C380.361 2741.870 412.203 2785.759 444.072 2829.434 C445.352 2821.548 446.970 2810.973 448.927 2797.710 C450.883 2784.447 453.304 2766.356 456.189 2743.438 C456.936 2737.496 457.792 2730.131 458.754 2721.342 C459.717 2712.552 460.732 2703.339 461.802 2693.701 C462.871 2684.063 463.887 2674.275 464.851 2664.336 C465.814 2654.397 466.689 2645.166 467.474 2636.642 C468.260 2628.118 468.911 2620.655 469.430 2614.253 C469.948 2607.852 470.208 2603.501 470.210 2601.202 C474.666 2602.338 479.582 2603.244 484.958 2603.920 C490.617 2604.633 495.887 2605.008 500.768 2605.048 C499.846 2607.806 498.551 2612.960 496.882 2620.511 C495.213 2628.061 493.428 2637.106 491.527 2647.645 C489.625 2658.185 487.537 2669.635 485.263 2681.995 C482.989 2694.356 480.856 2706.734 478.865 2719.130 C476.873 2731.526 474.989 2743.648 473.210 2755.496 C471.431 2767.345 469.954 2777.937 468.779 2787.274 C465.360 2814.437 462.493 2837.789 460.178 2857.330 C457.862 2876.871 456.382 2891.487 455.737 2901.178 L448.946 2900.324 C434.037 2879.477 418.094 2857.135 401.118 2833.298 C384.142 2809.460 367.272 2785.924 350.508 2762.688 C333.743 2739.452 317.827 2717.473 302.758 2696.750 C287.690 2676.027 274.467 2658.339 263.090 2643.685 L255.825 2701.406 C252.086 2731.115 248.657 2760.073 245.538 2788.279 C242.419 2816.486 240.000 2843.127 238.281 2868.205 C232.800 2866.078 228.079 2864.765 224.118 2864.266 C220.722 2863.839 216.106 2863.976 210.269 2864.679 C211.618 2858.525 213.430 2849.268 215.705 2836.908 C217.979 2824.547 220.360 2811.338 222.848 2797.280 C225.336 2783.221 227.717 2769.437 229.993 2755.927 C232.268 2742.417 233.922 2731.559 234.955 2723.354 L238.160 2697.889 C239.370 2688.269 240.564 2678.215 241.740 2667.729 C242.916 2657.242 244.101 2646.684 245.295 2636.056 C246.489 2625.428 247.594 2615.507 248.610 2606.293 C249.626 2597.080 250.561 2589.078 251.416 2582.287 L253.179 2568.281 L259.120 2569.029 Z
letterform	svg	M3527.170 4470.190 C3528.330 4470.260 3529.480 4470.320 3530.640 4470.390 C3531.240 4470.430 3531.690 4470.410 3531.970 4470.330 C3532.260 4470.260 3532.530 4470.100 3532.770 4469.850 C3532.870 4469.950 3532.980 4470.040 3533.090 4470.140 C3532.230 4471.090 3531.380 4472.050 3530.520 4473.000 C3530.420 4472.910 3530.310 4472.810 3530.200 4472.710 C3530.620 4472.240 3530.740 4471.920 3530.560 4471.760 C3530.490 4471.690 3530.230 4471.660 3529.790 4471.650 C3528.980 4471.610 3528.170 4471.570 3527.370 4471.520 C3527.470 4472.250 3527.570 4472.970 3527.670 4473.690 C3527.740 4474.220 3527.810 4474.510 3527.890 4474.580 C3528.120 4474.790 3528.470 4474.630 3528.940 4474.120 C3529.050 4474.220 3529.150 4474.310 3529.260 4474.410 C3528.560 4475.200 3527.850 4475.980 3527.150 4476.770 C3527.040 4476.670 3526.930 4476.580 3526.830 4476.480 C3527.010 4476.280 3527.160 4476.000 3527.270 4475.660 C3527.390 4475.310 3527.390 4474.740 3527.280 4473.930 C3527.160 4473.120 3527.050 4472.310 3526.940 4471.490 C3526.020 4471.440 3525.110 4471.380 3524.200 4471.330 C3523.420 4471.270 3522.880 4471.290 3522.590 4471.360 C3522.290 4471.430 3522.030 4471.590 3521.800 4471.840 C3521.700 4471.750 3521.590 4471.650 3521.480 4471.550 C3522.290 4470.650 3523.100 4469.750 3523.900 4468.850 C3524.010 4468.950 3524.120 4469.040 3524.230 4469.140 C3523.880 4469.530 3523.790 4469.800 3523.960 4469.950 C3524.040 4470.020 3524.260 4470.070 3524.620 4470.080 C3525.340 4470.110 3526.060 4470.150 3526.770 4470.190 C3526.690 4469.550 3526.600 4468.910 3526.510 4468.280 C3526.450 4467.840 3526.390 4467.590 3526.330 4467.540 C3526.080 4467.320 3525.730 4467.460 3525.270 4467.980 C3525.160 4467.880 3525.050 4467.790 3524.940 4467.690 L3526.980 4465.410 C3527.090 4465.510 3527.200 4465.610 3527.310 4465.700 C3526.910 4466.170 3526.770 4466.900 3526.890 4467.890 C3526.990 4468.660 3527.080 4469.420 3527.170 4470.190 Z
letterform	tool	M-63.522 802.097 C-51.824 783.036 -39.816 766.330 -27.500 751.980 C-15.184 737.630 -0.465 724.921 16.657 713.853 C38.464 699.756 60.537 690.023 82.875 684.654 C105.214 679.285 127.066 678.894 148.430 683.482 C169.975 687.954 190.759 697.772 210.784 712.936 C230.808 728.101 249.383 748.930 266.510 775.423 C298.432 824.804 309.918 872.320 300.969 917.969 C292.020 963.617 265.287 1000.830 220.772 1029.607 C203.470 1040.791 184.911 1049.339 165.095 1055.249 C145.278 1061.160 126.160 1065.086 107.739 1067.028 L71.215 1010.527 L73.918 1008.780 C97.223 1010.836 119.218 1009.777 139.903 1005.605 C160.588 1001.433 178.770 994.279 194.449 984.144 C223.285 965.503 239.776 941.107 243.923 910.956 C248.070 880.806 238.027 846.987 213.794 809.500 C190.260 773.095 164.017 750.387 135.066 741.376 C106.115 732.365 76.861 737.413 47.305 756.520 C37.032 763.160 27.453 771.269 18.567 780.846 C9.681 790.424 2.401 800.113 -3.273 809.914 C-8.216 818.475 -12.563 826.971 -16.313 835.400 C-20.063 843.829 -22.840 850.799 -24.644 856.310 L-27.348 858.057 L-63.522 802.097 Z
letterform	svg	M2255.960 3062.200 C2256.760 3061.110 2257.680 3060.230 2258.740 3059.570 C2259.790 3058.920 2260.910 3058.500 2262.080 3058.310 C2263.260 3058.120 2264.460 3058.180 2265.690 3058.480 C2266.920 3058.790 2268.110 3059.350 2269.240 3060.170 C2270.360 3060.980 2271.260 3061.920 2271.930 3062.990 C2272.610 3064.060 2273.040 3065.180 2273.230 3066.360 C2273.420 3067.540 2273.370 3068.730 2273.080 3069.940 C2272.790 3071.140 2272.250 3072.300 2271.460 3073.390 C2270.670 3074.490 2269.740 3075.370 2268.690 3076.020 C2267.630 3076.680 2266.510 3077.100 2265.340 3077.290 C2264.160 3077.480 2262.960 3077.420 2261.730 3077.120 C2260.500 3076.810 2259.330 3076.260 2258.210 3075.450 C2257.070 3074.630 2256.160 3073.680 2255.490 3072.610 C2254.810 3071.540 2254.380 3070.420 2254.190 3069.240 C2254.000 3068.060 2254.050 3066.870 2254.340 3065.660 C2254.630 3064.450 2255.170 3063.300 2255.960 3062.200 Z M2258.200 3063.820 C2257.620 3064.630 2257.200 3065.480 2256.940 3066.380 C2256.680 3067.280 2256.600 3068.170 2256.700 3069.040 C2256.790 3069.910 2257.070 3070.750 2257.530 3071.550 C2257.990 3072.360 2258.640 3073.070 2259.490 3073.680 C2260.340 3074.290 2261.210 3074.690 2262.110 3074.860 C2263.000 3075.040 2263.880 3075.030 2264.740 3074.850 C2265.600 3074.670 2266.410 3074.310 2267.190 3073.780 C2267.960 3073.250 2268.640 3072.590 2269.220 3071.780 C2269.810 3070.970 2270.230 3070.120 2270.480 3069.220 C2270.740 3068.320 2270.820 3067.430 2270.730 3066.560 C2270.630 3065.690 2270.360 3064.860 2269.900 3064.070 C2269.440 3063.280 2268.790 3062.590 2267.940 3061.970 C2267.090 3061.360 2266.220 3060.960 2265.320 3060.760 C2264.420 3060.570 2263.540 3060.570 2262.680 3060.750 C2261.830 3060.930 2261.010 3061.290 2260.240 3061.820 C2259.460 3062.340 2258.780 3063.010 2258.200 3063.820 Z
letterform	tool	M4048.814 3733.749 L4034.698 3723.939 L4035.350 3723.001 L4055.694 3714.790 L4053.253 3713.093 C4052.227 3712.380 4051.413 3711.841 4050.810 3711.475 C4050.208 3711.108 4049.595 3710.858 4048.972 3710.722 C4048.552 3710.622 4047.984 3710.779 4047.269 3711.191 C4046.554 3711.604 4045.746 3712.231 4044.846 3713.074 L4043.767 3712.324 L4047.491 3706.965 L4060.829 3716.234 L4060.325 3716.959 L4039.674 3725.272 C4040.090 3725.579 4040.550 3725.911 4041.053 3726.270 C4041.556 3726.628 4042.102 3727.012 4042.692 3727.422 C4043.164 3727.750 4043.660 3728.086 4044.181 3728.430 C4044.703 3728.775 4045.380 3729.203 4046.215 3729.713 C4046.703 3730.017 4047.171 3730.106 4047.617 3729.979 C4048.064 3729.852 4048.483 3729.645 4048.875 3729.358 C4049.242 3729.106 4049.727 3728.743 4050.327 3728.268 C4050.928 3727.794 4051.496 3727.323 4052.031 3726.855 L4053.092 3727.593 L4048.814 3733.749 Z
letterform	svg	M868.750 2291.450 C869.390 2290.870 870.040 2290.290 870.690 2289.700 C871.240 2290.340 871.730 2290.720 872.150 2290.870 C872.580 2291.040 873.110 2291.060 873.720 2290.940 C874.480 2290.790 875.060 2290.450 875.470 2289.920 C875.890 2289.410 876.030 2288.830 875.900 2288.190 C875.730 2287.310 874.930 2286.740 873.520 2286.460 C872.870 2286.330 872.230 2286.210 871.580 2286.080 C870.000 2285.780 868.790 2285.280 867.940 2284.560 C867.090 2283.850 866.550 2282.870 866.300 2281.630 C865.970 2279.980 866.250 2278.500 867.140 2277.200 C868.030 2275.890 869.300 2275.070 870.950 2274.740 C872.510 2274.430 873.900 2274.630 875.100 2275.360 C876.290 2276.080 877.170 2277.260 877.750 2278.890 C876.880 2279.270 876.000 2279.660 875.120 2280.040 C874.790 2279.010 874.430 2278.320 874.030 2277.980 C873.320 2277.310 872.430 2277.090 871.350 2277.300 C870.510 2277.470 869.860 2277.900 869.410 2278.580 C868.970 2279.250 868.830 2280.030 869.000 2280.900 C869.070 2281.250 869.190 2281.560 869.340 2281.830 C869.500 2282.100 869.700 2282.340 869.960 2282.550 C870.210 2282.750 870.520 2282.930 870.890 2283.070 C871.260 2283.220 871.690 2283.350 872.180 2283.450 C872.810 2283.580 873.440 2283.700 874.060 2283.830 C876.730 2284.380 878.270 2285.660 878.670 2287.660 C878.940 2289.010 878.650 2290.250 877.800 2291.360 C876.950 2292.490 875.750 2293.200 874.210 2293.510 C872.140 2293.920 870.320 2293.240 868.750 2291.450 Z
letterform	tool	M4865.037 2851.826 L4839.018 2763.883 L4852.943 2759.763 L4958.833 2803.581 L4939.151 2737.055 L4952.471 2733.114 L4977.237 2816.820 L4963.689 2820.828 L4857.219 2776.441 L4878.358 2847.885 L4865.037 2851.826 Z
letterform	svg	M1223.220 5140.940 C1238.720 5088.860 1254.220 5036.790 1269.730 4984.710 C1273.140 4985.980 1276.560 4987.260 1279.980 4988.530 C1276.650 5039.240 1283.930 5079.340 1301.810 5108.840 C1319.680 5138.330 1346.360 5159.690 1381.850 5172.900 C1411.600 5183.980 1441.300 5186.440 1470.940 5180.290 C1500.590 5174.140 1528.450 5157.100 1554.540 5129.170 C1580.630 5101.240 1602.820 5062.700 1621.130 5013.550 C1636.230 4973.000 1642.820 4935.430 1640.890 4900.830 C1638.970 4866.230 1627.900 4836.140 1607.700 4810.540 C1587.490 4784.950 1560.640 4765.910 1527.130 4753.440 C1498.040 4742.600 1470.050 4739.270 1443.150 4743.430 C1416.250 4747.600 1382.570 4763.220 1342.120 4790.320 C1339.520 4786.840 1336.930 4783.370 1334.340 4779.890 C1371.670 4748.370 1408.770 4728.930 1445.640 4721.590 C1482.510 4714.230 1521.550 4718.230 1562.760 4733.580 C1637.040 4761.240 1684.300 4810.210 1704.550 4880.490 C1719.710 4932.810 1716.940 4986.740 1696.260 5042.280 C1679.600 5087.020 1654.260 5124.390 1620.250 5154.390 C1586.240 5184.390 1547.820 5203.150 1505.000 5210.670 C1462.170 5218.180 1419.930 5214.190 1378.270 5198.670 C1345.870 5186.610 1316.870 5166.770 1291.260 5139.170 C1283.810 5130.870 1278.100 5125.980 1274.130 5124.510 C1268.180 5122.290 1262.230 5122.460 1256.260 5125.000 C1248.310 5128.820 1241.160 5135.570 1234.790 5145.240 C1230.930 5143.810 1227.080 5142.370 1223.220 5140.940 Z
letterform	tool	M3059.368 2971.234 C3059.094 2971.160 3058.746 2971.148 3058.325 2971.198 C3057.904 2971.248 3057.478 2971.316 3057.047 2971.403 C3057.104 2971.611 3057.167 2971.817 3057.236 2972.023 C3057.305 2972.228 3057.400 2972.418 3057.523 2972.593 C3057.645 2972.767 3057.800 2972.925 3057.988 2973.067 C3058.176 2973.208 3058.413 2973.318 3058.697 2973.395 C3059.056 2973.492 3059.395 2973.491 3059.717 2973.391 C3060.038 2973.292 3060.256 2973.031 3060.370 2972.609 C3060.444 2972.335 3060.388 2972.062 3060.201 2971.791 C3060.015 2971.520 3059.737 2971.334 3059.368 2971.234 Z M3056.612 2969.876 C3056.476 2969.251 3056.266 2968.724 3055.980 2968.296 C3055.694 2967.868 3055.246 2967.571 3054.634 2967.405 C3054.160 2967.276 3053.639 2967.226 3053.071 2967.253 C3052.504 2967.280 3051.967 2967.372 3051.460 2967.529 C3050.954 2967.686 3050.514 2967.898 3050.142 2968.165 C3049.770 2968.432 3049.537 2968.739 3049.442 2969.087 C3049.339 2969.466 3049.335 2969.847 3049.430 2970.229 C3049.524 2970.611 3049.668 2970.987 3049.863 2971.357 L3056.612 2969.876 Z M3050.840 2972.759 C3051.274 2973.205 3051.729 2973.552 3052.205 2973.799 C3052.681 2974.047 3053.172 2974.240 3053.678 2974.377 C3054.184 2974.514 3054.594 2974.600 3054.907 2974.634 C3055.220 2974.668 3055.472 2974.648 3055.661 2974.575 C3055.851 2974.502 3055.996 2974.374 3056.096 2974.192 C3056.196 2974.010 3056.287 2973.771 3056.367 2973.476 L3056.588 2973.536 L3055.774 2976.541 L3055.552 2976.481 C3055.626 2976.206 3055.650 2975.975 3055.621 2975.786 C3055.593 2975.598 3055.512 2975.437 3055.379 2975.305 C3055.245 2975.172 3055.058 2975.059 3054.817 2974.966 C3054.576 2974.872 3054.282 2974.778 3053.934 2974.684 C3053.502 2974.567 3053.123 2974.441 3052.797 2974.308 C3052.471 2974.174 3052.178 2974.033 3051.919 2973.883 C3051.660 2973.734 3051.422 2973.567 3051.206 2973.384 C3050.989 2973.201 3050.778 2973.008 3050.573 2972.805 C3049.993 2972.942 3049.529 2973.077 3049.182 2973.209 C3048.835 2973.341 3048.624 2973.545 3048.550 2973.819 C3048.504 2973.987 3048.515 2974.135 3048.583 2974.261 C3048.651 2974.386 3048.751 2974.496 3048.885 2974.588 C3049.018 2974.681 3049.169 2974.762 3049.337 2974.830 C3049.505 2974.898 3049.674 2974.955 3049.842 2975.001 L3049.782 2975.222 C3049.340 2975.102 3048.989 2974.945 3048.730 2974.750 C3048.472 2974.556 3048.277 2974.347 3048.145 2974.125 C3048.013 2973.902 3047.940 2973.670 3047.926 2973.429 C3047.912 2973.187 3047.932 2972.967 3047.987 2972.766 C3048.047 2972.545 3048.122 2972.362 3048.212 2972.216 C3048.302 2972.071 3048.414 2971.951 3048.547 2971.857 C3048.680 2971.763 3048.835 2971.683 3049.011 2971.618 C3049.187 2971.553 3049.392 2971.484 3049.627 2971.412 C3049.535 2971.251 3049.446 2971.057 3049.360 2970.830 C3049.275 2970.603 3049.206 2970.355 3049.154 2970.087 C3049.103 2969.818 3049.076 2969.531 3049.074 2969.225 C3049.072 2968.919 3049.115 2968.602 3049.204 2968.275 C3049.384 2967.611 3049.665 2967.087 3050.046 2966.704 C3050.427 2966.321 3050.837 2966.039 3051.277 2965.858 C3051.716 2965.677 3052.154 2965.584 3052.592 2965.578 C3053.029 2965.572 3053.390 2965.608 3053.675 2965.685 C3054.223 2965.833 3054.676 2966.061 3055.034 2966.367 C3055.393 2966.674 3055.686 2967.019 3055.916 2967.404 C3056.146 2967.789 3056.328 2968.192 3056.462 2968.613 C3056.597 2969.035 3056.714 2969.440 3056.812 2969.828 C3057.075 2969.775 3057.378 2969.733 3057.721 2969.701 C3058.063 2969.670 3058.456 2969.714 3058.899 2969.834 C3059.257 2969.931 3059.559 2970.081 3059.804 2970.283 C3060.049 2970.485 3060.244 2970.714 3060.390 2970.968 C3060.536 2971.223 3060.627 2971.493 3060.663 2971.780 C3060.698 2972.067 3060.680 2972.342 3060.609 2972.606 C3060.500 2973.007 3060.281 2973.312 3059.953 2973.523 C3059.624 2973.734 3059.191 2973.766 3058.653 2973.621 C3058.337 2973.535 3058.074 2973.410 3057.864 2973.245 C3057.653 2973.081 3057.480 2972.898 3057.342 2972.696 C3057.204 2972.495 3057.098 2972.282 3057.022 2972.058 C3056.947 2971.834 3056.885 2971.625 3056.836 2971.431 L3050.840 2972.759 Z
letterform	svg	M3039.030 602.730 C3044.080 604.250 3046.330 606.620 3045.780 609.840 C3042.600 626.680 3043.190 638.770 3047.540 646.120 C3051.890 653.470 3062.220 664.150 3078.530 678.180 C3133.600 725.190 3188.670 772.210 3243.740 819.220 C3246.440 821.510 3247.290 824.310 3246.290 827.610 C3245.240 831.100 3242.950 833.060 3239.440 833.480 C3168.080 840.440 3096.720 847.390 3025.370 854.350 C3005.340 856.140 2990.920 859.730 2982.090 865.110 C2973.260 870.500 2966.070 879.240 2960.520 891.330 C2959.190 894.310 2956.100 895.080 2951.250 893.610 C2945.820 891.970 2943.570 889.600 2944.500 886.490 C2946.910 878.530 2950.480 868.810 2955.210 857.320 C2960.250 844.860 2964.170 833.970 2966.980 824.650 C2969.850 815.140 2972.750 803.420 2975.690 789.480 C2978.150 777.090 2980.590 766.920 2982.990 758.960 C2983.930 755.850 2987.110 755.120 2992.550 756.760 C2997.400 758.220 2999.550 760.570 2999.010 763.790 C2997.040 775.910 2996.700 784.590 2997.970 789.850 C2999.250 795.100 3002.410 798.490 3007.450 800.010 C3013.470 801.830 3024.730 802.050 3041.250 800.680 C3087.300 797.210 3133.350 793.740 3179.410 790.270 C3143.110 761.740 3106.820 733.210 3070.530 704.680 C3057.730 694.460 3048.130 688.390 3041.720 686.460 C3036.670 684.930 3032.180 685.960 3028.240 689.540 C3024.300 693.110 3019.890 700.200 3015.000 710.800 C3013.670 713.780 3010.580 714.550 3005.730 713.080 C3000.290 711.440 2998.050 709.070 2998.980 705.960 C3001.440 697.810 3004.780 688.860 3008.990 679.120 C3013.020 669.960 3016.180 661.590 3018.470 654.020 C3019.640 650.140 3021.060 643.690 3022.720 634.660 C3025.000 622.210 3027.250 612.300 3029.470 604.920 C3030.410 601.820 3033.600 601.090 3039.030 602.730 Z
letterform	tool	M4640.952 2984.524 L4615.471 3007.067 C4610.301 3011.641 4606.165 3016.452 4603.061 3021.502 C4599.958 3026.552 4598.312 3032.040 4598.125 3037.966 C4597.937 3043.893 4599.462 3050.361 4602.701 3057.370 C4605.940 3064.379 4611.316 3072.131 4618.830 3080.624 C4627.325 3090.226 4635.391 3096.832 4643.029 3100.443 C4650.667 3104.054 4657.778 3105.580 4664.362 3105.022 C4670.945 3104.465 4677.092 3102.483 4682.801 3099.077 C4688.511 3095.672 4693.766 3091.845 4698.567 3087.598 C4701.890 3084.658 4705.219 3081.630 4708.554 3078.516 C4711.888 3075.402 4714.592 3072.598 4716.665 3070.105 L4640.952 2984.524 Z M4607.505 2828.963 L4576.762 2856.161 L4744.361 3045.602 L4775.104 3018.404 L4778.534 3022.282 L4725.912 3068.837 C4723.696 3070.797 4721.521 3072.804 4719.387 3074.856 C4717.253 3076.909 4715.160 3079.008 4713.108 3081.152 C4710.892 3083.113 4708.717 3085.119 4706.583 3087.172 C4704.449 3089.224 4702.274 3091.230 4700.059 3093.191 C4689.165 3102.828 4679.033 3110.723 4669.662 3116.873 C4660.291 3123.024 4649.474 3126.423 4637.209 3127.070 C4626.336 3127.802 4616.784 3126.213 4608.552 3122.304 C4600.321 3118.395 4593.755 3113.671 4588.855 3108.131 C4586.404 3105.362 4583.768 3101.358 4580.944 3096.121 C4578.121 3090.883 4576.416 3084.492 4575.830 3076.946 C4575.244 3069.400 4576.508 3060.876 4579.621 3051.374 C4582.735 3041.871 4589.075 3031.736 4598.640 3020.970 L4598.150 3020.416 C4594.869 3022.660 4590.241 3025.520 4584.265 3028.997 C4578.289 3032.474 4571.608 3035.340 4564.222 3037.595 C4556.836 3039.850 4549.172 3040.953 4541.228 3040.904 C4533.285 3040.854 4525.613 3038.508 4518.212 3033.863 C4513.837 3031.151 4509.336 3027.644 4504.709 3023.344 C4500.082 3019.044 4495.425 3014.524 4490.738 3009.784 C4486.050 3005.044 4481.526 3000.488 4477.165 2996.117 C4472.804 2991.746 4468.866 2988.318 4465.351 2985.832 C4459.996 2982.012 4454.403 2979.225 4448.572 2977.471 C4442.741 2975.717 4437.149 2977.209 4431.794 2981.946 C4429.394 2984.069 4427.310 2986.736 4425.541 2989.946 C4423.773 2993.156 4422.772 2996.675 4422.538 3000.503 L4417.350 2999.662 C4417.620 2998.107 4417.987 2996.383 4418.452 2994.490 C4418.917 2992.597 4419.746 2990.465 4420.939 2988.093 C4422.132 2985.721 4423.863 2983.120 4426.132 2980.289 C4428.401 2977.459 4431.474 2974.329 4435.352 2970.899 C4442.737 2964.365 4449.693 2959.856 4456.220 2957.374 C4462.746 2954.891 4469.080 2954.144 4475.219 2955.131 C4481.359 2956.117 4487.449 2958.629 4493.489 2962.667 C4499.529 2966.704 4505.930 2971.985 4512.692 2978.512 L4536.928 3002.000 C4545.834 3010.579 4554.051 3016.146 4561.579 3018.702 C4569.107 3021.259 4575.918 3021.981 4582.011 3020.869 C4588.105 3019.757 4593.479 3017.554 4598.134 3014.258 C4602.789 3010.963 4606.686 3007.927 4609.825 3005.150 L4637.521 2980.647 L4549.066 2880.664 L4518.323 2907.862 L4514.893 2903.984 L4604.075 2825.085 L4607.505 2828.963 Z
letterform	svg	M3793.590 1426.280 C3783.350 1427.620 3773.110 1428.950 3762.870 1430.290 C3758.840 1399.370 3754.810 1368.450 3750.790 1337.530 C3711.870 1342.590 3672.950 1347.660 3634.040 1352.730 C3638.070 1383.650 3642.090 1414.570 3646.120 1445.490 C3635.880 1446.830 3625.640 1448.160 3615.400 1449.500 C3605.660 1374.670 3595.910 1299.840 3586.160 1225.010 C3596.400 1223.670 3606.640 1222.340 3616.880 1221.010 C3621.440 1256.000 3625.990 1291.000 3630.550 1325.990 C3669.470 1320.920 3708.390 1315.850 3747.300 1310.780 C3742.740 1275.790 3738.180 1240.790 3733.630 1205.800 C3743.870 1204.460 3754.100 1203.130 3764.340 1201.800 C3774.090 1276.620 3783.840 1351.450 3793.590 1426.280 Z
letterform	tool	M261.718 4150.041 L256.604 4142.983 L213.113 4174.495 L218.227 4181.553 L217.337 4182.198 L202.871 4162.233 L203.761 4161.588 L208.506 4168.137 L228.726 4153.486 L228.265 4152.851 L194.132 4148.299 L198.924 4154.911 L198.033 4155.556 L188.497 4142.395 L189.387 4141.750 L193.211 4147.027 L222.016 4150.784 L231.680 4108.585 L228.639 4104.388 L229.529 4103.743 L242.844 4122.119 L241.954 4122.764 L237.807 4117.041 L229.247 4152.333 L229.616 4152.841 L251.997 4136.625 L247.252 4130.076 L248.142 4129.431 L262.608 4149.396 L261.718 4150.041 Z
letterform	svg	M778.270 3796.860 C780.660 3798.210 782.000 3799.980 782.280 3802.170 C782.500 3803.880 782.080 3805.670 781.020 3807.540 C779.880 3809.560 778.410 3810.960 776.620 3811.720 C774.530 3812.610 772.360 3812.420 770.130 3811.160 C768.040 3809.980 766.800 3808.360 766.380 3806.310 C766.070 3804.380 766.490 3802.400 767.630 3800.370 C768.670 3798.540 770.010 3797.230 771.660 3796.440 C773.780 3795.420 775.980 3795.570 778.270 3796.860 Z M771.280 3809.640 C772.900 3810.560 774.400 3810.640 775.780 3809.890 C777.150 3809.140 778.270 3808.010 779.120 3806.500 C780.020 3804.910 780.330 3803.390 780.050 3801.950 C779.770 3800.500 778.900 3799.370 777.460 3798.560 C776.050 3797.760 774.640 3797.600 773.210 3798.060 C771.780 3798.520 770.530 3799.690 769.470 3801.570 C768.620 3803.070 768.280 3804.550 768.460 3806.010 C768.640 3807.470 769.580 3808.680 771.280 3809.640 Z
letterform	tool	M1781.409 4411.195 L1782.053 4408.077 L1678.871 4386.763 L1672.965 4415.353 L1675.564 4415.890 C1677.678 4410.906 1680.027 4406.965 1682.613 4404.067 C1685.199 4401.168 1688.196 4399.123 1691.604 4397.930 C1695.012 4396.737 1698.988 4396.293 1703.532 4396.600 C1708.076 4396.906 1713.380 4397.685 1719.444 4398.938 L1767.526 4408.870 L1767.939 4409.497 C1762.903 4410.263 1757.023 4411.397 1750.299 4412.899 C1743.575 4414.401 1736.545 4416.291 1729.210 4418.570 C1721.874 4420.848 1714.587 4423.544 1707.350 4426.656 C1700.113 4429.768 1693.463 4433.317 1687.401 4437.304 C1681.338 4441.291 1676.218 4445.744 1672.040 4450.662 C1667.863 4455.580 1665.165 4460.985 1663.949 4466.876 C1663.018 4471.381 1663.033 4475.901 1663.993 4480.435 C1664.954 4484.969 1667.130 4489.303 1670.522 4493.436 C1673.913 4497.570 1678.566 4501.286 1684.478 4504.585 C1690.391 4507.884 1697.939 4510.482 1707.123 4512.378 C1715.613 4514.132 1723.053 4514.630 1729.442 4513.872 C1735.831 4513.115 1741.177 4511.509 1745.477 4509.055 C1749.778 4506.601 1753.154 4503.595 1755.606 4500.036 C1758.057 4496.478 1759.694 4492.706 1760.517 4488.720 C1761.197 4485.428 1760.834 4482.598 1759.426 4480.230 C1758.018 4477.861 1755.235 4476.248 1751.076 4475.389 C1747.264 4474.601 1744.236 4474.834 1741.990 4476.086 C1739.744 4477.338 1738.406 4479.004 1737.976 4481.083 C1737.511 4483.336 1737.539 4485.826 1738.059 4488.553 C1738.580 4491.280 1738.518 4494.203 1737.874 4497.322 C1736.836 4502.347 1733.786 4505.962 1728.723 4508.168 C1723.661 4510.375 1716.971 4510.619 1708.654 4508.901 C1700.337 4507.183 1694.445 4503.346 1690.978 4497.391 C1687.511 4491.435 1686.743 4483.779 1688.676 4474.423 C1690.537 4465.413 1694.216 4457.004 1699.713 4449.197 C1705.210 4441.389 1712.609 4434.652 1721.909 4428.986 C1727.273 4425.758 1732.938 4423.043 1738.902 4420.843 C1744.867 4418.642 1750.621 4416.805 1756.165 4415.330 C1761.709 4413.856 1766.712 4412.812 1771.175 4412.198 C1775.638 4411.584 1779.049 4411.250 1781.409 4411.195 Z
letterform	svg	M3296.010 3717.600 C3289.010 3720.980 3282.020 3724.370 3275.030 3727.750 C3277.490 3732.840 3279.950 3737.930 3282.410 3743.010 C3282.930 3744.070 3283.090 3744.930 3282.910 3745.590 C3282.720 3746.240 3282.300 3746.730 3281.630 3747.060 C3280.990 3747.370 3280.350 3747.390 3279.700 3747.140 C3279.060 3746.880 3278.480 3746.230 3277.960 3745.170 C3273.820 3736.600 3269.670 3728.040 3265.520 3719.470 C3265.010 3718.410 3264.850 3717.550 3265.050 3716.890 C3265.260 3716.220 3265.670 3715.730 3266.310 3715.430 C3266.980 3715.100 3267.630 3715.070 3268.260 3715.330 C3268.890 3715.600 3269.460 3716.260 3269.970 3717.320 C3270.940 3719.310 3271.900 3721.310 3272.870 3723.300 C3290.570 3714.730 3308.260 3706.170 3325.960 3697.600 C3324.990 3695.600 3324.030 3693.610 3323.060 3691.610 C3322.550 3690.550 3322.380 3689.690 3322.570 3689.040 C3322.750 3688.380 3323.180 3687.890 3323.850 3687.570 C3324.520 3687.240 3325.170 3687.210 3325.800 3687.470 C3326.430 3687.740 3327.000 3688.400 3327.510 3689.460 C3331.690 3698.080 3335.860 3706.690 3340.030 3715.310 C3342.990 3721.420 3343.600 3727.280 3341.870 3732.900 C3340.140 3738.510 3336.860 3742.490 3332.020 3744.830 C3329.160 3746.210 3326.280 3746.840 3323.370 3746.690 C3320.470 3746.550 3317.940 3745.910 3315.780 3744.780 C3312.520 3743.090 3309.740 3741.050 3307.450 3738.670 C3305.790 3736.950 3304.230 3734.570 3302.750 3731.530 C3300.510 3726.890 3298.260 3722.240 3296.010 3717.600 Z M3300.460 3715.440 C3302.750 3720.170 3305.040 3724.910 3307.330 3729.640 C3308.920 3732.930 3311.150 3735.650 3314.010 3737.820 C3316.870 3739.990 3319.680 3741.220 3322.440 3741.520 C3325.200 3741.820 3327.680 3741.440 3329.870 3740.380 C3333.360 3738.690 3335.780 3735.660 3337.120 3731.310 C3338.450 3726.960 3338.010 3722.480 3335.790 3717.890 L3328.110 3702.050 C3318.900 3706.510 3309.680 3710.980 3300.460 3715.440 Z
letterform	tool	M4169.704 704.074 L4168.356 705.559 L4169.845 707.622 L4169.426 708.084 L4167.937 706.020 L4166.150 707.989 L4167.642 710.048 L4167.219 710.514 L4165.730 708.451 L4164.892 709.374 L4164.425 708.951 L4165.346 707.938 L4163.927 705.986 L4162.677 707.363 L4162.210 706.940 L4163.546 705.469 L4162.058 703.423 L4162.486 702.952 L4163.965 705.007 L4165.769 703.021 L4164.273 700.983 L4164.700 700.513 L4166.184 702.563 L4167.023 701.640 L4167.489 702.063 L4166.561 703.085 L4167.980 705.036 L4169.238 703.651 L4169.704 704.074 Z M4167.560 705.498 L4166.155 703.551 L4164.355 705.533 L4165.765 707.476 L4167.560 705.498 Z
letterform	svg	M3981.840 2404.710 C3999.560 2401.350 4013.610 2402.220 4024.000 2407.340 C4034.400 2412.460 4041.070 2420.540 4044.030 2431.600 C4046.600 2441.220 4045.960 2450.280 4042.110 2458.760 C4038.250 2467.250 4032.160 2473.750 4023.820 2478.280 C4015.480 2482.800 4003.830 2487.070 3988.860 2491.070 L3928.860 2507.120 C3928.400 2505.390 3927.930 2503.660 3927.470 2501.930 C3929.430 2501.410 3931.380 2500.880 3933.340 2500.360 C3939.880 2498.610 3944.190 2496.570 3946.260 2494.240 C3948.340 2491.920 3949.250 2488.910 3948.990 2485.240 C3948.730 2481.560 3946.890 2473.330 3943.470 2460.540 C3936.840 2435.730 3930.200 2410.910 3923.570 2386.100 C3920.250 2373.690 3917.750 2365.780 3916.070 2362.360 C3914.390 2358.940 3912.220 2356.860 3909.570 2356.120 C3906.910 2355.380 3901.710 2356.050 3893.970 2358.120 L3891.030 2358.900 C3890.570 2357.170 3890.110 2355.440 3889.640 2353.710 C3897.970 2351.240 3906.290 2348.780 3914.620 2346.310 C3924.090 2343.450 3933.560 2340.600 3943.030 2337.740 C3984.840 2326.560 4008.960 2333.000 4015.390 2357.070 C4018.050 2366.990 4016.590 2375.920 4011.020 2383.860 C4005.440 2391.800 3995.720 2398.750 3981.840 2404.710 Z M3953.640 2409.960 C3955.540 2409.540 3957.130 2409.150 3958.400 2408.810 C3974.650 2404.470 3985.060 2398.940 3989.630 2392.240 C3994.200 2385.540 3994.960 2376.470 3991.900 2365.040 C3989.770 2357.070 3986.960 2351.220 3983.460 2347.480 C3979.960 2343.740 3975.570 2341.310 3970.270 2340.190 C3964.970 2339.070 3956.690 2340.010 3945.410 2343.030 C3942.470 2343.810 3939.500 2344.730 3936.470 2345.780 C3942.200 2367.180 3947.920 2388.570 3953.640 2409.960 Z M3955.120 2415.490 C3958.150 2426.840 3961.190 2438.200 3964.230 2449.550 C3968.110 2464.070 3970.830 2473.210 3972.410 2476.980 C3973.980 2480.750 3976.180 2483.340 3979.020 2484.760 C3981.860 2486.180 3986.660 2485.980 3993.430 2484.170 C4005.460 2480.950 4013.660 2475.450 4018.020 2467.680 C4022.390 2459.900 4022.920 2449.850 4019.630 2437.520 C4016.250 2424.880 4010.360 2416.490 4001.950 2412.330 C3993.550 2408.170 3980.770 2408.390 3963.630 2412.970 C3960.920 2413.700 3958.080 2414.540 3955.120 2415.490 Z
letterform	tool	M1161.175 643.123 C1162.051 643.782 1162.800 644.391 1163.423 644.949 C1164.046 645.508 1164.573 646.029 1165.004 646.513 C1166.170 647.868 1166.920 649.367 1167.254 651.010 C1167.921 654.136 1167.152 657.165 1164.945 660.095 C1163.083 662.569 1160.883 664.104 1158.348 664.700 C1155.736 665.317 1153.123 664.841 1150.509 663.270 L1153.747 658.969 C1154.784 659.492 1155.694 659.749 1156.475 659.741 C1158.298 659.722 1159.850 658.863 1161.130 657.163 C1163.489 654.029 1162.747 651.015 1158.903 648.121 L1156.315 646.172 C1156.773 649.181 1156.166 651.796 1154.494 654.016 C1152.594 656.540 1150.123 657.921 1147.083 658.156 C1144.008 658.386 1141.082 657.454 1138.303 655.362 C1135.601 653.328 1133.873 650.844 1133.119 647.911 C1132.337 644.778 1132.950 641.879 1134.956 639.215 C1136.713 636.881 1139.044 635.594 1141.947 635.355 L1139.854 633.779 L1143.078 629.497 L1161.175 643.123 Z M1149.288 640.614 C1147.487 639.257 1145.684 638.655 1143.880 638.808 C1142.040 638.953 1140.548 639.787 1139.401 641.310 C1138.179 642.934 1137.817 644.669 1138.315 646.515 C1138.753 648.177 1139.829 649.653 1141.542 650.942 C1143.229 652.213 1144.932 652.829 1146.650 652.791 C1148.527 652.753 1150.082 651.916 1151.314 650.279 C1152.546 648.643 1152.924 646.900 1152.448 645.050 C1152.029 643.363 1150.976 641.884 1149.288 640.614 Z
letterform	svg	M2438.450 791.560 C2444.990 787.210 2451.530 782.860 2458.070 778.500 L2522.900 875.940 C2510.690 884.700 2502.840 890.250 2499.330 892.580 C2485.720 901.630 2472.200 904.670 2458.760 901.680 C2445.320 898.690 2434.030 890.330 2424.880 876.580 C2401.520 841.460 2406.040 813.120 2438.450 791.560 Z M2501.630 872.820 C2485.480 848.540 2469.330 824.270 2453.180 799.990 C2449.910 801.520 2446.090 803.750 2441.700 806.670 C2432.390 812.870 2427.390 821.230 2426.720 831.750 C2426.040 842.270 2429.840 853.740 2438.100 866.160 C2453.440 889.210 2471.460 893.850 2492.170 880.070 C2493.410 879.250 2496.560 876.830 2501.630 872.820 Z
letterform	tool	M2903.746 2671.634 C2903.337 2671.931 2902.967 2672.179 2902.636 2672.378 C2902.305 2672.577 2902.004 2672.739 2901.732 2672.864 C2900.976 2673.195 2900.214 2673.323 2899.444 2673.248 C2897.974 2673.119 2896.742 2672.370 2895.748 2671.000 C2894.909 2669.843 2894.529 2668.665 2894.610 2667.466 C2894.691 2666.230 2895.255 2665.142 2896.301 2664.201 L2897.760 2666.212 C2897.389 2666.599 2897.153 2666.965 2897.051 2667.311 C2896.812 2668.118 2896.981 2668.919 2897.558 2669.714 C2898.621 2671.178 2900.051 2671.259 2901.848 2669.955 L2903.058 2669.077 C2901.669 2668.872 2900.598 2668.250 2899.844 2667.212 C2898.988 2666.032 2898.713 2664.755 2899.021 2663.382 C2899.336 2661.995 2900.143 2660.830 2901.442 2659.887 C2902.705 2658.970 2904.034 2658.544 2905.430 2658.609 C2906.918 2658.688 2908.114 2659.350 2909.018 2660.595 C2909.810 2661.687 2910.062 2662.889 2909.775 2664.202 L2910.754 2663.492 L2912.206 2665.494 L2903.746 2671.634 Z M2906.461 2666.729 C2907.304 2666.118 2907.813 2665.404 2907.990 2664.588 C2908.175 2663.756 2908.009 2662.985 2907.492 2662.273 C2906.941 2661.514 2906.225 2661.120 2905.343 2661.090 C2904.550 2661.058 2903.754 2661.333 2902.953 2661.914 C2902.164 2662.486 2901.662 2663.154 2901.446 2663.917 C2901.209 2664.751 2901.368 2665.550 2901.923 2666.315 C2902.478 2667.080 2903.196 2667.483 2904.076 2667.523 C2904.878 2667.566 2905.673 2667.302 2906.461 2666.729 Z
letterform	svg	M3136.770 2503.170 C3136.700 2502.980 3136.690 2502.830 3136.740 2502.720 C3136.780 2502.610 3136.860 2502.530 3136.980 2502.490 C3137.100 2502.440 3137.220 2502.440 3137.330 2502.500 C3137.440 2502.550 3137.530 2502.680 3137.600 2502.880 C3137.780 2503.340 3137.960 2503.810 3138.130 2504.270 C3138.200 2504.470 3138.220 2504.620 3138.170 2504.730 C3138.130 2504.850 3138.040 2504.930 3137.920 2504.970 C3137.810 2505.010 3137.710 2505.010 3137.600 2504.970 C3137.500 2504.930 3137.420 2504.830 3137.340 2504.670 C3137.160 2504.300 3136.840 2504.060 3136.380 2503.940 C3135.710 2503.780 3134.940 2503.860 3134.070 2504.190 C3133.160 2504.540 3132.530 2504.990 3132.160 2505.550 C3131.890 2505.970 3131.810 2506.350 3131.940 2506.690 C3132.090 2507.080 3132.440 2507.320 3132.990 2507.400 C3133.360 2507.470 3134.000 2507.380 3134.910 2507.150 C3136.080 2506.850 3136.920 2506.690 3137.420 2506.680 C3138.130 2506.670 3138.710 2506.810 3139.170 2507.090 C3139.630 2507.370 3139.940 2507.750 3140.120 2508.210 C3140.380 2508.900 3140.280 2509.640 3139.820 2510.430 C3139.360 2511.220 3138.490 2511.860 3137.200 2512.350 C3135.920 2512.830 3134.740 2512.910 3133.680 2512.560 C3133.760 2512.780 3133.800 2512.930 3133.800 2513.010 C3133.800 2513.080 3133.770 2513.150 3133.720 2513.220 C3133.670 2513.290 3133.600 2513.350 3133.520 2513.380 C3133.400 2513.420 3133.290 2513.420 3133.180 2513.360 C3133.070 2513.310 3132.980 2513.180 3132.910 2512.990 C3132.700 2512.430 3132.490 2511.870 3132.270 2511.310 C3132.200 2511.120 3132.190 2510.970 3132.230 2510.860 C3132.270 2510.740 3132.350 2510.660 3132.480 2510.620 C3132.590 2510.570 3132.710 2510.580 3132.820 2510.630 C3132.930 2510.680 3133.010 2510.770 3133.060 2510.910 C3133.170 2511.200 3133.340 2511.420 3133.570 2511.570 C3133.910 2511.790 3134.370 2511.910 3134.940 2511.930 C3135.510 2511.940 3136.150 2511.820 3136.870 2511.550 C3137.920 2511.150 3138.640 2510.650 3139.010 2510.060 C3139.370 2509.470 3139.470 2508.960 3139.310 2508.520 C3139.120 2508.020 3138.700 2507.710 3138.070 2507.610 C3137.420 2507.500 3136.570 2507.590 3135.530 2507.870 C3134.480 2508.150 3133.700 2508.290 3133.200 2508.290 C3132.700 2508.280 3132.260 2508.160 3131.890 2507.920 C3131.510 2507.680 3131.260 2507.360 3131.110 2506.970 C3130.850 2506.280 3130.980 2505.600 3131.510 2504.930 C3132.040 2504.260 3132.770 2503.740 3133.720 2503.390 C3134.850 2502.960 3135.860 2502.890 3136.770 2503.170 Z
letterform	tool	M2470.931 3042.819 L2332.568 2883.238 L2354.374 2864.331 C2359.207 2869.015 2364.470 2874.195 2370.162 2879.870 C2375.855 2885.546 2381.081 2889.793 2385.840 2892.612 C2393.170 2897.060 2400.602 2898.623 2408.136 2897.299 C2415.670 2895.976 2423.402 2891.877 2431.331 2885.001 L2598.842 2739.763 C2621.969 2719.711 2635.084 2698.790 2638.186 2677.001 C2641.287 2655.212 2636.058 2636.499 2622.499 2620.860 C2612.377 2609.186 2601.298 2600.079 2589.260 2593.538 C2577.223 2586.998 2565.314 2582.275 2553.535 2579.369 C2542.167 2576.493 2531.702 2575.438 2522.141 2576.204 C2512.580 2576.969 2505.178 2577.889 2499.935 2578.962 L2312.601 2741.388 C2305.112 2747.882 2300.281 2754.771 2298.109 2762.056 C2295.937 2769.341 2296.203 2777.213 2298.907 2785.672 C2300.715 2792.208 2303.408 2798.651 2306.985 2805.002 C2310.563 2811.354 2314.614 2817.584 2319.139 2823.693 L2297.333 2842.599 L2158.970 2683.018 L2180.776 2664.112 C2185.609 2668.796 2190.585 2673.645 2195.705 2678.660 C2200.824 2683.674 2205.763 2687.591 2210.523 2690.410 C2217.852 2694.858 2225.284 2696.421 2232.818 2695.097 C2240.353 2693.774 2248.084 2689.675 2256.014 2682.799 L2457.225 2508.342 C2464.714 2501.848 2470.212 2494.283 2473.721 2485.647 C2477.229 2477.010 2478.483 2468.110 2477.482 2458.945 C2476.497 2452.468 2474.127 2445.841 2470.373 2439.064 C2466.619 2432.287 2462.098 2425.403 2456.809 2418.413 L2478.285 2399.793 L2579.514 2501.861 L2578.899 2510.497 L2532.974 2550.315 L2534.407 2551.967 C2544.276 2552.670 2556.338 2553.788 2570.592 2555.319 C2584.846 2556.851 2597.342 2559.136 2608.079 2562.174 C2620.431 2565.740 2633.239 2571.612 2646.503 2579.790 C2659.767 2587.968 2672.511 2599.105 2684.733 2613.202 C2711.852 2644.479 2722.206 2676.113 2715.794 2708.102 C2709.383 2740.092 2689.988 2770.124 2657.609 2798.197 L2488.116 2945.154 C2480.407 2951.839 2475.331 2958.555 2472.887 2965.304 C2470.443 2972.054 2470.668 2979.768 2473.563 2988.447 C2475.944 2995.643 2478.365 3001.551 2480.826 3006.169 C2483.287 3010.788 2487.258 3016.702 2492.737 3023.912 L2470.931 3042.819 Z
letterform	svg	M750.240 1195.400 C745.880 1202.280 741.530 1209.160 737.170 1216.040 L864.370 1296.590 L877.450 1275.950 C878.310 1276.490 879.180 1277.040 880.050 1277.590 C867.410 1297.550 854.770 1317.520 842.130 1337.480 C841.260 1336.930 840.400 1336.380 839.530 1335.830 C843.880 1328.950 848.240 1322.070 852.600 1315.190 C832.330 1302.350 812.060 1289.510 791.790 1276.680 C778.710 1297.320 765.640 1317.960 752.570 1338.610 C772.840 1351.440 793.110 1364.280 813.390 1377.110 C817.740 1370.230 822.100 1363.350 826.460 1356.470 C827.320 1357.020 828.190 1357.570 829.060 1358.120 L791.140 1418.000 C790.270 1417.450 789.410 1416.900 788.540 1416.350 C792.900 1409.470 797.250 1402.590 801.610 1395.710 C759.210 1368.860 716.810 1342.010 674.410 1315.170 L661.330 1335.810 C660.470 1335.260 659.600 1334.710 658.730 1334.160 L696.650 1274.280 C697.520 1274.830 698.380 1275.380 699.250 1275.930 C694.900 1282.810 690.540 1289.690 686.180 1296.570 C707.440 1310.030 728.710 1323.500 749.970 1336.960 C763.040 1316.320 776.110 1295.670 789.180 1275.030 C767.920 1261.570 746.660 1248.100 725.390 1234.640 C721.040 1241.520 716.680 1248.400 712.320 1255.280 C711.460 1254.730 710.590 1254.180 709.720 1253.630 L747.640 1193.750 C748.510 1194.300 749.370 1194.850 750.240 1195.400 Z
letterform	tool	M3734.391 1186.443 L3751.095 1178.364 L3752.785 1179.838 L3747.617 1182.233 L3743.561 1194.440 L3741.845 1192.944 L3745.034 1183.461 L3736.048 1187.888 L3734.391 1186.443 Z
letterform	svg	M249.170 3529.380 C249.450 3528.620 249.740 3527.870 250.030 3527.120 C254.200 3528.010 256.700 3529.760 257.500 3532.360 C257.770 3532.310 258.310 3532.370 259.120 3532.540 C261.330 3533.010 262.880 3534.240 263.760 3536.230 C264.640 3538.220 264.790 3540.560 264.210 3543.260 C263.670 3545.790 262.590 3547.770 260.950 3549.210 C259.320 3550.650 257.420 3551.140 255.250 3550.670 C252.820 3550.150 251.120 3548.970 250.160 3547.120 C249.200 3545.280 249.020 3542.950 249.620 3540.140 C250.480 3536.110 252.280 3533.610 255.000 3532.620 C254.410 3531.160 253.080 3530.210 251.030 3529.770 L249.170 3529.380 Z M255.710 3548.520 C257.190 3548.840 258.450 3548.470 259.480 3547.430 C260.520 3546.380 261.250 3544.810 261.700 3542.720 C262.130 3540.710 262.090 3538.950 261.590 3537.430 C261.080 3535.910 260.110 3535.000 258.660 3534.690 C257.020 3534.340 255.640 3534.700 254.520 3535.770 C253.400 3536.830 252.600 3538.470 252.130 3540.680 C251.170 3545.190 252.360 3547.810 255.710 3548.520 Z
letterform	tool	M2524.201 3254.018 C2524.282 3257.584 2523.105 3260.650 2520.669 3263.216 C2518.234 3265.782 2515.282 3267.104 2511.816 3267.183 C2508.316 3267.263 2505.299 3266.076 2502.766 3263.623 C2500.233 3261.170 2498.925 3258.161 2498.844 3254.595 C2498.763 3251.029 2499.932 3247.972 2502.352 3245.423 C2504.771 3242.874 2507.731 3241.559 2511.231 3241.479 C2514.730 3241.400 2517.747 3242.578 2520.280 3245.015 C2522.813 3247.451 2524.120 3250.452 2524.201 3254.018 Z M2521.230 3254.086 C2521.167 3251.345 2520.165 3249.039 2518.223 3247.167 C2516.281 3245.296 2513.973 3244.390 2511.298 3244.451 C2508.624 3244.512 2506.359 3245.521 2504.504 3247.480 C2502.650 3249.438 2501.753 3251.787 2501.816 3254.527 C2501.878 3257.268 2502.880 3259.574 2504.822 3261.446 C2506.764 3263.317 2509.073 3264.223 2511.747 3264.162 C2514.421 3264.101 2516.686 3263.092 2518.541 3261.133 C2520.396 3259.175 2521.292 3256.826 2521.230 3254.086 Z M2538.000 3268.123 L2499.755 3281.530 C2499.295 3281.673 2498.950 3281.747 2498.719 3281.752 C2498.356 3281.760 2498.031 3281.619 2497.743 3281.328 C2497.456 3281.037 2497.308 3280.694 2497.298 3280.298 C2497.291 3279.967 2497.399 3279.635 2497.623 3279.299 C2497.783 3279.097 2498.158 3278.891 2498.748 3278.679 L2536.994 3265.272 C2537.453 3265.129 2537.814 3265.055 2538.079 3265.049 C2538.409 3265.042 2538.718 3265.183 2539.005 3265.474 C2539.292 3265.765 2539.441 3266.108 2539.450 3266.504 C2539.457 3266.835 2539.349 3267.167 2539.125 3267.503 C2538.965 3267.705 2538.590 3267.911 2538.000 3268.123 Z M2537.908 3292.405 C2537.990 3295.971 2536.812 3299.029 2534.376 3301.578 C2531.940 3304.128 2528.972 3305.442 2525.472 3305.522 C2522.006 3305.601 2518.997 3304.414 2516.448 3301.961 C2513.898 3299.509 2512.582 3296.516 2512.502 3292.983 C2512.421 3289.418 2513.590 3286.352 2516.009 3283.786 C2518.428 3281.221 2521.388 3279.898 2524.887 3279.818 C2528.387 3279.739 2531.412 3280.925 2533.962 3283.378 C2536.512 3285.830 2537.827 3288.839 2537.908 3292.405 Z M2534.887 3292.474 C2534.824 3289.700 2533.822 3287.386 2531.880 3285.531 C2529.939 3283.676 2527.631 3282.778 2524.956 3282.839 C2522.282 3282.900 2520.017 3283.910 2518.162 3285.868 C2516.307 3287.826 2515.411 3290.175 2515.474 3292.916 C2515.535 3295.623 2516.537 3297.921 2518.480 3299.809 C2520.422 3301.698 2522.730 3302.611 2525.405 3302.550 C2528.079 3302.489 2530.344 3301.480 2532.199 3299.522 C2534.054 3297.564 2534.950 3295.214 2534.887 3292.474 Z
letterform	svg	M4891.240 4884.030 C4891.420 4884.130 4891.700 4884.260 4892.060 4884.420 C4892.420 4884.580 4892.700 4884.710 4892.910 4884.830 C4899.540 4888.380 4903.130 4893.580 4903.680 4900.430 C4904.220 4907.280 4901.720 4915.880 4896.170 4926.220 C4890.610 4936.590 4884.830 4943.450 4878.820 4946.780 C4872.820 4950.120 4866.470 4949.990 4859.790 4946.410 C4853.080 4942.810 4849.450 4937.590 4848.900 4930.740 C4848.360 4923.890 4850.870 4915.280 4856.430 4904.910 C4860.610 4897.110 4864.890 4891.320 4869.260 4887.530 C4873.630 4883.750 4878.170 4881.890 4882.880 4881.950 C4881.580 4878.010 4880.270 4874.070 4878.970 4870.130 C4881.690 4869.870 4884.400 4869.620 4887.110 4869.370 C4888.490 4874.260 4889.860 4879.140 4891.240 4884.030 Z M4864.820 4909.410 C4860.140 4918.140 4857.700 4924.850 4857.480 4929.550 C4857.270 4934.250 4859.200 4937.690 4863.290 4939.880 C4867.340 4942.060 4871.270 4941.760 4875.070 4938.980 C4878.860 4936.200 4883.100 4930.450 4887.780 4921.720 C4892.440 4913.020 4894.880 4906.320 4895.100 4901.620 C4895.310 4896.920 4893.390 4893.480 4889.330 4891.310 C4885.250 4889.120 4881.310 4889.400 4877.520 4892.170 C4873.740 4894.940 4869.500 4900.680 4864.820 4909.410 Z
letterform	tool	M1976.256 3159.148 C1971.887 3158.114 1968.750 3155.778 1966.843 3152.141 C1964.936 3148.504 1964.584 3144.148 1965.786 3139.073 C1966.988 3133.997 1969.266 3130.264 1972.622 3127.874 C1975.978 3125.483 1979.882 3124.815 1984.334 3125.869 C1988.868 3126.942 1992.096 3129.267 1994.018 3132.841 C1995.939 3136.415 1996.299 3140.740 1995.097 3145.816 C1993.896 3150.891 1991.578 3154.648 1988.145 3157.086 C1984.712 3159.525 1980.749 3160.212 1976.256 3159.148 Z M1983.483 3130.017 C1980.571 3129.327 1978.041 3129.805 1975.895 3131.449 C1973.748 3133.094 1972.148 3135.768 1971.095 3139.473 L1970.903 3140.284 C1969.977 3144.195 1970.072 3147.458 1971.188 3150.073 C1972.304 3152.688 1974.340 3154.345 1977.293 3155.044 C1980.330 3155.763 1982.976 3155.214 1985.229 3153.397 C1987.483 3151.581 1989.077 3148.696 1990.013 3144.744 C1991.983 3136.423 1989.807 3131.514 1983.483 3130.017 Z
letterform	svg	M281.270 4717.280 C286.130 4716.210 292.400 4714.510 300.070 4712.200 C300.530 4713.430 301.000 4714.660 301.470 4715.890 C298.920 4716.900 296.370 4717.920 293.820 4718.930 C292.880 4719.330 291.750 4719.820 290.430 4720.420 C288.750 4724.370 287.860 4727.890 287.750 4730.970 C287.650 4734.060 288.270 4737.300 289.600 4740.700 C300.850 4736.440 312.090 4732.180 323.340 4727.920 C321.830 4721.540 321.070 4716.960 321.070 4714.190 C321.090 4710.540 322.080 4707.260 324.020 4704.350 C325.960 4701.430 329.230 4699.100 333.840 4697.350 C340.670 4694.760 347.080 4694.580 353.060 4696.810 C359.040 4699.050 364.100 4703.740 368.220 4710.900 C371.980 4709.430 374.630 4708.340 376.180 4707.620 C376.870 4709.440 377.560 4711.270 378.260 4713.100 C377.180 4713.370 374.540 4714.280 370.360 4715.820 C371.900 4721.330 372.840 4725.790 373.180 4729.200 C373.520 4732.620 373.460 4735.390 372.990 4737.520 C372.770 4737.720 372.550 4737.920 372.330 4738.110 C370.400 4738.300 368.560 4738.610 366.820 4739.040 C363.500 4740.010 360.190 4740.970 356.870 4741.930 C356.450 4740.820 356.030 4739.700 355.610 4738.590 C359.410 4737.010 362.720 4735.370 365.530 4733.670 C366.710 4731.270 367.360 4728.780 367.480 4726.220 C367.600 4723.650 367.110 4720.730 366.010 4717.470 C355.520 4721.450 345.020 4725.420 334.530 4729.400 C336.390 4737.060 337.270 4742.690 337.160 4746.300 C337.050 4749.910 335.940 4753.090 333.820 4755.850 C331.710 4758.600 328.580 4760.760 324.450 4762.330 C319.880 4764.060 315.200 4764.680 310.400 4764.180 C305.590 4763.680 301.390 4762.120 297.780 4759.490 C294.170 4756.860 290.640 4752.810 287.210 4747.340 C281.560 4749.570 277.490 4751.250 275.010 4752.370 C274.300 4750.500 273.590 4748.640 272.880 4746.770 C273.990 4746.440 278.050 4744.990 285.070 4742.420 C283.410 4737.550 282.300 4733.260 281.760 4729.530 C281.210 4725.810 281.040 4721.730 281.270 4717.280 Z M363.870 4712.550 C362.090 4709.050 359.790 4706.580 356.970 4705.150 C352.580 4702.910 347.520 4702.870 341.800 4705.040 C337.110 4706.810 334.200 4709.420 333.070 4712.850 C331.930 4716.270 332.010 4720.040 333.290 4724.140 C343.480 4720.280 353.680 4716.420 363.870 4712.550 Z M291.800 4745.600 C293.000 4748.410 294.640 4750.630 296.710 4752.260 C299.500 4754.470 302.610 4755.710 306.030 4755.980 C309.450 4756.260 312.810 4755.770 316.110 4754.520 C320.870 4752.710 323.860 4749.850 325.060 4745.940 C325.900 4743.130 325.760 4738.860 324.640 4733.150 C313.690 4737.300 302.750 4741.450 291.800 4745.600 Z
letterform	tool	M4648.917 1754.094 L4632.715 1734.759 L4634.783 1733.026 C4636.156 1734.585 4637.384 1735.746 4638.467 1736.506 C4639.551 1737.267 4640.364 1737.420 4640.908 1736.964 C4641.199 1736.720 4641.614 1735.993 4642.152 1734.782 C4642.690 1733.571 4643.230 1732.144 4643.770 1730.501 C4644.362 1728.684 4645.050 1726.538 4645.835 1724.063 C4646.619 1721.588 4647.339 1719.184 4647.994 1716.851 C4644.311 1717.029 4639.971 1717.361 4634.975 1717.847 C4629.979 1718.332 4627.200 1718.811 4626.637 1719.282 C4625.996 1719.819 4625.774 1720.510 4625.969 1721.354 C4626.164 1722.198 4627.069 1723.662 4628.683 1725.746 L4626.615 1727.479 L4613.683 1712.045 L4615.751 1710.313 C4616.212 1710.785 4616.826 1711.370 4617.592 1712.066 C4618.357 1712.763 4619.078 1713.258 4619.753 1713.552 C4621.142 1714.106 4622.409 1714.424 4623.552 1714.507 C4624.695 1714.590 4625.954 1714.584 4627.329 1714.489 C4630.079 1714.300 4633.543 1714.107 4637.722 1713.909 C4641.902 1713.711 4645.666 1713.481 4649.015 1713.219 C4649.722 1710.710 4650.610 1707.521 4651.679 1703.651 C4652.749 1699.781 4653.900 1695.644 4655.133 1691.240 C4655.657 1689.381 4655.972 1688.002 4656.078 1687.103 C4656.184 1686.204 4656.088 1685.203 4655.790 1684.098 C4655.613 1683.453 4655.242 1682.665 4654.677 1681.734 C4654.112 1680.803 4653.645 1680.079 4653.278 1679.561 L4655.345 1677.829 L4671.376 1696.960 L4669.309 1698.693 C4668.326 1697.599 4667.206 1696.548 4665.946 1695.538 C4664.687 1694.528 4663.805 1694.234 4663.300 1694.657 C4662.931 1694.966 4662.489 1695.750 4661.974 1697.008 C4661.458 1698.266 4660.953 1699.664 4660.458 1701.202 C4659.940 1702.793 4659.371 1704.558 4658.750 1706.499 C4658.129 1708.440 4657.460 1710.736 4656.740 1713.388 C4661.549 1713.093 4665.814 1712.740 4669.535 1712.331 C4673.257 1711.923 4675.477 1711.417 4676.195 1710.815 C4676.817 1710.295 4676.968 1709.548 4676.649 1708.576 C4676.330 1707.604 4675.486 1706.222 4674.116 1704.429 L4676.183 1702.697 L4689.091 1718.101 L4687.023 1719.833 C4686.597 1719.364 4685.992 1718.790 4685.207 1718.109 C4684.422 1717.429 4683.693 1716.924 4683.021 1716.595 C4681.690 1715.992 4680.535 1715.679 4679.558 1715.656 C4678.580 1715.632 4677.207 1715.651 4675.440 1715.711 C4672.139 1715.833 4669.061 1715.975 4666.206 1716.137 C4663.352 1716.299 4659.890 1716.515 4655.821 1716.786 C4654.909 1720.193 4653.847 1724.032 4652.634 1728.303 C4651.422 1732.574 4650.266 1736.657 4649.168 1740.551 C4648.798 1741.885 4648.546 1743.269 4648.410 1744.705 C4648.275 1746.140 4648.265 1747.222 4648.380 1747.952 C4648.499 1748.645 4648.854 1749.414 4649.444 1750.257 C4650.035 1751.100 4650.549 1751.802 4650.985 1752.361 L4648.917 1754.094 Z
letterform	svg	M3028.440 4192.670 C3028.200 4192.600 3027.950 4192.520 3027.710 4192.450 C3027.720 4192.180 3027.700 4191.840 3027.630 4191.440 C3027.570 4191.040 3027.490 4190.650 3027.380 4190.270 C3027.260 4189.880 3027.110 4189.530 3026.940 4189.210 C3026.760 4188.890 3026.560 4188.680 3026.330 4188.570 C3026.120 4188.480 3025.850 4188.370 3025.520 4188.260 C3025.200 4188.140 3024.890 4188.040 3024.610 4187.960 C3024.400 4187.900 3024.190 4187.840 3023.990 4187.770 C3022.780 4191.800 3021.570 4195.820 3020.360 4199.840 C3020.290 4200.070 3020.280 4200.300 3020.320 4200.530 C3020.360 4200.750 3020.490 4200.960 3020.700 4201.140 C3020.820 4201.220 3021.060 4201.370 3021.450 4201.580 C3021.830 4201.790 3022.130 4201.930 3022.360 4202.000 C3022.280 4202.260 3022.200 4202.510 3022.130 4202.760 C3019.750 4202.050 3017.380 4201.330 3015.010 4200.620 C3015.080 4200.370 3015.160 4200.120 3015.230 4199.860 C3015.440 4199.910 3015.750 4199.970 3016.170 4200.050 C3016.590 4200.130 3016.880 4200.160 3017.060 4200.150 C3017.320 4200.120 3017.530 4200.040 3017.700 4199.900 C3017.860 4199.760 3017.980 4199.550 3018.070 4199.260 C3019.290 4195.200 3020.510 4191.150 3021.720 4187.090 C3021.520 4187.030 3021.310 4186.970 3021.110 4186.910 C3020.890 4186.840 3020.610 4186.770 3020.280 4186.680 C3019.960 4186.590 3019.640 4186.520 3019.330 4186.470 C3019.090 4186.420 3018.800 4186.490 3018.470 4186.670 C3018.150 4186.840 3017.830 4187.060 3017.520 4187.310 C3017.210 4187.570 3016.920 4187.850 3016.650 4188.160 C3016.380 4188.470 3016.180 4188.730 3016.040 4188.940 C3015.800 4188.870 3015.550 4188.800 3015.300 4188.720 C3015.710 4187.360 3016.120 4185.990 3016.530 4184.630 C3020.910 4185.940 3025.290 4187.260 3029.670 4188.580 C3029.260 4189.940 3028.850 4191.310 3028.440 4192.670 Z
letterform	tool	M3792.813 1035.572 L3690.011 1183.579 C3717.687 1178.069 3741.714 1182.392 3762.092 1196.545 C3785.568 1212.851 3799.028 1235.184 3802.471 1263.545 C3805.998 1291.787 3798.739 1318.897 3780.695 1344.875 C3762.072 1371.688 3738.811 1388.391 3710.914 1394.983 C3683.218 1401.538 3657.454 1396.539 3633.620 1379.985 C3613.481 1365.997 3600.866 1345.752 3595.777 1319.252 L3583.113 1337.485 L3542.894 1309.550 L3752.593 1007.637 L3792.813 1035.572 Z M3738.341 1318.107 C3749.928 1301.424 3754.836 1284.693 3753.063 1267.916 C3751.336 1250.817 3743.561 1237.467 3729.738 1227.866 C3714.961 1217.602 3699.324 1214.426 3682.828 1218.338 C3666.534 1222.213 3652.676 1232.373 3641.253 1248.818 C3629.500 1265.740 3624.634 1282.411 3626.655 1298.831 C3628.511 1315.489 3636.827 1328.950 3651.604 1339.214 C3665.547 1348.898 3680.707 1351.743 3697.084 1347.748 C3713.663 1343.718 3727.415 1333.837 3738.341 1318.107 Z
letterform	svg	M1171.180 4066.420 C1176.250 4062.740 1180.740 4059.250 1184.670 4055.950 C1188.600 4052.650 1191.600 4049.360 1193.670 4046.070 C1195.740 4042.780 1196.710 4039.400 1196.570 4035.930 C1196.430 4032.460 1194.910 4028.730 1192.010 4024.730 C1189.040 4020.640 1185.770 4017.990 1182.220 4016.780 C1178.660 4015.570 1175.000 4015.300 1171.230 4015.950 C1167.470 4016.600 1163.700 4017.920 1159.940 4019.910 C1156.180 4021.900 1152.690 4024.060 1149.480 4026.400 C1145.680 4029.150 1142.440 4031.620 1139.770 4033.780 C1137.110 4035.940 1134.840 4037.990 1132.980 4039.940 C1131.120 4041.890 1129.660 4043.770 1128.600 4045.580 C1127.530 4047.390 1126.670 4049.280 1126.020 4051.250 C1125.130 4054.120 1124.900 4057.190 1125.340 4060.440 C1125.770 4063.700 1127.290 4067.130 1129.910 4070.740 C1132.390 4074.140 1135.100 4076.450 1138.060 4077.650 C1141.010 4078.850 1144.200 4079.140 1147.610 4078.520 C1151.030 4077.900 1154.690 4076.540 1158.600 4074.440 C1162.510 4072.350 1166.700 4069.670 1171.180 4066.420 Z M1225.140 3988.620 C1222.410 3984.870 1219.690 3981.120 1216.970 3977.370 C1199.970 3989.720 1182.980 4002.060 1165.980 4014.410 C1166.050 4014.500 1166.130 4014.600 1166.200 4014.700 C1167.380 4014.280 1169.060 4013.880 1171.230 4013.490 C1173.410 4013.100 1175.780 4013.090 1178.350 4013.460 C1180.920 4013.820 1183.600 4014.740 1186.380 4016.220 C1189.160 4017.690 1191.760 4020.080 1194.160 4023.400 C1197.270 4027.680 1199.300 4032.420 1200.250 4037.610 C1201.190 4042.800 1201.160 4047.990 1200.170 4053.170 C1199.180 4058.360 1197.280 4063.270 1194.470 4067.910 C1191.670 4072.550 1188.030 4076.500 1183.550 4079.750 C1179.170 4082.940 1174.380 4085.150 1169.180 4086.400 C1163.990 4087.640 1158.880 4087.930 1153.850 4087.260 C1148.830 4086.600 1144.080 4085.070 1139.590 4082.670 C1135.100 4080.280 1131.330 4076.990 1128.290 4072.810 C1124.400 4067.450 1122.550 4062.140 1122.740 4056.870 C1122.930 4051.600 1124.580 4046.710 1127.710 4042.210 L1127.500 4041.910 C1123.410 4044.890 1119.320 4047.860 1115.230 4050.830 C1109.530 4042.990 1103.840 4035.150 1098.140 4027.310 C1098.820 4026.810 1099.510 4026.320 1100.190 4025.820 C1102.910 4029.570 1105.630 4033.320 1108.360 4037.070 C1141.520 4012.980 1174.680 3988.900 1207.840 3964.810 C1205.120 3961.060 1202.390 3957.310 1199.670 3953.560 C1200.350 3953.070 1201.030 3952.570 1201.720 3952.070 C1210.210 3963.760 1218.690 3975.450 1227.180 3987.130 C1226.500 3987.630 1225.820 3988.130 1225.140 3988.620 Z
letterform	tool	M1425.025 526.795 L1449.388 533.087 L1448.834 535.233 C1445.400 534.635 1442.723 534.738 1440.803 535.541 C1438.884 536.345 1435.429 539.382 1430.438 544.652 C1425.447 549.922 1420.135 554.676 1414.503 558.914 C1416.906 563.825 1419.254 567.432 1421.547 569.736 C1423.839 572.040 1426.358 573.546 1429.104 574.255 C1431.772 574.944 1434.222 574.804 1436.453 573.833 C1438.683 572.862 1440.550 571.065 1442.053 568.442 L1443.794 570.562 C1440.955 575.645 1437.616 579.073 1433.776 580.845 C1429.935 582.617 1425.908 582.959 1421.693 581.870 C1418.521 581.051 1415.524 579.360 1412.701 576.795 C1409.878 574.230 1407.062 570.399 1404.253 565.301 C1398.359 568.316 1393.276 570.149 1389.004 570.799 C1384.732 571.449 1380.411 571.210 1376.041 570.081 C1369.660 568.433 1365.033 565.423 1362.161 561.052 C1359.289 556.680 1358.462 552.135 1359.680 547.417 C1360.888 542.738 1363.776 538.503 1368.344 534.711 C1372.912 530.920 1380.481 527.729 1391.050 525.137 C1390.271 520.646 1389.885 517.030 1389.892 514.288 C1389.899 511.547 1390.207 508.996 1390.816 506.637 C1392.523 500.025 1396.263 495.607 1402.034 493.385 C1406.523 491.657 1411.185 491.417 1416.019 492.665 C1420.621 493.853 1424.020 496.185 1426.216 499.661 C1428.412 503.136 1428.996 506.865 1427.968 510.848 C1426.909 514.948 1424.578 518.182 1420.976 520.552 C1417.373 522.921 1411.540 525.024 1403.475 526.861 C1406.130 536.869 1409.186 546.197 1412.646 554.846 C1421.549 548.482 1426.720 542.516 1428.158 536.947 C1428.617 535.168 1428.447 533.433 1427.646 531.741 C1427.065 530.477 1426.006 529.544 1424.471 528.941 L1425.025 526.795 Z M1402.477 522.581 C1407.861 521.538 1412.117 519.873 1415.245 517.587 C1418.372 515.301 1420.395 512.379 1421.314 508.821 C1422.033 506.036 1421.766 503.513 1420.515 501.251 C1419.263 498.989 1417.361 497.529 1414.809 496.870 C1411.445 496.001 1408.600 496.514 1406.275 498.409 C1403.950 500.304 1402.498 502.373 1401.918 504.616 C1401.429 506.511 1401.211 508.714 1401.264 511.223 C1401.317 513.732 1401.722 517.518 1402.477 522.581 Z M1402.105 561.157 C1398.798 552.878 1396.573 546.879 1395.430 543.160 C1394.286 539.441 1393.149 534.899 1392.019 529.533 C1386.689 531.003 1382.440 533.041 1379.272 535.646 C1376.103 538.252 1374.034 541.430 1373.066 545.181 C1371.997 549.319 1372.393 553.299 1374.252 557.120 C1376.111 560.942 1379.303 563.437 1383.828 564.605 C1386.264 565.234 1388.738 565.358 1391.250 564.975 C1393.762 564.592 1397.381 563.320 1402.105 561.157 Z
letterform	svg	M3099.000 2458.710 C3112.750 2457.690 3126.490 2456.670 3140.240 2455.650 C3143.180 2441.500 3146.130 2427.350 3149.070 2413.190 C3134.660 2414.270 3120.260 2415.340 3105.850 2416.410 C3105.340 2409.620 3104.840 2402.830 3104.330 2396.040 C3120.670 2394.820 3137.010 2393.610 3153.350 2392.390 C3157.740 2371.480 3162.120 2350.560 3166.500 2329.640 C3172.630 2329.180 3178.760 2328.730 3184.890 2328.270 C3180.500 2349.190 3176.120 2370.110 3171.740 2391.030 C3183.710 2390.140 3195.690 2389.250 3207.670 2388.360 C3212.050 2367.440 3216.440 2346.520 3220.820 2325.600 C3226.950 2325.150 3233.080 2324.690 3239.210 2324.230 C3234.820 2345.150 3230.440 2366.070 3226.050 2386.990 C3237.860 2386.110 3249.680 2385.230 3261.490 2384.360 C3261.990 2391.150 3262.500 2397.940 3263.000 2404.730 C3249.260 2405.750 3235.510 2406.770 3221.770 2407.790 C3218.770 2421.950 3215.770 2436.100 3212.770 2450.260 C3227.230 2449.180 3241.700 2448.110 3256.160 2447.030 C3256.660 2453.820 3257.170 2460.610 3257.670 2467.400 C3241.330 2468.620 3224.990 2469.830 3208.660 2471.040 C3204.340 2491.460 3200.030 2511.870 3195.720 2532.290 C3189.600 2532.740 3183.470 2533.200 3177.340 2533.650 C3181.650 2513.240 3185.960 2492.820 3190.270 2472.410 C3178.290 2473.300 3166.310 2474.190 3154.340 2475.080 C3150.020 2495.500 3145.710 2515.910 3141.400 2536.320 C3135.280 2536.780 3129.150 2537.230 3123.020 2537.690 C3127.330 2517.280 3131.640 2496.860 3135.950 2476.450 C3124.140 2477.330 3112.330 2478.200 3100.510 2479.080 C3100.010 2472.290 3099.510 2465.500 3099.000 2458.710 Z M3157.980 2454.660 C3170.240 2453.750 3182.490 2452.840 3194.750 2451.930 C3197.780 2437.550 3200.820 2423.170 3203.860 2408.790 C3191.660 2409.690 3179.460 2410.600 3167.260 2411.510 C3164.170 2425.890 3161.070 2440.280 3157.980 2454.660 Z
letterform	tool	M1689.615 1871.422 C1688.912 1873.474 1687.609 1875.113 1685.704 1876.338 C1683.799 1877.564 1681.664 1877.878 1679.298 1877.282 C1676.567 1876.594 1674.677 1875.079 1673.629 1872.738 C1672.581 1870.396 1672.409 1867.828 1673.114 1865.034 C1673.834 1862.175 1675.256 1860.001 1677.380 1858.509 C1679.504 1857.018 1681.796 1856.583 1684.257 1857.203 C1686.385 1857.740 1688.031 1858.881 1689.195 1860.626 C1690.360 1862.372 1690.868 1864.510 1690.720 1867.040 C1691.705 1865.210 1693.061 1863.851 1694.788 1862.961 C1696.515 1862.070 1698.332 1861.865 1700.237 1862.346 C1702.571 1862.934 1704.259 1864.263 1705.299 1866.332 C1706.340 1868.401 1706.536 1870.722 1705.888 1873.294 C1705.287 1875.676 1704.037 1877.603 1702.138 1879.075 C1700.239 1880.547 1698.090 1880.980 1695.693 1880.376 C1693.787 1879.896 1692.291 1878.898 1691.203 1877.383 C1690.116 1875.867 1689.587 1873.880 1689.615 1871.422 Z M1699.771 1866.205 C1697.183 1865.553 1695.137 1865.480 1693.632 1865.988 C1692.128 1866.495 1691.166 1867.582 1690.746 1869.250 C1690.285 1871.076 1690.556 1872.596 1691.559 1873.812 C1692.561 1875.027 1694.285 1875.943 1696.731 1876.559 C1698.954 1877.120 1700.764 1877.073 1702.161 1876.421 C1703.558 1875.768 1704.467 1874.608 1704.887 1872.941 C1705.260 1871.464 1705.040 1870.108 1704.228 1868.874 C1703.416 1867.639 1701.931 1866.749 1699.771 1866.205 Z M1683.570 1861.235 C1681.776 1860.783 1680.317 1860.592 1679.193 1860.664 C1678.069 1860.735 1677.046 1861.157 1676.125 1861.930 C1675.204 1862.702 1674.568 1863.787 1674.216 1865.185 C1673.767 1866.963 1673.903 1868.568 1674.623 1869.999 C1675.343 1871.430 1677.212 1872.526 1680.229 1873.286 C1683.262 1874.051 1685.466 1873.982 1686.842 1873.079 C1688.218 1872.176 1689.138 1870.804 1689.602 1868.962 C1690.095 1867.009 1689.792 1865.379 1688.694 1864.072 C1687.597 1862.765 1685.889 1861.819 1683.570 1861.235 Z
letterform	svg	M2086.440 5060.670 C2078.280 5052.000 2070.120 5043.340 2061.950 5034.670 C2069.660 5027.420 2077.360 5020.160 2085.060 5012.910 C2068.280 5014.180 2053.750 5012.470 2041.480 5007.770 C2029.210 5003.070 2018.110 4995.450 2008.190 4984.910 C1986.420 4961.800 1979.770 4938.610 1988.250 4915.320 C1992.870 4902.560 2003.380 4888.440 2019.800 4872.980 C2054.610 4840.180 2089.420 4807.390 2124.230 4774.600 C2132.960 4783.870 2141.700 4793.140 2150.430 4802.410 L2047.830 4899.070 C2037.900 4908.430 2031.280 4917.440 2027.960 4926.110 C2022.410 4940.520 2025.650 4954.110 2037.680 4966.880 C2043.790 4973.360 2049.460 4978.060 2054.690 4980.980 C2063.990 4986.380 2074.650 4988.760 2086.690 4988.140 C2096.350 4987.640 2104.690 4985.370 2111.710 4981.350 C2118.720 4977.320 2127.550 4970.300 2138.190 4960.280 C2166.620 4933.500 2195.040 4906.720 2223.470 4879.940 L2249.240 4907.300 C2194.980 4958.420 2140.710 5009.550 2086.440 5060.670 Z
letterform	tool	M2250.509 4249.736 C2251.151 4250.076 2251.773 4250.211 2252.376 4250.139 C2253.342 4250.023 2254.133 4249.478 2254.749 4248.502 C2255.365 4247.526 2255.598 4246.412 2255.449 4245.159 L2254.397 4236.349 L2257.123 4236.023 L2258.958 4251.390 L2256.232 4251.716 L2255.939 4249.262 C2255.162 4251.208 2253.793 4252.298 2251.832 4252.532 C2251.344 4252.590 2250.631 4252.588 2249.692 4252.526 L2250.509 4249.736 Z
letterform	svg	M483.400 1093.660 C487.340 1092.980 491.280 1092.290 495.210 1091.600 C495.430 1092.040 495.650 1092.470 495.870 1092.910 C495.400 1093.210 495.180 1093.580 495.200 1094.020 C495.220 1094.460 495.630 1095.470 496.440 1097.060 C499.690 1103.480 502.940 1109.900 506.200 1116.320 C490.380 1118.740 474.570 1121.160 458.760 1123.590 C453.550 1124.390 450.330 1124.620 449.090 1124.300 C447.860 1123.980 447.040 1123.420 446.630 1122.630 C445.880 1121.140 446.270 1120.010 447.810 1119.230 C448.730 1118.760 451.020 1118.470 454.700 1118.350 C455.660 1118.340 456.510 1118.290 457.250 1118.230 C471.390 1117.340 485.520 1116.460 499.650 1115.570 C496.970 1110.280 494.290 1104.990 491.600 1099.700 C490.520 1097.560 489.830 1096.310 489.530 1095.930 C489.230 1095.560 488.760 1095.300 488.110 1095.160 C487.460 1095.020 486.180 1095.080 484.250 1095.340 C483.970 1094.780 483.690 1094.220 483.400 1093.660 Z
letterform	tool	M3047.711 4093.815 L3047.731 4092.846 C3049.473 4091.748 3050.838 4090.848 3051.827 4090.146 C3054.121 4088.501 3057.225 4086.219 3061.137 4083.302 C3061.628 4082.936 3062.914 4081.881 3064.994 4080.137 L3060.394 4078.934 C3059.759 4078.768 3058.731 4078.542 3057.309 4078.255 C3056.439 4078.070 3055.900 4077.999 3055.691 4078.043 C3055.588 4078.059 3055.498 4078.106 3055.421 4078.185 C3055.327 4078.273 3055.150 4078.573 3054.889 4079.084 L3053.891 4081.280 L3052.781 4080.990 C3053.511 4078.737 3053.909 4077.486 3053.974 4077.234 C3054.057 4076.917 3054.160 4076.471 3054.282 4075.895 L3054.477 4075.798 C3059.357 4077.173 3063.284 4078.250 3066.259 4079.027 C3067.686 4079.401 3068.961 4079.685 3070.082 4079.879 L3069.808 4080.930 C3068.663 4081.633 3066.611 4083.109 3063.650 4085.357 C3057.990 4089.611 3054.421 4092.350 3052.943 4093.573 L3054.331 4093.936 C3055.441 4094.227 3057.011 4094.609 3059.041 4095.083 C3061.071 4095.558 3062.568 4095.815 3063.532 4095.855 C3063.840 4095.865 3064.036 4095.846 3064.119 4095.797 C3064.182 4095.771 3064.251 4095.697 3064.325 4095.575 C3064.807 4094.812 3065.351 4093.760 3065.955 4092.421 L3067.184 4092.743 C3066.582 4094.238 3066.219 4095.139 3066.096 4095.445 C3066.018 4095.637 3065.705 4096.537 3065.158 4098.145 C3064.353 4098.089 3063.369 4097.910 3062.205 4097.606 L3053.641 4095.197 L3047.711 4093.815 Z
letterform	svg	M2201.620 1423.200 C2216.550 1423.670 2231.470 1424.140 2246.400 1424.610 C2246.230 1430.020 2246.060 1435.440 2245.890 1440.850 L2171.490 1438.510 C2171.510 1438.120 2171.520 1437.730 2171.530 1437.330 C2173.970 1434.630 2176.420 1431.930 2178.860 1429.220 C2190.340 1415.880 2199.500 1404.550 2206.340 1395.210 C2213.170 1385.880 2217.660 1378.810 2219.810 1373.990 C2221.950 1369.170 2223.100 1364.380 2223.250 1359.610 C2223.460 1352.990 2221.740 1347.610 2218.110 1343.480 C2214.480 1339.350 2209.550 1337.190 2203.320 1337.000 C2198.610 1336.850 2193.920 1338.090 2189.260 1340.720 C2184.600 1343.360 2180.370 1347.140 2176.570 1352.080 C2176.790 1344.950 2177.010 1337.830 2177.240 1330.700 C2186.620 1323.530 2196.160 1320.090 2205.860 1320.400 C2216.130 1320.720 2224.480 1324.410 2230.910 1331.460 C2237.350 1338.510 2240.400 1347.310 2240.070 1357.860 C2239.920 1362.570 2238.930 1367.580 2237.110 1372.890 C2235.290 1378.200 2232.160 1384.270 2227.730 1391.130 C2223.310 1397.980 2215.860 1407.280 2205.380 1419.020 C2204.130 1420.420 2202.880 1421.810 2201.620 1423.200 Z
letterform	tool	M2463.424 4410.902 C2441.201 4367.543 2436.892 4321.401 2450.496 4272.474 C2464.101 4223.548 2491.051 4188.758 2531.346 4168.106 C2553.732 4156.632 2577.826 4150.234 2603.630 4148.911 C2621.386 4148.142 2635.801 4144.919 2646.876 4139.242 C2664.550 4130.184 2672.349 4116.665 2670.275 4098.686 C2670.004 4095.254 2672.225 4092.330 2676.938 4089.915 C2683.065 4086.775 2687.094 4087.090 2689.026 4090.860 C2697.286 4111.620 2708.542 4135.903 2722.793 4163.709 L2899.426 4508.338 C2909.209 4527.425 2918.026 4538.676 2925.876 4542.091 C2933.726 4545.507 2946.203 4543.872 2963.308 4537.188 C2967.078 4535.256 2970.413 4537.118 2973.311 4542.773 C2976.693 4549.371 2976.499 4553.636 2972.728 4555.569 C2936.339 4587.906 2912.932 4615.673 2902.505 4638.870 C2900.419 4643.509 2898.199 4646.433 2895.842 4647.641 C2889.244 4651.022 2884.979 4650.828 2883.047 4647.058 C2860.488 4593.755 2841.238 4551.551 2825.295 4520.446 L2771.128 4414.760 C2760.330 4448.263 2738.908 4473.228 2706.860 4489.653 C2659.024 4514.170 2612.833 4519.546 2568.287 4505.779 C2523.741 4492.013 2488.786 4460.387 2463.424 4410.902 Z M2533.021 4371.660 C2555.243 4415.019 2581.236 4444.543 2610.998 4460.233 C2640.761 4475.924 2671.195 4475.798 2702.300 4459.856 C2719.030 4451.281 2732.118 4436.614 2741.562 4415.854 C2751.007 4395.095 2752.529 4378.471 2746.127 4365.982 L2662.431 4202.681 C2656.030 4190.192 2640.053 4182.387 2614.502 4179.267 C2588.950 4176.147 2568.045 4178.753 2551.785 4187.087 C2523.508 4201.580 2507.937 4225.479 2505.072 4258.785 C2502.207 4292.091 2511.523 4329.716 2533.021 4371.660 Z
letterform	svg	M4085.470 422.580 C4084.910 422.750 4084.360 422.920 4083.810 423.090 C4083.120 420.440 4082.500 418.200 4081.940 416.370 C4081.550 415.080 4080.810 412.770 4079.730 409.450 C4078.640 406.130 4077.920 403.880 4077.560 402.710 C4077.180 401.450 4076.850 400.300 4076.550 399.250 C4076.260 398.200 4076.020 397.240 4075.840 396.380 C4077.430 396.360 4080.130 395.850 4083.920 394.830 C4084.080 395.370 4084.250 395.910 4084.410 396.450 C4082.380 397.240 4080.840 397.940 4079.800 398.560 C4079.760 399.550 4079.870 400.730 4080.130 402.090 C4080.380 403.450 4080.770 405.000 4081.300 406.740 C4081.830 408.480 4082.480 410.250 4083.250 412.050 C4084.210 411.870 4085.110 411.670 4085.930 411.460 C4086.400 411.340 4088.380 410.780 4091.880 409.790 C4093.790 409.210 4095.710 408.630 4097.620 408.050 C4097.080 406.110 4096.590 404.390 4096.140 402.910 C4095.480 400.720 4094.830 399.010 4094.210 397.770 C4093.970 397.290 4093.730 397.010 4093.490 396.930 C4093.250 396.840 4092.470 396.900 4091.160 397.110 C4090.610 397.210 4090.050 397.300 4089.500 397.390 C4089.330 396.850 4089.170 396.310 4089.000 395.760 C4090.980 395.230 4092.970 394.690 4094.950 394.160 C4097.040 393.450 4099.130 392.750 4101.220 392.050 C4101.390 392.590 4101.550 393.140 4101.720 393.680 C4101.190 393.910 4100.650 394.130 4100.120 394.360 C4098.300 395.120 4097.330 395.570 4097.220 395.690 C4097.020 395.910 4096.940 396.290 4096.980 396.840 C4097.050 397.890 4097.620 400.150 4098.670 403.610 C4099.040 404.830 4099.460 406.080 4099.920 407.350 C4101.660 406.820 4103.400 406.290 4105.140 405.770 C4107.480 405.050 4109.750 404.320 4111.950 403.580 C4113.580 403.050 4114.520 402.640 4114.770 402.340 C4115.020 402.050 4115.150 401.660 4115.160 401.170 C4115.170 400.670 4114.880 399.410 4114.300 397.360 C4114.850 397.200 4115.400 397.030 4115.950 396.860 C4116.480 399.090 4117.070 401.290 4117.730 403.460 C4118.320 405.410 4119.260 408.230 4120.530 411.930 C4119.980 412.090 4119.430 412.260 4118.880 412.430 C4118.230 410.410 4117.760 409.190 4117.480 408.790 C4117.190 408.390 4116.900 408.140 4116.590 408.040 C4116.180 407.940 4115.300 408.070 4113.960 408.420 C4113.590 408.510 4111.140 409.220 4106.590 410.550 C4102.600 411.760 4098.610 412.970 4094.630 414.180 C4092.280 414.890 4090.000 415.620 4087.780 416.350 C4086.160 416.900 4085.220 417.320 4084.980 417.610 C4084.740 417.900 4084.620 418.280 4084.600 418.770 C4084.590 419.250 4084.880 420.520 4085.470 422.580 Z
letterform	tool	M213.876 86.999 L217.617 85.468 C218.162 85.240 218.456 85.105 218.498 85.063 C218.692 84.870 218.578 84.555 218.158 84.118 L218.425 83.851 L220.092 85.523 L219.825 85.789 C219.555 85.541 219.297 85.420 219.052 85.426 C218.806 85.431 218.380 85.559 217.773 85.810 L210.546 88.793 C209.858 89.078 209.348 89.231 209.018 89.252 C208.687 89.272 208.429 89.190 208.244 89.004 C207.993 88.753 207.982 88.513 208.210 88.285 C208.473 88.023 208.897 88.002 209.480 88.223 C209.820 88.355 210.066 88.424 210.219 88.430 C210.371 88.436 210.583 88.381 210.854 88.265 L212.437 87.589 L214.485 81.980 C214.663 81.485 214.745 81.141 214.729 80.948 C214.714 80.755 214.581 80.532 214.330 80.281 L214.597 80.015 L216.774 82.197 L216.507 82.463 C216.114 82.092 215.843 81.979 215.696 82.126 C215.638 82.184 215.524 82.449 215.353 82.920 L213.876 86.999 Z
letterform	svg	M1725.080 724.260 C1745.750 721.530 1769.990 717.060 1797.810 710.870 C1785.780 705.450 1776.760 699.200 1770.750 692.120 C1764.750 685.040 1760.340 675.420 1757.520 663.240 C1751.870 638.880 1755.910 617.540 1769.630 599.220 C1783.350 580.900 1804.330 568.470 1832.580 561.920 C1863.520 554.750 1889.940 556.650 1911.860 567.610 C1933.770 578.570 1947.720 596.960 1953.710 622.770 C1959.520 647.860 1954.350 668.180 1938.190 683.730 C1945.030 681.120 1948.810 679.730 1949.540 679.560 C1958.310 677.530 1963.680 680.770 1965.660 689.300 C1967.640 697.820 1962.530 703.490 1950.360 706.320 C1946.950 707.110 1944.360 707.580 1942.600 707.730 C1937.000 709.030 1931.000 710.290 1924.610 711.510 L1896.230 716.940 C1883.870 719.540 1871.520 722.150 1859.160 724.760 C1826.700 732.540 1794.240 740.320 1761.780 748.090 C1752.830 750.430 1746.950 752.750 1744.150 755.070 C1741.350 757.390 1740.400 760.490 1741.310 764.390 C1741.480 765.120 1742.700 768.170 1744.970 773.550 C1746.080 776.120 1746.860 778.370 1747.310 780.320 C1749.230 788.600 1746.290 793.650 1738.500 795.450 C1730.460 797.310 1725.310 793.380 1723.050 783.630 C1722.380 780.710 1721.930 778.250 1721.730 776.240 C1721.410 773.230 1721.100 770.230 1720.790 767.220 C1720.370 763.210 1719.880 759.990 1719.320 757.550 C1718.700 754.870 1717.400 751.200 1715.420 746.520 C1713.440 741.850 1712.160 738.290 1711.600 735.860 C1710.360 730.500 1713.140 727.030 1719.960 725.450 C1721.670 725.050 1723.370 724.660 1725.080 724.260 Z M1831.110 700.080 C1839.300 699.970 1850.460 698.290 1864.590 695.010 C1888.700 689.420 1904.810 683.640 1912.920 677.650 C1928.950 665.980 1934.510 649.550 1929.590 628.360 C1925.700 611.560 1915.970 599.760 1900.410 592.970 C1884.850 586.180 1865.870 585.390 1843.460 590.580 C1820.570 595.890 1803.690 604.740 1792.830 617.130 C1781.980 629.530 1778.440 643.890 1782.220 660.210 C1784.870 671.650 1790.870 681.170 1800.200 688.760 C1809.530 696.350 1819.830 700.120 1831.110 700.080 Z
letterform	tool	M3318.790 1226.094 L3281.091 1244.997 L3265.769 1214.441 C3259.269 1201.477 3255.765 1189.453 3255.256 1178.369 C3254.747 1167.285 3257.329 1153.534 3263.001 1137.116 L3272.004 1110.502 C3276.292 1098.585 3278.531 1088.937 3278.721 1081.558 C3278.912 1074.179 3277.382 1067.249 3274.132 1060.767 C3268.228 1048.995 3259.121 1041.643 3246.808 1038.712 C3234.496 1035.781 3221.131 1037.930 3206.712 1045.160 C3196.395 1050.334 3186.493 1058.154 3177.009 1068.620 C3167.524 1079.087 3158.555 1092.068 3150.102 1107.563 L3131.398 1070.261 C3140.052 1056.486 3149.766 1044.579 3160.542 1034.541 C3171.317 1024.503 3183.583 1016.035 3197.340 1009.137 C3221.944 996.800 3244.738 993.317 3265.723 998.686 C3286.707 1004.056 3302.539 1017.389 3313.217 1038.686 C3318.258 1048.739 3320.735 1059.209 3320.648 1070.095 C3320.561 1080.982 3317.352 1095.627 3311.020 1114.031 L3302.115 1139.851 C3297.365 1153.158 3295.127 1163.219 3295.399 1170.035 C3295.672 1176.851 3297.831 1184.293 3301.877 1192.363 L3306.553 1201.688 L3318.790 1226.094 Z M3294.327 1274.861 L3334.606 1254.664 L3359.877 1305.063 L3319.598 1325.259 L3294.327 1274.861 Z
letterform	svg	M204.620 3458.540 C201.280 3460.190 197.930 3461.850 194.580 3463.500 C184.290 3459.000 173.990 3454.510 163.690 3450.010 C160.060 3451.800 156.430 3453.600 152.800 3455.400 C156.610 3463.110 160.420 3470.810 164.240 3478.520 C161.660 3479.790 159.080 3481.070 156.510 3482.350 C146.910 3462.960 137.320 3443.580 127.730 3424.190 C133.160 3421.510 138.590 3418.820 144.020 3416.130 C147.530 3414.390 150.570 3413.170 153.140 3412.470 C155.710 3411.760 158.220 3411.530 160.680 3411.780 C163.440 3412.060 165.920 3412.920 168.100 3414.350 C170.280 3415.780 172.140 3418.050 173.670 3421.150 C175.750 3425.340 176.430 3429.370 175.720 3433.240 C175.010 3437.110 173.160 3440.670 170.170 3443.930 C181.650 3448.800 193.140 3453.670 204.620 3458.540 Z M165.860 3425.700 C165.040 3424.030 164.010 3422.700 162.790 3421.700 C161.570 3420.700 160.060 3420.090 158.270 3419.880 C156.770 3419.670 155.180 3419.800 153.500 3420.260 C151.810 3420.730 149.930 3421.470 147.850 3422.500 C144.820 3424.000 141.780 3425.500 138.750 3427.000 C142.370 3434.320 145.990 3441.640 149.610 3448.950 C152.210 3447.670 154.820 3446.380 157.420 3445.090 C159.870 3443.880 161.900 3442.610 163.510 3441.270 C165.120 3439.940 166.270 3438.380 166.970 3436.570 C167.600 3434.900 167.840 3433.220 167.700 3431.520 C167.560 3429.820 166.940 3427.880 165.860 3425.700 Z
letterform	tool	M1134.340 2126.526 L1114.732 2212.564 L1107.346 2210.881 C1108.590 2205.425 1108.530 2201.386 1107.167 2198.766 C1105.805 2196.145 1103.593 2194.486 1100.532 2193.789 C1097.338 2193.061 1091.883 2194.268 1084.168 2197.409 C1081.705 2198.388 1077.877 2199.826 1072.685 2201.722 L1048.967 2209.967 L1066.316 2229.670 C1077.308 2242.254 1084.534 2248.940 1087.994 2249.729 C1090.788 2250.366 1093.409 2249.773 1095.854 2247.950 C1098.299 2246.128 1100.098 2242.688 1101.250 2237.631 L1108.636 2239.314 L1094.534 2301.197 L1087.148 2299.514 C1088.235 2292.902 1087.727 2286.837 1085.625 2281.318 C1082.586 2273.766 1074.770 2262.605 1062.176 2247.835 L1034.526 2215.285 L958.677 2245.878 C940.026 2253.387 928.525 2259.166 924.173 2263.214 C919.820 2267.261 916.580 2273.033 914.452 2280.528 L907.266 2278.890 L926.918 2192.652 L934.105 2194.290 C932.740 2200.279 933.009 2205.240 934.913 2209.174 C936.200 2212.127 938.374 2213.952 941.435 2214.650 C944.495 2215.347 953.185 2212.848 967.502 2207.151 L1012.725 2189.318 L980.286 2151.057 C970.238 2139.247 964.082 2133.085 961.820 2132.569 C958.626 2131.841 955.390 2132.679 952.113 2135.082 C948.835 2137.485 946.381 2141.650 944.750 2147.578 L937.564 2145.940 L951.166 2086.253 L958.352 2087.891 C957.926 2092.833 958.634 2097.404 960.477 2101.604 C963.184 2107.541 971.091 2118.302 984.198 2133.889 L1026.368 2183.817 L1084.589 2160.547 C1101.206 2153.974 1111.958 2148.410 1116.846 2143.854 C1121.735 2139.298 1125.104 2132.961 1126.954 2124.843 L1134.340 2126.526 Z
letterform	svg	M4183.000 -28.930 C4206.390 -22.800 4229.780 -16.680 4253.170 -10.550 C4249.670 2.820 4246.170 16.180 4242.670 29.550 C4219.280 23.420 4195.890 17.300 4172.500 11.170 C4176.000 -2.190 4179.500 -15.560 4183.000 -28.930 Z M4350.280 13.150 C4336.200 66.940 4322.110 120.730 4308.020 174.520 C4306.330 180.990 4303.820 185.290 4300.500 187.410 C4297.180 189.540 4293.470 190.060 4289.380 188.990 C4285.500 187.980 4282.620 185.780 4280.740 182.410 C4278.850 179.030 4278.790 174.010 4280.540 167.320 C4297.000 104.480 4313.450 41.640 4329.910 -21.200 L4629.040 57.130 C4652.100 63.170 4670.160 72.970 4683.200 86.520 C4696.240 100.070 4705.120 117.600 4709.850 139.110 C4713.090 154.020 4712.340 170.520 4707.600 188.630 C4700.060 217.410 4692.520 246.190 4684.990 274.980 C4683.290 281.440 4680.840 285.750 4677.620 287.900 C4674.410 290.060 4670.760 290.600 4666.660 289.530 C4662.560 288.450 4659.590 286.180 4657.740 282.690 C4655.880 279.210 4655.800 274.240 4657.500 267.780 C4665.080 239.240 4672.670 210.700 4680.260 182.160 C4686.310 159.090 4683.640 138.470 4672.280 120.290 C4660.910 102.110 4644.130 90.110 4621.920 84.290 C4531.380 60.580 4440.830 36.870 4350.280 13.150 Z
letterform	tool	M3562.812 4919.047 L3560.629 4916.024 L3560.841 4915.891 C3561.714 4916.659 3562.543 4917.087 3563.327 4917.174 C3564.111 4917.262 3564.871 4917.076 3565.606 4916.617 C3566.222 4916.232 3566.681 4915.728 3566.983 4915.105 C3567.285 4914.481 3567.365 4913.738 3567.223 4912.875 C3567.080 4912.013 3566.691 4911.072 3566.055 4910.055 C3565.531 4909.215 3564.941 4908.571 3564.287 4908.123 C3563.633 4907.675 3562.933 4907.456 3562.187 4907.465 C3561.441 4907.474 3560.721 4907.696 3560.027 4908.129 C3559.425 4908.505 3558.974 4908.966 3558.674 4909.512 C3558.374 4910.058 3558.187 4910.887 3558.114 4911.999 L3557.816 4911.994 C3557.766 4910.877 3557.931 4909.933 3558.312 4909.162 C3558.694 4908.391 3559.311 4907.739 3560.164 4907.206 C3561.702 4906.245 3563.250 4906.072 3564.807 4906.685 C3565.967 4907.140 3566.906 4907.943 3567.625 4909.093 C3568.203 4910.020 3568.527 4911.001 3568.597 4912.036 C3568.666 4913.071 3568.470 4914.030 3568.009 4914.911 C3567.547 4915.792 3566.885 4916.503 3566.023 4917.041 C3565.352 4917.461 3564.588 4917.710 3563.730 4917.789 C3563.475 4917.808 3563.307 4917.843 3563.225 4917.895 C3563.102 4917.972 3563.022 4918.082 3562.984 4918.226 C3562.943 4918.423 3562.965 4918.647 3563.052 4918.897 L3562.812 4919.047 Z
letterform	svg	M3630.200 1421.210 C3625.180 1426.070 3620.320 1430.410 3615.630 1434.230 C3610.950 1438.050 3604.720 1441.480 3596.960 1444.540 C3585.500 1449.050 3576.300 1449.340 3569.360 1445.400 C3562.420 1441.460 3556.880 1434.220 3552.730 1423.690 C3540.590 1392.820 3528.440 1361.960 3516.290 1331.090 C3508.070 1334.330 3499.840 1337.570 3491.620 1340.800 C3489.870 1336.370 3488.130 1331.930 3486.380 1327.500 L3511.610 1317.570 C3506.020 1303.380 3500.440 1289.200 3494.860 1275.020 L3520.090 1265.090 C3525.670 1279.270 3531.250 1293.450 3536.840 1307.640 C3549.910 1302.490 3562.990 1297.350 3576.060 1292.200 C3577.810 1296.630 3579.560 1301.070 3581.300 1305.510 C3568.320 1310.620 3555.330 1315.730 3542.350 1320.840 C3552.370 1346.290 3562.390 1371.750 3572.410 1397.210 C3574.670 1402.940 3576.760 1407.640 3578.680 1411.310 C3580.610 1414.990 3582.920 1417.940 3585.610 1420.190 C3588.150 1422.290 3591.170 1423.450 3594.670 1423.670 C3598.170 1423.890 3602.420 1423.020 3607.410 1421.060 C3609.720 1420.150 3613.030 1418.600 3617.350 1416.420 C3621.670 1414.240 3624.630 1412.470 3626.220 1411.090 C3627.550 1414.470 3628.870 1417.840 3630.200 1421.210 Z
letterform	tool	M1999.906 2140.938 C2001.272 2149.173 2000.163 2155.923 1996.578 2161.188 C1992.994 2166.454 1988.484 2169.795 1983.047 2171.213 L1981.622 2162.624 C1985.652 2160.954 1988.650 2158.463 1990.618 2155.149 C1992.585 2151.835 1993.133 2147.552 1992.261 2142.298 C1991.199 2135.893 1988.090 2131.094 1982.935 2127.900 C1977.780 2124.707 1970.554 2123.882 1961.257 2125.424 C1953.642 2126.688 1947.761 2129.491 1943.614 2133.833 C1939.467 2138.176 1937.978 2143.874 1939.149 2150.928 C1940.226 2157.422 1943.540 2161.952 1949.092 2164.518 C1952.017 2165.883 1955.693 2166.653 1960.120 2166.828 L1961.545 2175.417 C1954.570 2175.786 1948.408 2174.200 1943.059 2170.660 C1936.624 2166.420 1932.679 2159.917 1931.225 2151.151 C1929.971 2143.596 1931.205 2136.870 1934.928 2130.975 C1939.857 2123.213 1948.638 2118.283 1961.271 2116.187 C1970.863 2114.595 1979.150 2115.829 1986.132 2119.887 C1993.713 2124.270 1998.304 2131.287 1999.906 2140.938 Z
letterform	svg	M3549.550 4256.830 C3546.650 4250.460 3543.590 4244.770 3540.390 4239.760 L3530.370 4224.130 C3521.290 4209.950 3512.450 4199.140 3503.870 4191.710 C3495.280 4184.270 3486.850 4179.380 3478.580 4177.030 C3470.320 4174.680 3462.010 4174.560 3453.660 4176.680 C3445.310 4178.790 3437.170 4182.390 3429.250 4187.460 C3415.070 4196.540 3405.200 4206.840 3399.640 4218.340 C3394.070 4229.850 3391.650 4242.130 3392.370 4255.200 C3393.090 4268.260 3396.110 4281.910 3401.410 4296.160 C3406.710 4310.400 3413.360 4324.670 3421.340 4338.970 C3464.080 4311.590 3506.810 4284.210 3549.550 4256.830 Z M3426.320 4348.120 C3428.990 4352.290 3431.630 4356.630 3434.220 4361.150 C3436.820 4365.660 3440.250 4371.250 3444.530 4377.920 C3453.340 4391.680 3463.390 4405.530 3474.680 4419.470 C3485.960 4433.410 3498.290 4444.630 3511.670 4453.110 C3525.040 4461.600 3539.790 4466.260 3555.920 4467.110 C3572.040 4467.950 3589.280 4462.500 3607.620 4450.740 C3625.970 4438.990 3639.350 4426.600 3647.760 4413.560 C3656.170 4400.530 3661.340 4387.950 3663.280 4375.830 C3665.220 4363.710 3665.320 4352.620 3663.580 4342.560 C3661.840 4332.500 3660.200 4324.440 3658.660 4318.360 C3662.190 4316.990 3665.720 4315.610 3669.250 4314.230 C3670.940 4319.620 3672.750 4327.720 3674.680 4338.540 C3676.610 4349.360 3676.460 4361.510 3674.220 4375.000 C3671.980 4388.490 3666.360 4402.670 3657.370 4417.550 C3648.380 4432.430 3633.460 4446.540 3612.610 4459.900 C3591.760 4473.260 3570.340 4482.270 3548.340 4486.960 C3526.350 4491.640 3504.880 4491.860 3483.940 4487.640 C3463.000 4483.410 3443.450 4474.910 3425.270 4462.150 C3407.100 4449.390 3391.200 4432.370 3377.580 4411.110 C3365.820 4392.760 3358.050 4372.600 3354.260 4350.620 C3350.480 4328.640 3350.670 4306.910 3354.830 4285.420 C3359.000 4263.930 3367.030 4243.640 3378.920 4224.560 C3390.800 4205.480 3406.550 4189.660 3426.140 4177.100 C3437.820 4169.620 3451.660 4163.700 3467.680 4159.320 C3483.690 4154.940 3500.440 4153.770 3517.910 4155.800 C3535.390 4157.840 3552.930 4164.100 3570.520 4174.590 C3588.120 4185.070 3604.270 4201.780 3618.960 4224.710 C3554.750 4265.850 3490.530 4306.990 3426.320 4348.120 Z
letterform	tool	M196.183 2190.149 L247.686 2082.689 L205.122 2072.032 L210.232 2051.621 L256.779 2063.275 L295.329 1982.197 L231.607 1966.243 L236.592 1946.330 L305.044 1963.468 L356.049 1855.882 L376.709 1861.055 L325.704 1968.640 L409.588 1989.641 L462.087 1882.429 L482.747 1887.602 L430.746 1994.938 L473.061 2005.532 L468.076 2025.445 L422.027 2013.916 L383.228 2094.932 L446.701 2110.823 L441.591 2131.234 L373.886 2114.284 L322.382 2221.744 L302.220 2216.697 L353.226 2109.111 L268.844 2087.986 L216.843 2195.322 L196.183 2190.149 Z M277.688 2068.509 L362.070 2089.635 L401.367 2008.744 L316.487 1987.494 L277.688 2068.509 Z
letterform	svg	M142.560 571.060 C153.030 582.600 163.510 594.150 173.980 605.690 C180.890 599.420 187.810 593.150 194.720 586.870 C196.160 585.570 197.440 584.910 198.560 584.890 C199.690 584.880 200.660 585.330 201.490 586.240 C202.280 587.100 202.620 588.110 202.520 589.250 C202.420 590.390 201.650 591.620 200.210 592.920 C188.570 603.480 176.930 614.050 165.290 624.610 C163.850 625.920 162.550 626.560 161.410 626.550 C160.260 626.540 159.300 626.110 158.510 625.240 C157.680 624.330 157.330 623.320 157.450 622.200 C157.580 621.080 158.360 619.870 159.800 618.560 L167.930 611.180 C146.110 587.130 124.290 563.090 102.470 539.040 L94.340 546.420 C92.900 547.730 91.610 548.390 90.490 548.400 C89.360 548.420 88.390 547.970 87.560 547.060 C86.730 546.140 86.400 545.050 86.550 543.770 C86.640 542.810 87.410 541.680 88.850 540.370 C111.050 520.230 133.240 500.090 155.440 479.940 C161.740 486.880 168.030 493.810 174.320 500.750 C175.630 502.190 176.280 503.480 176.270 504.630 C176.260 505.770 175.820 506.740 174.960 507.520 C174.050 508.350 173.020 508.710 171.880 508.610 C170.740 508.510 169.510 507.740 168.210 506.300 C163.740 501.380 159.280 496.460 154.810 491.540 C139.380 505.550 123.950 519.550 108.520 533.550 C118.040 544.040 127.550 554.530 137.070 565.010 C144.290 558.460 151.520 551.900 158.740 545.350 L152.530 538.510 C151.230 537.070 150.580 535.780 150.590 534.630 C150.600 533.480 151.060 532.500 151.970 531.670 C152.840 530.880 153.840 530.540 154.980 530.640 C156.120 530.740 157.350 531.520 158.650 532.960 C164.620 539.530 170.590 546.110 176.550 552.680 C177.860 554.120 178.510 555.420 178.500 556.560 C178.490 557.710 178.050 558.670 177.190 559.460 C176.280 560.290 175.250 560.650 174.110 560.550 C172.970 560.450 171.740 559.680 170.430 558.240 C168.370 555.960 166.300 553.680 164.230 551.400 C157.000 557.950 149.780 564.510 142.560 571.060 Z
letterform	tool	M3470.090 4114.411 C3469.972 4114.040 3469.971 4113.696 3470.088 4113.377 C3470.204 4113.059 3470.464 4112.835 3470.868 4112.707 C3471.124 4112.625 3471.365 4112.607 3471.593 4112.653 C3471.821 4112.698 3472.046 4112.785 3472.269 4112.914 C3472.491 4113.043 3472.709 4113.200 3472.923 4113.387 C3473.136 4113.573 3473.315 4113.720 3473.459 4113.829 C3474.003 4113.628 3474.307 4113.107 3474.370 4112.265 C3474.433 4111.424 3474.205 4110.187 3473.685 4108.555 L3473.287 4107.307 L3470.147 4108.307 L3469.769 4107.120 L3472.909 4106.120 L3470.121 4097.368 C3470.029 4097.080 3469.899 4096.863 3469.730 4096.717 C3469.561 4096.571 3469.343 4096.491 3469.075 4096.476 C3468.853 4096.465 3468.571 4096.489 3468.227 4096.549 C3467.882 4096.609 3467.588 4096.668 3467.344 4096.728 L3467.084 4095.912 L3473.512 4093.864 L3473.772 4094.680 C3473.588 4094.757 3473.397 4094.836 3473.201 4094.917 C3473.004 4094.998 3472.839 4095.086 3472.707 4095.183 C3472.500 4095.331 3472.370 4095.515 3472.318 4095.736 C3472.266 4095.957 3472.287 4096.215 3472.381 4096.512 L3475.208 4105.388 L3477.619 4104.620 L3477.997 4105.806 L3475.586 4106.574 L3475.835 4107.353 C3476.425 4109.207 3476.424 4110.862 3475.830 4112.318 C3475.236 4113.773 3474.218 4114.730 3472.776 4115.190 C3472.042 4115.423 3471.444 4115.455 3470.981 4115.285 C3470.519 4115.115 3470.222 4114.823 3470.090 4114.411 Z
letterform	svg	M3882.270 4166.770 C3881.290 4169.050 3879.940 4170.810 3878.220 4172.030 C3876.500 4173.250 3874.610 4173.910 3872.570 4174.010 C3869.400 4174.160 3866.600 4173.090 3864.160 4170.820 C3861.730 4168.550 3860.440 4165.710 3860.270 4162.300 C3860.110 4158.900 3861.140 4155.950 3863.340 4153.450 C3865.550 4150.960 3868.240 4149.640 3871.410 4149.490 C3873.430 4149.390 3875.360 4149.870 3877.190 4150.930 C3879.020 4151.980 3880.540 4153.610 3881.760 4155.820 C3882.790 4153.810 3883.900 4152.320 3885.070 4151.370 C3886.730 4150.060 3888.610 4149.350 3890.690 4149.250 C3893.630 4149.110 3896.250 4150.130 3898.560 4152.290 C3900.870 4154.450 3902.100 4157.130 3902.250 4160.320 C3902.410 4163.530 3901.430 4166.320 3899.340 4168.680 C3897.240 4171.040 3894.720 4172.290 3891.790 4172.430 C3889.700 4172.530 3887.780 4172.000 3886.020 4170.840 C3884.740 4170.030 3883.490 4168.670 3882.270 4166.770 Z M3891.560 4169.690 C3893.860 4169.580 3895.790 4168.630 3897.360 4166.840 C3898.930 4165.050 3899.660 4162.910 3899.540 4160.420 C3899.420 4157.950 3898.490 4155.900 3896.750 4154.260 C3895.010 4152.630 3893.010 4151.860 3890.760 4151.970 C3888.670 4152.070 3886.890 4153.000 3885.400 4154.760 C3883.920 4156.530 3883.240 4158.670 3883.350 4161.180 C3883.470 4163.710 3884.360 4165.790 3886.000 4167.410 C3887.640 4169.020 3889.500 4169.790 3891.560 4169.690 Z M3872.380 4171.330 C3874.740 4171.220 3876.750 4170.200 3878.410 4168.290 C3880.070 4166.380 3880.830 4164.060 3880.710 4161.340 C3880.580 4158.610 3879.600 4156.380 3877.770 4154.630 C3875.930 4152.880 3873.850 4152.060 3871.510 4152.170 C3869.080 4152.290 3867.020 4153.310 3865.320 4155.230 C3863.620 4157.160 3862.830 4159.470 3862.960 4162.170 C3863.080 4164.880 3864.080 4167.110 3865.960 4168.860 C3867.830 4170.620 3869.970 4171.440 3872.380 4171.330 Z
letterform	tool	M2122.635 3308.342 C2120.580 3309.902 2119.253 3311.495 2118.654 3313.119 C2117.584 3316.085 2118.324 3319.600 2120.877 3323.663 C2122.396 3326.081 2124.259 3327.879 2126.466 3329.056 C2128.672 3330.233 2130.876 3330.130 2133.077 3328.747 C2134.745 3327.699 2135.552 3326.164 2135.495 3324.142 C2135.435 3322.864 2134.882 3320.615 2133.836 3317.393 L2131.883 3311.385 C2130.624 3307.556 2130.008 3304.536 2130.036 3302.326 C2130.039 3298.411 2131.601 3295.474 2134.720 3293.514 C2138.396 3291.205 2142.202 3290.660 2146.139 3291.880 C2150.076 3293.100 2153.450 3295.947 2156.261 3300.421 C2159.937 3306.273 2160.872 3311.572 2159.063 3316.317 C2157.905 3319.305 2156.053 3321.564 2153.507 3323.096 L2149.633 3316.929 C2151.032 3315.882 2152.048 3314.518 2152.680 3312.840 C2153.455 3310.262 2152.680 3307.123 2150.355 3303.423 C2148.806 3300.956 2147.160 3299.384 2145.420 3298.707 C2143.679 3298.030 2142.035 3298.178 2140.487 3299.150 C2138.794 3300.213 2137.964 3301.899 2137.996 3304.205 C2138.000 3305.552 2138.364 3307.314 2139.090 3309.488 L2140.750 3314.466 C2142.560 3319.872 2143.435 3323.707 2143.374 3325.971 C2143.300 3329.559 2141.474 3332.477 2137.895 3334.726 C2134.437 3336.898 2130.626 3337.463 2126.462 3336.419 C2122.299 3335.375 2118.531 3332.169 2115.158 3326.800 C2111.527 3321.020 2110.267 3316.103 2111.379 3312.048 C2112.492 3307.994 2114.929 3304.666 2118.692 3302.066 L2122.635 3308.342 Z
letterform	svg	M2169.390 3717.110 C2161.850 3717.570 2154.310 3718.020 2146.770 3718.480 C2146.640 3716.260 2146.510 3714.040 2146.370 3711.810 C2153.910 3711.360 2161.450 3710.900 2168.990 3710.450 C2168.930 3709.500 2168.880 3708.560 2168.820 3707.610 C2170.890 3707.480 2172.960 3707.360 2175.040 3707.230 C2175.090 3708.180 2175.150 3709.130 2175.210 3710.070 C2178.730 3709.860 2182.250 3709.650 2185.780 3709.440 C2185.910 3711.660 2186.040 3713.880 2186.180 3716.100 C2182.660 3716.310 2179.130 3716.520 2175.610 3716.740 C2175.710 3718.460 2175.820 3720.190 2175.920 3721.920 C2173.850 3722.040 2171.780 3722.170 2169.710 3722.290 C2169.600 3720.570 2169.500 3718.840 2169.390 3717.110 Z
letterform	tool	M4777.809 2363.065 L4722.132 2330.403 L4725.155 2326.098 C4741.329 2330.964 4755.157 2332.284 4766.637 2330.059 C4783.200 2326.872 4796.952 2317.487 4807.892 2301.904 C4822.806 2280.662 4825.743 2258.602 4816.703 2235.726 C4809.021 2216.497 4795.378 2200.001 4775.777 2186.239 C4759.865 2175.068 4743.189 2167.952 4725.748 2164.890 C4708.307 2161.828 4693.033 2163.135 4679.927 2168.810 C4666.820 2174.485 4656.582 2182.572 4649.212 2193.070 C4644.893 2199.221 4641.498 2205.715 4639.025 2212.550 C4636.553 2219.385 4634.963 2226.533 4634.254 2233.995 L4682.480 2267.853 C4690.846 2273.726 4696.766 2276.934 4700.242 2277.476 C4703.719 2278.019 4707.069 2277.433 4710.294 2275.717 C4713.518 2274.002 4717.491 2269.781 4722.213 2263.056 L4726.888 2266.338 L4681.543 2330.926 L4676.868 2327.644 L4679.027 2324.568 C4683.518 2318.171 4684.467 2312.286 4681.872 2306.913 C4679.989 2303.142 4674.577 2298.119 4665.637 2291.842 L4614.582 2255.998 C4616.119 2242.996 4618.923 2231.067 4622.993 2220.212 C4627.064 2209.356 4633.044 2198.310 4640.932 2187.074 C4663.562 2154.841 4691.084 2137.615 4723.498 2135.394 C4747.809 2133.728 4770.094 2140.007 4790.352 2154.229 C4805.033 2164.536 4816.623 2177.938 4825.121 2194.435 C4835.241 2214.029 4839.482 2234.148 4837.845 2254.793 C4836.401 2272.023 4829.834 2288.963 4818.145 2305.612 C4813.884 2311.682 4809.520 2316.852 4805.052 2321.123 C4800.584 2325.394 4793.473 2330.901 4783.719 2337.644 C4778.772 2341.027 4775.751 2343.498 4774.657 2345.057 C4773.563 2346.615 4773.345 2348.452 4774.003 2350.566 C4774.661 2352.681 4776.995 2355.330 4781.005 2358.513 L4777.809 2363.065 Z
letterform	svg	M4313.570 1256.760 C4320.000 1251.260 4326.440 1245.760 4332.870 1240.250 C4334.550 1234.910 4336.220 1229.560 4337.900 1224.210 C4339.520 1224.720 4341.140 1225.230 4342.760 1225.730 C4341.140 1230.910 4339.520 1236.090 4337.900 1241.260 C4340.010 1249.630 4342.120 1258.000 4344.220 1266.360 C4342.430 1265.800 4340.640 1265.240 4338.840 1264.680 C4337.220 1258.180 4335.600 1251.680 4333.970 1245.180 C4328.900 1249.580 4323.820 1253.980 4318.750 1258.380 C4317.020 1257.840 4315.290 1257.300 4313.570 1256.760 Z
letterform	tool	M926.140 1094.780 L901.475 1059.711 L911.803 1052.447 L936.468 1087.516 L940.875 1084.417 L947.655 1094.056 L943.248 1097.155 L954.774 1113.542 L944.446 1120.806 L932.920 1104.419 L924.887 1110.069 L918.108 1100.430 L926.140 1094.780 Z
letterform	svg	M1330.660 750.950 C1331.720 754.680 1331.430 758.140 1329.790 761.340 C1328.160 764.540 1325.790 766.580 1322.680 767.460 C1321.320 767.840 1319.920 768.010 1318.490 767.960 C1317.050 767.920 1315.650 767.700 1314.290 767.330 C1313.940 768.470 1313.600 769.610 1313.250 770.750 C1312.690 770.780 1312.140 770.810 1311.590 770.840 C1311.320 769.570 1310.960 768.060 1310.500 766.310 C1310.040 764.550 1309.580 762.860 1309.110 761.230 C1306.800 753.030 1304.480 744.840 1302.160 736.640 C1302.000 736.070 1301.710 735.540 1301.290 735.040 C1300.870 734.540 1300.420 734.230 1299.950 734.090 C1299.570 733.960 1298.990 733.950 1298.210 734.050 C1297.430 734.150 1296.810 734.250 1296.350 734.340 C1296.190 733.810 1296.040 733.270 1295.890 732.730 C1298.880 731.680 1301.860 730.630 1304.850 729.580 L1305.300 729.850 C1306.850 735.310 1308.390 740.770 1309.930 746.230 L1310.120 746.230 C1310.850 744.820 1311.750 743.670 1312.830 742.770 C1313.910 741.870 1315.040 741.250 1316.240 740.910 C1319.290 740.040 1322.190 740.530 1324.920 742.370 C1327.650 744.210 1329.570 747.070 1330.660 750.950 Z M1325.450 752.610 C1325.100 751.370 1324.600 750.140 1323.970 748.920 C1323.340 747.710 1322.600 746.700 1321.760 745.900 C1320.910 745.090 1319.940 744.510 1318.850 744.170 C1317.750 743.830 1316.560 743.840 1315.260 744.200 C1314.090 744.540 1313.130 745.060 1312.370 745.770 C1311.620 746.480 1311.010 747.330 1310.520 748.320 C1311.890 753.140 1313.250 757.960 1314.610 762.780 C1314.830 763.150 1315.160 763.570 1315.600 764.020 C1316.050 764.470 1316.590 764.870 1317.230 765.220 C1317.870 765.550 1318.550 765.770 1319.270 765.880 C1319.990 765.990 1320.810 765.920 1321.740 765.660 C1323.790 765.080 1325.160 763.620 1325.860 761.280 C1326.560 758.950 1326.420 756.060 1325.450 752.610 Z
letterform	tool	M3413.825 -19.335 L3431.159 -39.348 L3447.381 -25.299 C3454.262 -19.339 3459.181 -13.204 3462.136 -6.896 C3465.091 -0.588 3466.894 8.009 3467.543 18.895 L3468.707 36.494 C3469.080 44.436 3470.096 50.571 3471.757 54.897 C3473.417 59.223 3475.968 62.877 3479.409 65.857 C3485.659 71.270 3492.706 73.349 3500.552 72.094 C3508.398 70.840 3515.636 66.386 3522.266 58.731 C3527.010 53.254 3530.877 46.341 3533.867 37.993 C3536.857 29.645 3538.945 19.962 3540.130 8.944 L3559.933 26.096 C3558.219 36.163 3555.441 45.402 3551.598 53.811 C3547.756 62.220 3542.673 70.077 3536.347 77.380 C3525.035 90.441 3512.647 97.932 3499.185 99.853 C3485.723 101.774 3473.339 97.839 3462.034 88.047 C3456.697 83.424 3452.747 77.945 3450.185 71.609 C3447.623 65.273 3445.970 56.006 3445.227 43.810 L3444.196 26.695 C3443.758 17.835 3442.642 11.461 3440.848 7.572 C3439.054 3.684 3436.016 -0.116 3431.732 -3.826 L3426.781 -8.114 L3413.825 -19.335 Z M3416.313 -53.497 L3397.794 -32.114 L3371.039 -55.286 L3389.558 -76.669 L3416.313 -53.497 Z
letterform	svg	M3448.250 47.100 C3453.440 52.790 3458.630 58.470 3463.810 64.160 C3462.130 65.690 3460.450 67.230 3458.770 68.760 C3453.580 63.070 3448.390 57.390 3443.210 51.700 C3442.610 52.250 3442.020 52.790 3441.420 53.330 C3440.000 51.770 3438.570 50.210 3437.140 48.640 C3437.740 48.100 3438.330 47.560 3438.930 47.010 C3436.380 44.220 3433.830 41.420 3431.270 38.620 C3428.770 35.880 3427.490 33.510 3427.410 31.510 C3427.280 28.740 3428.460 26.210 3430.960 23.930 C3431.860 23.120 3433.220 22.350 3435.050 21.640 L3439.730 26.770 C3439.480 26.840 3439.230 26.910 3438.970 26.970 C3437.380 27.410 3436.240 27.950 3435.540 28.590 C3434.650 29.400 3434.340 30.270 3434.610 31.200 C3434.870 32.110 3435.810 33.460 3437.440 35.240 L3443.980 42.410 C3445.800 40.750 3447.620 39.080 3449.450 37.420 C3450.870 38.980 3452.300 40.550 3453.720 42.110 C3451.900 43.770 3450.080 45.440 3448.250 47.100 Z
letterform	tool	M4261.621 1142.999 C4266.650 1141.767 4270.633 1139.833 4273.569 1137.197 C4276.505 1134.562 4277.241 1130.258 4275.778 1124.286 C4274.699 1119.885 4272.204 1116.332 4268.292 1113.625 C4264.380 1110.919 4259.856 1108.945 4254.721 1107.705 C4249.586 1106.464 4244.123 1105.929 4238.334 1106.098 C4232.544 1106.267 4227.292 1106.930 4222.577 1108.085 C4215.348 1109.857 4210.127 1112.177 4206.915 1115.047 C4203.703 1117.917 4202.791 1122.180 4204.177 1127.838 C4205.294 1132.396 4208.162 1135.941 4212.781 1138.475 C4217.401 1141.008 4222.622 1142.769 4228.445 1143.757 C4234.269 1144.746 4240.232 1145.117 4246.336 1144.871 C4252.440 1144.624 4257.535 1144.000 4261.621 1142.999 Z M4289.225 1156.726 C4273.839 1157.165 4261.691 1157.559 4252.780 1157.910 C4243.870 1158.261 4237.069 1158.554 4232.378 1158.787 C4227.687 1159.020 4224.498 1159.260 4222.809 1159.508 C4221.120 1159.755 4219.726 1160.013 4218.626 1160.283 C4215.954 1160.938 4214.084 1162.146 4213.016 1163.907 C4211.948 1165.668 4211.703 1167.727 4212.281 1170.084 C4213.051 1173.228 4215.009 1176.288 4218.155 1179.266 C4221.300 1182.243 4225.291 1184.764 4230.129 1186.827 C4234.966 1188.890 4240.424 1190.260 4246.504 1190.936 C4252.584 1191.612 4258.846 1191.160 4265.290 1189.581 C4272.991 1187.694 4279.881 1185.047 4285.960 1181.642 C4292.039 1178.236 4296.907 1173.794 4300.562 1168.317 C4304.218 1162.840 4306.496 1156.159 4307.396 1148.275 C4308.296 1140.390 4307.417 1131.026 4304.760 1120.182 C4302.449 1110.752 4298.386 1102.502 4292.572 1095.430 C4286.757 1088.359 4279.797 1082.734 4271.693 1078.556 C4263.588 1074.378 4254.613 1071.746 4244.768 1070.660 C4234.922 1069.574 4224.813 1070.302 4214.441 1072.844 C4205.011 1075.155 4197.126 1078.670 4190.785 1083.389 C4184.445 1088.108 4179.553 1093.639 4176.109 1099.981 C4172.665 1106.322 4170.650 1113.397 4170.064 1121.204 C4169.479 1129.011 4170.226 1137.158 4172.305 1145.645 C4173.692 1151.303 4175.610 1156.580 4178.060 1161.478 C4180.509 1166.375 4183.226 1170.832 4186.210 1174.849 C4189.193 1178.866 4192.296 1182.521 4195.519 1185.813 C4198.741 1189.105 4201.818 1191.974 4204.751 1194.421 L4197.033 1195.562 C4194.647 1193.981 4191.842 1191.712 4188.618 1188.753 C4185.394 1185.795 4182.114 1182.100 4178.779 1177.670 C4175.444 1173.239 4172.299 1168.054 4169.344 1162.114 C4166.389 1156.174 4164.007 1149.511 4162.197 1142.125 C4160.309 1134.424 4159.837 1126.209 4160.781 1117.482 C4161.724 1108.754 4164.412 1100.348 4168.845 1092.265 C4173.278 1084.181 4179.581 1076.930 4187.755 1070.512 C4195.928 1064.095 4206.222 1059.364 4218.638 1056.322 C4227.911 1054.049 4237.449 1053.711 4247.253 1055.307 C4257.057 1056.903 4266.283 1060.389 4274.931 1065.767 C4283.579 1071.144 4291.248 1078.303 4297.937 1087.243 C4304.626 1096.183 4309.492 1106.861 4312.535 1119.276 C4315.693 1132.164 4316.701 1143.245 4315.559 1152.522 C4314.417 1161.798 4311.839 1169.635 4307.826 1176.033 C4303.813 1182.431 4298.687 1187.519 4292.449 1191.297 C4286.211 1195.075 4279.635 1197.811 4272.720 1199.505 C4264.233 1201.585 4256.146 1202.068 4248.459 1200.953 C4240.772 1199.838 4233.914 1197.686 4227.885 1194.499 C4221.856 1191.312 4216.812 1187.383 4212.752 1182.714 C4208.692 1178.044 4206.046 1173.195 4204.814 1168.166 C4203.196 1161.565 4203.698 1156.986 4206.320 1154.427 C4208.942 1151.869 4212.846 1149.954 4218.032 1148.683 L4217.916 1148.212 C4215.527 1147.298 4213.128 1146.178 4210.721 1144.852 C4208.313 1143.526 4206.025 1142.005 4203.854 1140.287 C4201.684 1138.570 4199.780 1136.579 4198.142 1134.315 C4196.505 1132.051 4195.320 1129.426 4194.588 1126.440 C4190.429 1109.466 4198.879 1098.399 4219.938 1093.238 C4227.796 1091.312 4235.217 1090.660 4242.200 1091.281 C4249.182 1091.902 4255.503 1093.560 4261.161 1096.255 C4266.820 1098.950 4271.572 1102.534 4275.416 1107.006 C4279.261 1111.479 4281.896 1116.622 4283.321 1122.437 C4284.515 1127.309 4284.367 1131.802 4282.876 1135.916 C4281.385 1140.030 4278.026 1142.977 4272.798 1144.758 L4272.913 1145.230 L4286.221 1144.467 L4289.225 1156.726 Z
letterform	svg	M3544.760 3480.020 C3543.900 3492.640 3538.810 3503.140 3529.510 3511.520 C3520.200 3519.900 3509.230 3523.660 3496.610 3522.800 C3484.260 3521.950 3473.910 3516.740 3465.550 3507.140 C3457.190 3497.550 3453.440 3486.450 3454.300 3473.830 C3455.110 3462.050 3460.380 3451.980 3470.110 3443.620 C3479.840 3435.270 3490.740 3431.510 3502.800 3432.340 C3514.580 3433.150 3524.720 3438.350 3533.220 3447.940 C3541.720 3457.550 3545.570 3468.240 3544.760 3480.020 Z M3384.530 3431.000 C3382.780 3456.530 3381.030 3482.050 3379.290 3507.580 C3250.260 3498.750 3121.230 3489.910 2992.200 3481.080 C2993.940 3455.550 2995.690 3430.020 2997.440 3404.500 C3126.470 3413.330 3255.500 3422.170 3384.530 3431.000 Z
letterform	tool	M4465.587 2280.983 C4464.763 2280.749 4463.863 2280.356 4462.888 2279.805 C4461.847 2282.868 4459.598 2283.909 4456.141 2282.927 C4454.682 2282.513 4453.569 2281.785 4452.802 2280.745 C4452.035 2279.705 4451.818 2278.598 4452.151 2277.424 C4452.367 2276.663 4452.798 2276.082 4453.443 2275.683 C4454.087 2275.283 4454.743 2275.178 4455.409 2275.367 C4455.916 2275.511 4456.311 2275.812 4456.592 2276.269 C4456.874 2276.726 4456.947 2277.192 4456.812 2277.668 C4456.668 2278.176 4456.170 2278.600 4455.319 2278.941 C4455.646 2279.719 4456.207 2280.221 4457.000 2280.446 C4458.680 2280.924 4459.834 2280.120 4460.460 2278.036 C4458.509 2275.734 4457.921 2273.219 4458.696 2270.491 C4459.317 2268.303 4460.660 2266.713 4462.724 2265.723 C4464.787 2264.732 4467.056 2264.588 4469.530 2265.291 C4471.274 2265.786 4472.965 2266.712 4474.602 2268.068 C4475.047 2268.434 4475.443 2268.667 4475.792 2268.766 C4476.236 2268.892 4476.689 2268.807 4477.150 2268.509 C4477.612 2268.212 4477.919 2267.794 4478.072 2267.254 C4478.541 2265.605 4477.110 2264.308 4473.780 2263.362 L4473.494 2263.281 C4473.240 2263.209 4472.950 2263.143 4472.624 2263.085 L4472.053 2262.923 C4469.040 2262.067 4466.679 2261.088 4464.970 2259.986 C4463.379 2258.951 4462.238 2257.719 4461.547 2256.289 C4460.857 2254.859 4460.714 2253.430 4461.119 2252.003 C4461.777 2249.687 4463.368 2248.160 4465.891 2247.420 C4468.415 2246.680 4471.500 2246.828 4475.148 2247.864 C4478.795 2248.900 4481.478 2250.347 4483.195 2252.206 C4484.912 2254.065 4485.455 2256.104 4484.824 2258.324 C4484.095 2260.893 4482.134 2262.307 4478.941 2262.566 C4481.222 2264.310 4482.074 2266.197 4481.498 2268.227 C4480.867 2270.447 4479.150 2271.605 4476.347 2271.700 C4476.856 2273.044 4476.899 2274.462 4476.476 2275.952 C4475.863 2278.109 4474.522 2279.665 4472.451 2280.619 C4470.381 2281.573 4468.093 2281.695 4465.587 2280.983 Z M4466.336 2277.803 C4467.732 2278.199 4469.038 2278.124 4470.256 2277.579 C4471.473 2277.034 4472.305 2276.156 4472.752 2274.946 L4472.833 2274.661 C4473.229 2273.265 4473.073 2272.004 4472.365 2270.877 C4471.656 2269.751 4470.541 2268.971 4469.019 2268.539 C4467.433 2268.089 4466.019 2268.150 4464.777 2268.722 C4463.534 2269.295 4462.724 2270.247 4462.346 2271.579 C4461.958 2272.943 4462.146 2274.213 4462.909 2275.390 C4463.671 2276.566 4464.814 2277.370 4466.336 2277.803 Z M4471.531 2259.330 C4474.069 2260.051 4476.175 2260.238 4477.850 2259.891 C4479.525 2259.544 4480.548 2258.720 4480.917 2257.420 C4481.286 2256.120 4480.863 2254.894 4479.648 2253.743 C4478.432 2252.593 4476.619 2251.675 4474.209 2250.990 C4471.671 2250.270 4469.557 2250.081 4467.866 2250.423 C4466.175 2250.765 4465.149 2251.571 4464.789 2252.839 C4464.411 2254.171 4464.813 2255.408 4465.997 2256.550 C4467.181 2257.692 4469.026 2258.618 4471.531 2259.330 Z
letterform	svg	M746.540 2696.800 C746.850 2697.810 747.150 2698.830 747.460 2699.840 C749.720 2693.180 754.120 2688.860 760.660 2686.890 C765.930 2685.310 770.640 2685.510 774.810 2687.490 C778.970 2689.480 781.760 2692.800 783.160 2697.470 C784.150 2700.780 784.130 2703.710 783.100 2706.280 C782.070 2708.850 780.200 2710.540 777.490 2711.350 C775.760 2711.870 774.140 2711.790 772.620 2711.090 C771.100 2710.400 770.110 2709.310 769.660 2707.800 C769.300 2706.600 769.430 2705.390 770.050 2704.180 C770.670 2702.970 771.580 2702.180 772.780 2701.820 C773.010 2701.750 773.530 2701.720 774.350 2701.720 C774.530 2700.680 774.510 2699.780 774.280 2699.030 C773.620 2696.850 772.110 2695.300 769.740 2694.370 C767.370 2693.440 764.760 2693.410 761.900 2694.270 C756.030 2696.030 752.910 2699.840 752.540 2705.690 C752.310 2709.290 753.180 2714.360 755.150 2720.900 C755.890 2723.380 756.640 2725.870 757.390 2728.350 C758.900 2733.390 759.790 2736.200 760.050 2736.770 C761.710 2740.950 763.520 2742.740 765.480 2742.150 C766.450 2741.860 767.420 2741.400 768.390 2740.780 C769.150 2740.310 769.830 2739.980 770.430 2739.800 C772.840 2739.080 774.400 2739.920 775.120 2742.330 C775.920 2744.960 774.770 2746.740 771.690 2747.670 C771.540 2747.710 771.390 2747.760 771.240 2747.800 C770.110 2748.140 768.360 2748.520 765.980 2748.950 C763.610 2749.380 761.860 2749.760 760.730 2750.100 C757.720 2751.000 755.380 2751.790 753.690 2752.460 C751.640 2753.280 749.600 2754.110 747.550 2754.930 C744.460 2755.860 742.530 2755.000 741.730 2752.370 C741.030 2750.040 742.110 2748.440 744.970 2747.580 C745.720 2747.360 746.300 2747.230 746.690 2747.190 C747.290 2747.130 747.890 2747.070 748.490 2747.020 C749.290 2746.940 749.830 2746.860 750.140 2746.770 C752.020 2746.200 752.510 2744.170 751.620 2740.660 C751.120 2738.720 750.620 2736.780 750.110 2734.840 L742.070 2709.340 C740.510 2704.970 738.720 2703.090 736.690 2703.700 C736.080 2703.880 735.290 2704.240 734.310 2704.780 C733.320 2705.330 732.530 2705.690 731.930 2705.870 C729.440 2706.610 727.840 2705.780 727.120 2703.380 C726.330 2700.750 727.550 2698.940 730.780 2697.970 C731.530 2697.740 732.690 2697.500 734.250 2697.230 C735.810 2696.970 736.970 2696.720 737.720 2696.500 C738.320 2696.320 739.280 2695.950 740.580 2695.390 C741.140 2695.060 741.830 2694.770 742.660 2694.520 C744.610 2693.930 745.910 2694.690 746.540 2696.800 Z
letterform	tool	M942.860 34.614 C943.767 50.825 941.679 65.419 936.597 78.397 C931.515 91.375 924.533 103.007 915.650 113.294 C906.914 123.241 896.740 132.687 885.128 141.633 C873.515 150.579 861.144 159.318 848.015 167.851 L851.137 223.678 L806.724 226.162 L802.491 150.486 C812.901 143.764 824.146 136.415 836.228 128.438 C848.310 120.462 858.112 112.529 865.636 104.642 C874.749 95.504 881.695 86.196 886.475 76.720 C891.255 67.243 893.247 55.392 892.452 41.167 C891.406 22.475 884.300 8.893 871.132 0.420 C857.965 -8.053 841.373 -11.729 821.358 -10.610 C803.494 -9.611 786.737 -5.853 771.089 0.664 C755.442 7.181 743.148 13.593 734.209 19.900 L731.727 20.039 L728.897 -30.578 C740.226 -35.691 754.682 -40.524 772.265 -45.074 C789.848 -49.625 806.579 -52.345 822.459 -53.233 C858.023 -55.222 886.585 -48.149 908.146 -32.015 C929.707 -15.881 941.278 6.329 942.860 34.614 Z M860.658 322.705 L810.041 325.535 L807.113 273.182 L857.730 270.351 L860.658 322.705 Z
letterform	svg	M3278.360 3103.670 C3281.200 3102.100 3284.040 3100.530 3286.890 3098.950 C3294.020 3105.440 3301.140 3111.920 3308.270 3118.400 C3306.600 3108.910 3304.930 3099.410 3303.260 3089.910 C3306.110 3088.340 3308.970 3086.760 3311.820 3085.180 C3320.480 3100.860 3329.130 3116.530 3337.790 3132.210 C3335.820 3133.290 3333.850 3134.380 3331.880 3135.470 C3324.230 3121.620 3316.580 3107.770 3308.930 3093.910 C3310.690 3103.720 3312.450 3113.530 3314.210 3123.330 C3312.600 3124.220 3310.990 3125.110 3309.370 3126.000 C3302.000 3119.300 3294.630 3112.590 3287.250 3105.890 L3310.200 3147.440 C3308.250 3148.520 3306.290 3149.610 3304.330 3150.690 C3295.670 3135.010 3287.010 3119.340 3278.360 3103.670 Z
letterform	tool	M1641.267 4193.633 C1640.874 4193.699 1640.498 4193.693 1640.139 4193.612 C1639.781 4193.532 1639.457 4193.390 1639.170 4193.185 C1638.812 4192.931 1638.522 4192.609 1638.298 4192.217 C1638.075 4191.826 1637.909 4191.313 1637.802 4190.678 L1637.602 4189.498 L1634.296 4190.058 L1634.097 4188.878 L1642.966 4187.378 L1643.373 4189.784 C1643.463 4190.316 1643.495 4190.774 1643.468 4191.159 C1643.441 4191.543 1643.357 4191.895 1643.214 4192.213 C1643.045 4192.589 1642.807 4192.897 1642.501 4193.139 C1642.195 4193.381 1641.784 4193.546 1641.267 4193.633 Z M1641.030 4192.411 C1641.336 4192.359 1641.593 4192.260 1641.801 4192.115 C1642.009 4191.969 1642.166 4191.775 1642.272 4191.533 C1642.363 4191.321 1642.415 4191.089 1642.427 4190.836 C1642.439 4190.582 1642.414 4190.269 1642.351 4189.896 L1642.153 4188.728 L1638.609 4189.328 L1638.777 4190.323 C1638.858 4190.799 1638.966 4191.179 1639.102 4191.463 C1639.238 4191.746 1639.415 4191.965 1639.633 4192.120 C1639.855 4192.275 1640.078 4192.373 1640.301 4192.415 C1640.525 4192.456 1640.768 4192.455 1641.030 4192.411 Z
letterform	svg	M2862.550 4356.770 C2871.730 4325.700 2889.930 4302.930 2917.140 4288.460 C2944.360 4273.980 2973.040 4271.200 3003.190 4280.110 C3033.500 4289.070 3056.130 4307.020 3071.100 4333.970 C3086.070 4360.910 3088.960 4389.920 3079.780 4420.980 C3070.550 4452.200 3052.330 4475.050 3025.120 4489.520 C2997.900 4504.000 2969.140 4506.760 2938.840 4497.800 C2908.690 4488.890 2886.130 4470.960 2871.160 4444.010 C2856.190 4417.070 2853.320 4387.990 2862.550 4356.770 Z M2894.530 4366.220 C2886.740 4392.570 2887.640 4416.140 2897.220 4436.940 C2906.800 4457.740 2922.630 4471.400 2944.720 4477.930 C2966.950 4484.500 2987.740 4481.660 3007.090 4469.420 C3026.440 4457.170 3040.010 4437.870 3047.800 4411.530 C3055.590 4385.190 3054.670 4361.690 3045.040 4341.040 C3035.410 4320.400 3019.480 4306.790 2997.250 4300.210 C2975.020 4293.640 2954.290 4296.410 2935.060 4308.530 C2915.830 4320.650 2902.320 4339.880 2894.530 4366.220 Z
letterform	tool	M1381.836 854.104 L1380.235 854.612 C1376.622 854.701 1371.988 855.085 1366.331 855.764 C1360.674 856.443 1355.818 857.426 1351.763 858.713 C1338.852 862.809 1330.395 868.635 1326.390 876.188 C1322.386 883.742 1322.754 894.988 1327.494 909.927 L1329.424 916.009 L1383.683 898.793 L1391.707 924.082 L1338.408 940.993 L1387.110 1094.488 L1357.019 1104.035 L1308.317 950.541 L1287.990 956.990 L1279.966 931.701 L1300.294 925.252 L1298.415 919.330 C1291.677 898.096 1291.788 880.121 1298.746 865.405 C1305.704 850.689 1319.160 840.166 1339.113 833.835 C1345.836 831.702 1351.993 830.101 1357.584 829.031 C1363.176 827.962 1368.348 827.143 1373.101 826.574 L1381.836 854.104 Z
letterform	svg	M904.870 3639.410 L899.380 3639.650 C898.110 3639.700 897.360 3639.870 897.130 3640.150 C896.780 3640.570 896.970 3641.090 897.680 3641.710 C897.590 3641.830 897.490 3641.950 897.390 3642.060 C896.100 3641.000 894.800 3639.930 893.510 3638.860 C893.600 3638.740 893.700 3638.630 893.790 3638.510 C894.120 3638.770 894.500 3638.960 894.930 3639.100 C895.360 3639.230 895.790 3639.300 896.240 3639.310 C896.680 3639.320 897.550 3639.280 898.850 3639.200 C899.950 3639.140 901.050 3639.080 902.150 3639.010 C901.940 3636.650 901.720 3634.290 901.510 3631.930 C901.360 3630.300 901.220 3629.270 901.080 3628.840 C900.930 3628.400 900.620 3627.990 900.140 3627.600 C900.240 3627.480 900.340 3627.360 900.430 3627.250 C902.220 3628.720 904.000 3630.190 905.790 3631.660 C905.690 3631.780 905.600 3631.900 905.500 3632.010 C905.430 3631.960 905.360 3631.900 905.290 3631.840 C904.720 3631.370 904.320 3631.120 904.090 3631.100 C903.870 3631.080 903.700 3631.140 903.590 3631.280 C903.410 3631.490 903.390 3632.270 903.520 3633.610 C903.680 3635.390 903.850 3637.170 904.010 3638.950 C904.430 3638.930 904.860 3638.920 905.280 3638.910 C905.800 3638.280 906.310 3637.660 906.830 3637.030 C907.500 3636.220 907.920 3635.670 908.080 3635.390 C908.250 3635.100 908.300 3634.830 908.240 3634.570 C908.170 3634.320 907.910 3633.990 907.440 3633.610 C907.370 3633.560 907.310 3633.500 907.240 3633.450 C907.340 3633.330 907.430 3633.210 907.530 3633.100 C909.070 3634.370 910.620 3635.640 912.160 3636.920 C912.070 3637.030 911.970 3637.150 911.870 3637.270 C911.770 3637.180 911.660 3637.090 911.550 3637.000 C911.110 3636.640 910.760 3636.440 910.500 3636.410 C910.240 3636.390 909.990 3636.470 909.740 3636.670 C909.500 3636.860 909.020 3637.390 908.310 3638.250 C906.920 3639.940 905.530 3641.620 904.140 3643.310 C903.440 3644.160 903.020 3644.730 902.880 3645.000 C902.740 3645.280 902.720 3645.520 902.810 3645.740 C902.900 3645.950 903.230 3646.290 903.810 3646.770 C903.720 3646.880 903.620 3647.000 903.520 3647.120 C902.000 3645.860 900.480 3644.610 898.960 3643.350 C899.060 3643.240 899.150 3643.120 899.250 3643.000 C899.310 3643.060 899.370 3643.110 899.440 3643.160 C899.950 3643.580 900.310 3643.810 900.540 3643.860 C900.760 3643.900 901.000 3643.830 901.240 3643.650 C901.480 3643.470 901.950 3642.940 902.660 3642.090 C903.400 3641.200 904.130 3640.300 904.870 3639.410 Z
letterform	tool	M3464.550 210.863 L3474.830 219.171 L3418.262 421.224 L3603.740 323.349 L3614.020 331.657 L3510.993 620.218 L3469.256 586.489 L3538.980 403.904 L3363.578 501.086 L3353.298 492.779 L3409.658 299.394 L3242.275 403.056 L3203.828 371.985 L3464.550 210.863 Z
letterform	svg	M1621.570 1166.040 C1621.760 1165.760 1621.950 1165.470 1622.140 1165.190 C1617.610 1162.180 1613.080 1159.180 1608.550 1156.170 C1608.180 1156.730 1607.810 1157.290 1607.440 1157.840 C1607.140 1158.300 1606.840 1158.560 1606.540 1158.640 C1606.240 1158.720 1605.940 1158.670 1605.660 1158.480 C1605.380 1158.300 1605.220 1158.050 1605.170 1157.740 C1605.120 1157.420 1605.250 1157.040 1605.550 1156.590 C1606.340 1155.390 1607.130 1154.190 1607.930 1153.000 C1613.730 1156.850 1619.530 1160.690 1625.330 1164.540 C1624.660 1165.550 1623.990 1166.560 1623.320 1167.560 C1615.390 1174.000 1607.460 1180.440 1599.520 1186.880 C1599.140 1187.190 1598.830 1187.350 1598.580 1187.370 C1598.330 1187.390 1598.100 1187.330 1597.890 1187.190 C1597.620 1187.010 1597.450 1186.770 1597.390 1186.470 C1597.330 1186.170 1597.380 1185.900 1597.540 1185.660 C1597.640 1185.510 1597.820 1185.330 1598.090 1185.120 C1605.920 1178.760 1613.740 1172.400 1621.570 1166.040 Z
letterform	tool	M3245.870 740.291 L3253.015 740.224 L3292.622 844.912 L3276.917 845.059 L3249.535 768.979 L3224.569 845.548 L3209.360 845.690 L3245.870 740.291 Z
letterform	svg	M4202.720 2689.960 C4197.060 2691.380 4191.410 2692.810 4185.760 2694.240 C4188.670 2696.520 4191.590 2698.800 4194.500 2701.080 C4194.040 2701.670 4193.580 2702.260 4193.110 2702.860 L4181.650 2693.890 C4182.030 2693.410 4182.410 2692.930 4182.780 2692.450 C4188.440 2690.990 4194.100 2689.540 4199.760 2688.080 C4197.100 2686.000 4194.430 2683.910 4191.770 2681.830 C4192.220 2681.260 4192.670 2680.680 4193.110 2680.110 L4203.850 2688.510 C4203.470 2688.990 4203.090 2689.470 4202.720 2689.960 Z
letterform	tool	M2915.525 4260.979 C2916.589 4261.529 2917.305 4262.379 2917.671 4263.527 C2918.037 4264.676 2917.945 4265.783 2917.395 4266.847 C2916.845 4267.912 2915.996 4268.627 2914.847 4268.994 C2913.698 4269.360 2912.591 4269.268 2911.527 4268.718 C2910.462 4268.168 2909.757 4267.324 2909.411 4266.185 C2909.066 4265.047 2909.168 4263.946 2909.718 4262.881 C2910.268 4261.817 2911.107 4261.096 2912.235 4260.719 C2913.364 4260.342 2914.460 4260.429 2915.525 4260.979 Z M2907.869 4297.485 C2908.419 4296.421 2908.341 4295.265 2907.636 4294.019 C2907.593 4294.204 2907.507 4294.420 2907.381 4294.665 C2907.084 4295.239 2906.621 4295.609 2905.990 4295.775 C2905.359 4295.942 2904.716 4295.857 2904.061 4295.518 C2902.259 4294.587 2901.824 4293.221 2902.755 4291.420 C2903.368 4290.232 2904.352 4289.482 2905.706 4289.171 C2907.061 4288.859 2908.434 4289.062 2909.826 4289.782 C2911.627 4290.712 2912.800 4292.083 2913.343 4293.894 C2913.885 4295.705 2913.670 4297.552 2912.697 4299.435 C2910.920 4302.875 2907.992 4304.954 2903.911 4305.673 C2899.831 4306.392 2895.498 4305.567 2890.912 4303.197 C2886.367 4300.849 2883.263 4297.897 2881.599 4294.340 C2879.935 4290.783 2880.002 4287.264 2881.800 4283.784 C2884.064 4279.403 2887.937 4277.228 2893.419 4277.259 C2894.347 4277.271 2895.510 4277.328 2896.911 4277.429 C2899.855 4277.653 2902.011 4277.522 2903.378 4277.035 C2904.745 4276.548 2905.830 4275.527 2906.634 4273.971 C2907.226 4272.825 2907.730 4272.099 2908.147 4271.796 C2908.792 4271.351 2909.605 4271.382 2910.588 4271.890 C2912.308 4272.778 2912.618 4274.287 2911.518 4276.416 C2910.502 4278.382 2909.144 4279.807 2907.442 4280.691 C2905.346 4281.735 2902.195 4282.312 2897.989 4282.421 C2894.216 4282.495 2891.645 4282.801 2890.278 4283.339 C2888.910 4283.878 2887.793 4284.986 2886.926 4286.665 C2885.762 4288.917 2885.747 4291.205 2886.881 4293.528 C2888.015 4295.852 2890.097 4297.797 2893.127 4299.362 C2896.198 4300.948 2899.153 4301.554 2901.992 4301.180 C2904.831 4300.805 2906.790 4299.574 2907.869 4297.485 Z
letterform	svg	M4958.800 1241.570 C5019.850 1263.630 5080.900 1285.700 5141.950 1307.760 C5146.600 1309.540 5150.140 1309.740 5152.580 1308.350 C5155.930 1306.440 5155.950 1302.590 5152.650 1296.800 C5151.260 1294.370 5150.150 1292.780 5149.320 1292.040 C5141.840 1281.770 5136.630 1274.050 5133.670 1268.880 C5127.410 1257.920 5129.610 1249.400 5140.270 1243.310 C5150.310 1237.570 5159.070 1241.250 5166.550 1254.340 C5170.550 1261.340 5173.810 1267.760 5176.330 1273.590 C5180.020 1282.180 5183.720 1290.760 5187.410 1299.350 C5192.280 1310.710 5196.280 1319.120 5199.410 1324.600 C5205.670 1335.560 5214.620 1348.410 5226.280 1363.160 C5232.190 1370.680 5236.270 1376.420 5238.540 1380.380 C5245.140 1391.950 5243.270 1400.690 5232.920 1406.600 C5222.570 1412.510 5214.350 1410.140 5208.260 1399.490 C5207.740 1398.570 5207.030 1396.960 5206.110 1394.660 C5205.160 1392.980 5204.200 1391.310 5203.240 1389.640 C5202.680 1387.940 5201.530 1385.570 5199.790 1382.530 C5193.180 1370.960 5183.460 1362.780 5170.640 1357.990 C5130.150 1342.960 5089.670 1327.920 5049.190 1312.890 C5044.060 1310.980 5040.270 1310.710 5037.840 1312.100 C5036.320 1312.970 5034.600 1315.970 5032.680 1321.110 C5030.490 1325.390 5028.290 1329.670 5026.090 1333.950 C5006.820 1377.260 4987.540 1420.570 4968.270 1463.880 C4952.910 1498.490 4948.010 1520.670 4953.580 1530.410 C4953.920 1531.020 4954.600 1531.850 4955.600 1532.890 C4956.030 1533.650 4956.470 1534.410 4956.900 1535.170 C4962.510 1542.870 4965.840 1547.630 4966.880 1549.460 C4973.140 1560.420 4971.090 1568.860 4960.740 1574.770 C4950.390 1580.680 4941.820 1577.700 4935.040 1565.830 C4931.610 1557.690 4928.180 1549.560 4924.740 1541.430 C4919.530 1529.470 4912.830 1516.330 4904.660 1502.020 C4895.270 1485.580 4884.530 1468.900 4872.450 1451.990 C4864.450 1440.810 4860.010 1434.460 4859.150 1432.940 C4852.710 1421.670 4854.520 1413.170 4864.570 1407.430 C4875.530 1401.170 4884.400 1403.980 4891.180 1415.850 C4893.090 1419.200 4895.480 1424.090 4898.350 1430.530 C4903.910 1443.100 4907.220 1450.300 4908.260 1452.120 C4912.430 1459.430 4916.040 1462.210 4919.090 1460.480 C4921.220 1459.260 4923.330 1456.240 4925.420 1451.410 L4992.440 1300.480 C4993.830 1297.270 4994.090 1294.900 4993.230 1293.370 C4992.530 1292.160 4990.180 1290.870 4986.180 1289.520 C4963.050 1281.540 4939.920 1273.550 4916.780 1265.570 C4911.130 1268.390 4904.800 1271.810 4897.800 1275.800 C4871.310 1290.930 4857.240 1299.170 4855.590 1300.520 C4839.630 1312.860 4835.300 1325.430 4842.600 1338.220 C4843.640 1340.040 4846.010 1343.130 4849.710 1347.480 C4853.400 1351.830 4856.210 1355.680 4858.120 1359.030 C4860.380 1362.990 4860.850 1367.160 4859.520 1371.550 C4858.190 1375.950 4855.400 1379.360 4851.130 1381.790 C4840.480 1387.880 4831.330 1384.220 4823.670 1370.830 C4823.070 1369.760 4822.460 1368.700 4821.850 1367.630 C4821.460 1366.240 4821.000 1365.090 4820.480 1364.170 L4809.530 1336.510 C4806.790 1329.600 4801.600 1319.440 4793.940 1306.050 C4788.380 1296.310 4783.320 1288.500 4778.750 1282.630 C4772.750 1274.950 4766.750 1267.270 4760.750 1259.600 C4760.410 1258.990 4759.730 1258.160 4758.730 1257.120 C4758.210 1256.200 4757.690 1255.290 4757.170 1254.380 C4749.340 1240.680 4750.760 1230.780 4761.410 1224.700 C4771.160 1219.130 4778.720 1221.070 4784.110 1230.510 C4785.680 1233.250 4787.570 1237.620 4789.780 1243.620 C4791.260 1247.620 4792.780 1250.990 4794.350 1253.730 C4803.040 1268.960 4818.810 1270.050 4841.640 1257.010 C4841.030 1257.350 4851.770 1251.420 4873.870 1239.210 C4887.260 1231.550 4900.660 1223.900 4914.050 1216.250 C4926.840 1208.950 4939.630 1201.650 4952.410 1194.350 L4993.060 1171.130 C5003.630 1164.890 5014.190 1158.660 5024.760 1152.420 C5047.600 1139.380 5054.670 1125.250 5045.970 1110.020 C5044.230 1106.980 5041.950 1104.040 5039.130 1101.220 C5035.080 1096.260 5032.280 1092.410 5030.710 1089.670 C5025.150 1079.930 5027.390 1072.190 5037.440 1066.450 C5048.090 1060.360 5057.330 1064.170 5065.160 1077.870 C5066.030 1079.390 5067.010 1081.460 5068.090 1084.070 C5071.350 1091.900 5074.610 1099.720 5077.870 1107.550 C5082.220 1117.990 5086.300 1126.560 5090.130 1133.260 C5094.820 1141.480 5102.780 1153.280 5113.990 1168.680 C5125.210 1184.080 5131.510 1192.990 5132.900 1195.430 C5140.210 1208.220 5138.530 1217.650 5127.880 1223.740 C5123.610 1226.170 5119.250 1226.850 5114.800 1225.760 C5110.340 1224.670 5106.980 1222.150 5104.720 1218.190 C5102.980 1215.140 5101.090 1210.770 5099.050 1205.080 C5098.440 1202.600 5096.920 1199.230 5094.480 1194.960 C5088.400 1184.310 5080.840 1179.740 5071.820 1181.260 C5062.800 1182.780 5043.910 1191.950 5015.160 1208.780 C4996.370 1219.710 4977.580 1230.640 4958.800 1241.570 Z
letterform	tool	M3669.503 2559.601 C3668.848 2560.611 3668.361 2561.406 3668.042 2561.986 C3667.842 2562.351 3667.299 2563.416 3666.413 2565.180 L3665.264 2564.730 C3666.192 2562.400 3666.514 2560.544 3666.231 2559.162 C3665.948 2557.780 3665.129 2556.474 3663.774 2555.242 C3662.781 2554.339 3661.767 2553.776 3660.732 2553.553 C3659.697 2553.330 3658.578 2553.455 3657.373 2553.928 C3656.169 2554.401 3655.077 2555.175 3654.099 2556.251 C3652.792 2557.688 3652.155 2559.126 3652.189 2560.564 C3652.223 2562.002 3652.860 2563.286 3654.101 2564.414 C3654.515 2564.790 3654.938 2565.099 3655.370 2565.341 C3655.802 2565.583 3656.501 2565.879 3657.468 2566.228 L3657.513 2566.553 L3655.634 2567.934 C3654.854 2567.129 3654.324 2566.601 3654.045 2566.347 C3652.783 2565.199 3651.406 2564.755 3649.914 2565.014 C3648.422 2565.273 3647.169 2565.961 3646.153 2567.078 C3645.241 2568.081 3644.829 2569.266 3644.919 2570.632 C3645.009 2571.998 3645.612 2573.189 3646.729 2574.205 C3647.401 2574.816 3648.170 2575.269 3649.035 2575.565 C3649.900 2575.860 3650.777 2575.997 3651.667 2575.974 C3652.210 2575.750 3653.178 2575.279 3654.568 2574.560 L3655.530 2575.434 L3651.183 2578.283 C3649.832 2578.377 3648.719 2578.291 3647.846 2578.026 C3646.429 2577.569 3645.126 2576.800 3643.936 2575.718 C3642.188 2574.129 3641.224 2572.411 3641.042 2570.564 C3640.860 2568.717 3641.366 2567.137 3642.561 2565.824 C3643.369 2564.934 3644.430 2564.297 3645.743 2563.913 C3647.056 2563.529 3648.752 2563.461 3650.832 2563.709 C3649.804 2562.491 3649.123 2561.385 3648.789 2560.392 C3648.455 2559.398 3648.420 2558.393 3648.683 2557.376 C3648.946 2556.359 3649.464 2555.427 3650.235 2554.579 C3651.354 2553.348 3652.842 2552.491 3654.699 2552.007 C3656.556 2551.522 3658.541 2551.532 3660.653 2552.035 C3662.765 2552.539 3664.643 2553.538 3666.287 2555.033 C3667.011 2555.691 3667.612 2556.361 3668.089 2557.040 C3668.567 2557.720 3669.038 2558.574 3669.503 2559.601 Z
letterform	svg	M1886.080 4818.300 C1872.590 4825.840 1859.090 4833.380 1845.590 4840.930 C1844.560 4839.080 1843.530 4837.240 1842.500 4835.400 C1854.340 4828.780 1866.180 4822.170 1878.020 4815.550 C1874.610 4809.450 1871.210 4803.350 1867.800 4797.260 C1869.460 4796.330 1871.110 4795.400 1872.770 4794.480 C1877.210 4802.420 1881.650 4810.360 1886.080 4818.300 Z
letterform	tool	M691.250 2139.563 L519.340 2115.644 L549.318 2075.621 L669.419 2094.246 L615.477 1987.295 L644.652 1948.346 L786.150 2240.089 L756.631 2279.498 L691.250 2139.563 Z
letterform	svg	M2579.370 1830.070 C2580.090 1830.950 2580.380 1831.990 2580.230 1833.190 C2580.080 1834.380 2579.510 1835.390 2578.500 1836.210 C2577.460 1837.050 2576.340 1837.420 2575.120 1837.320 C2573.910 1837.220 2572.920 1836.710 2572.170 1835.780 C2571.410 1834.840 2571.100 1833.780 2571.250 1832.600 C2571.400 1831.420 2572.000 1830.390 2573.060 1829.530 C2574.150 1828.650 2575.330 1828.310 2576.610 1828.490 C2577.730 1828.650 2578.650 1829.170 2579.370 1830.070 Z M2578.930 1830.270 C2578.430 1829.660 2577.810 1829.350 2577.050 1829.350 C2576.120 1829.350 2575.100 1829.790 2574.020 1830.670 C2572.900 1831.570 2572.240 1832.510 2572.030 1833.470 C2571.870 1834.210 2572.030 1834.880 2572.520 1835.480 C2573.040 1836.120 2573.720 1836.440 2574.560 1836.460 C2575.400 1836.470 2576.350 1836.040 2577.430 1835.160 C2578.600 1834.220 2579.280 1833.280 2579.480 1832.350 C2579.640 1831.610 2579.450 1830.920 2578.930 1830.270 Z
letterform	tool	M318.780 2547.853 L321.181 2538.691 L322.063 2538.922 C321.906 2539.782 321.912 2540.374 322.082 2540.699 C322.252 2541.024 322.560 2541.245 323.005 2541.361 C323.498 2541.491 324.130 2541.512 324.901 2541.425 L338.700 2540.042 L329.695 2532.660 L326.149 2533.057 C325.095 2533.189 324.304 2533.517 323.775 2534.042 C323.461 2534.333 323.155 2534.950 322.857 2535.892 L321.974 2535.661 L324.700 2525.258 L325.582 2525.489 C325.330 2526.647 325.324 2527.512 325.565 2528.085 C325.736 2528.470 326.100 2528.735 326.657 2528.881 C326.975 2528.965 327.318 2528.986 327.685 2528.947 L341.535 2527.272 L330.645 2519.498 C329.869 2518.955 329.227 2518.616 328.718 2518.483 C328.416 2518.404 328.105 2518.488 327.785 2518.736 C327.465 2518.983 327.171 2519.556 326.901 2520.455 L326.018 2520.224 L327.825 2513.328 L328.708 2513.559 C328.552 2514.997 329.224 2516.261 330.723 2517.351 L347.635 2529.584 L347.379 2530.562 L331.990 2532.369 L344.279 2542.396 L344.048 2543.279 L323.838 2545.481 C322.556 2545.638 321.654 2545.886 321.132 2546.225 C320.609 2546.564 320.120 2547.184 319.663 2548.084 L318.780 2547.853 Z
letterform	svg	M4805.780 4318.920 L4804.490 4318.200 C4807.440 4315.880 4810.380 4313.560 4813.330 4311.230 C4813.430 4311.280 4813.520 4311.340 4813.620 4311.390 C4813.250 4315.140 4812.870 4318.880 4812.500 4322.630 C4812.070 4322.390 4811.630 4322.150 4811.200 4321.910 C4811.460 4319.290 4811.720 4316.670 4811.990 4314.060 L4805.780 4318.920 Z
letterform	tool	M1027.877 1225.943 L1000.428 1246.328 L851.869 1167.627 L942.345 1289.461 L920.962 1305.340 L811.062 1157.349 L838.512 1136.964 L987.070 1215.665 L896.594 1093.831 L917.977 1077.952 L1027.877 1225.943 Z
letterform	svg	M4121.140 4562.720 C4116.350 4565.970 4111.560 4569.220 4106.770 4572.460 C4106.200 4571.620 4105.630 4570.780 4105.050 4569.940 C4109.850 4566.690 4114.640 4563.440 4119.430 4560.200 C4118.560 4558.910 4117.690 4557.630 4116.820 4556.350 C4117.610 4555.810 4118.400 4555.270 4119.190 4554.740 C4121.500 4558.140 4123.810 4561.550 4126.120 4564.950 C4125.330 4565.490 4124.530 4566.030 4123.740 4566.560 C4122.870 4565.280 4122.010 4564.000 4121.140 4562.720 Z
letterform	tool	M659.251 4488.531 C666.639 4491.096 673.254 4492.840 679.096 4493.765 C684.939 4494.689 690.106 4494.643 694.598 4493.627 C699.090 4492.611 702.866 4490.611 705.926 4487.626 C708.986 4484.641 711.442 4480.480 713.295 4475.144 C715.119 4469.890 715.762 4465.124 715.224 4460.843 C714.686 4456.563 712.969 4452.633 710.073 4449.052 C707.177 4445.471 703.150 4442.233 697.992 4439.338 C692.834 4436.444 686.561 4433.714 679.172 4431.149 C673.508 4429.182 667.900 4427.649 662.349 4426.550 C656.797 4425.451 651.586 4425.228 646.713 4425.882 C641.841 4426.536 637.525 4428.303 633.765 4431.183 C630.006 4434.064 627.086 4438.500 625.005 4444.493 C622.925 4450.485 622.468 4455.777 623.634 4460.367 C624.800 4464.957 627.092 4469.018 630.511 4472.551 C633.930 4476.084 638.158 4479.138 643.197 4481.715 C648.235 4484.292 653.587 4486.564 659.251 4488.531 Z M654.335 4502.692 C647.767 4500.412 642.141 4497.010 637.457 4492.486 C632.773 4487.962 629.083 4482.956 626.390 4477.467 C623.696 4471.979 622.063 4466.283 621.490 4460.381 C620.917 4454.480 621.515 4448.984 623.282 4443.894 C625.163 4438.476 628.163 4433.608 632.284 4429.289 C636.405 4424.971 641.216 4421.513 646.717 4418.915 C652.218 4416.318 658.180 4414.777 664.603 4414.294 C671.026 4413.810 677.521 4414.708 684.089 4416.988 C689.835 4418.983 695.074 4422.044 699.804 4426.170 C704.535 4430.296 708.365 4435.029 711.294 4440.369 C714.223 4445.709 716.096 4451.442 716.914 4457.567 C717.731 4463.691 717.099 4469.750 715.019 4475.743 C712.881 4481.900 709.628 4487.163 705.259 4491.534 C700.890 4495.904 695.929 4499.264 690.376 4501.613 C684.824 4503.963 678.906 4505.243 672.624 4505.454 C666.342 4505.664 660.245 4504.744 654.335 4502.692 Z
letterform	svg	M4659.760 220.640 C4675.120 291.890 4690.480 363.140 4705.850 434.390 C4689.390 437.940 4672.930 441.480 4656.470 445.030 C4641.110 373.780 4625.750 302.530 4610.380 231.280 C4626.840 227.740 4643.300 224.190 4659.760 220.640 Z M4583.760 144.020 C4581.890 135.390 4583.430 127.250 4588.370 119.600 C4593.300 111.950 4600.160 107.180 4608.940 105.290 C4617.860 103.360 4626.150 104.870 4633.790 109.810 C4641.410 114.590 4646.180 121.450 4648.100 130.370 C4650.030 139.300 4648.520 147.580 4643.590 155.230 C4638.800 162.850 4631.950 167.620 4623.020 169.540 C4614.100 171.470 4605.810 169.960 4598.160 165.030 C4590.510 160.090 4585.710 153.090 4583.760 144.020 Z
letterform	tool	M3848.567 3260.719 L3972.900 3262.610 C3995.280 3262.950 4015.552 3265.642 4033.715 3270.685 C4051.878 3275.729 4067.413 3283.219 4080.320 3293.157 C4093.227 3303.095 4103.091 3315.474 4109.913 3330.294 C4116.735 3345.114 4119.994 3362.471 4119.692 3382.364 C4119.389 3402.257 4115.500 3419.505 4108.023 3434.108 C4100.547 3448.710 4090.207 3460.782 4077.004 3470.323 C4063.801 3479.864 4047.940 3486.981 4029.422 3491.674 C4010.903 3496.367 3990.454 3498.543 3968.074 3498.203 L3889.744 3497.012 L3886.634 3701.540 L3841.874 3700.860 L3848.567 3260.719 Z M3890.321 3459.090 L3966.164 3460.243 C4001.392 3460.779 4028.228 3454.347 4046.671 3440.948 C4065.115 3427.548 4074.535 3407.793 4074.932 3381.683 C4075.348 3354.330 4066.223 3334.190 4047.558 3321.263 C4028.893 3308.335 4002.568 3301.613 3968.584 3301.097 L3892.741 3299.943 L3890.321 3459.090 Z
letterform	svg	M1115.100 1150.400 C1114.970 1148.730 1114.830 1147.060 1114.700 1145.390 C1114.420 1142.240 1114.150 1139.080 1113.870 1135.920 C1113.640 1132.970 1112.500 1131.590 1110.480 1131.750 C1109.960 1131.790 1109.570 1131.860 1109.290 1131.960 C1108.670 1132.130 1108.160 1132.240 1107.760 1132.270 C1107.240 1132.310 1106.790 1132.160 1106.400 1131.810 C1106.010 1131.460 1105.800 1131.010 1105.750 1130.450 C1105.640 1129.060 1106.420 1128.290 1108.090 1128.160 C1108.290 1128.140 1108.590 1128.140 1108.990 1128.150 C1110.370 1128.180 1111.750 1128.200 1113.130 1128.230 C1114.700 1128.270 1116.430 1128.210 1118.340 1128.050 C1119.380 1127.970 1121.600 1127.730 1125.010 1127.340 C1127.290 1127.070 1129.570 1126.810 1131.850 1126.550 C1132.760 1126.430 1133.830 1126.290 1135.050 1126.110 C1135.610 1126.020 1136.200 1125.950 1136.840 1125.900 C1138.940 1125.730 1140.070 1126.580 1140.220 1128.450 C1140.280 1129.170 1140.270 1130.270 1140.190 1131.760 C1140.110 1133.240 1140.100 1134.360 1140.160 1135.120 C1140.210 1135.760 1140.320 1136.550 1140.470 1137.500 C1140.630 1138.440 1140.740 1139.310 1140.800 1140.110 C1140.930 1141.740 1140.280 1142.610 1138.850 1142.730 C1137.380 1142.850 1136.570 1141.970 1136.420 1140.100 C1136.380 1139.550 1136.340 1138.690 1136.300 1137.530 C1136.270 1136.370 1136.230 1135.520 1136.190 1134.960 C1136.020 1132.850 1135.310 1131.570 1134.070 1131.110 C1132.840 1130.650 1129.990 1130.600 1125.540 1130.960 C1121.760 1131.260 1119.640 1131.770 1119.180 1132.490 C1118.820 1133.040 1118.770 1134.880 1119.030 1138.020 C1119.140 1139.490 1119.260 1140.960 1119.380 1142.440 C1119.470 1143.550 1119.680 1144.220 1119.990 1144.460 C1120.310 1144.690 1121.150 1144.750 1122.500 1144.650 C1123.160 1144.590 1123.810 1144.540 1124.470 1144.490 C1127.050 1144.280 1128.270 1143.220 1128.110 1141.310 C1128.080 1140.870 1127.980 1140.280 1127.820 1139.540 C1127.660 1138.790 1127.560 1138.220 1127.530 1137.820 C1127.410 1136.310 1128.070 1135.490 1129.500 1135.380 C1130.850 1135.270 1131.590 1136.090 1131.740 1137.840 C1131.760 1138.080 1131.750 1138.560 1131.730 1139.280 C1131.700 1140.360 1131.670 1141.450 1131.630 1142.530 C1131.590 1143.970 1131.600 1145.050 1131.650 1145.770 C1131.790 1147.400 1132.130 1149.450 1132.690 1151.930 C1132.880 1152.750 1133.000 1153.540 1133.060 1154.300 C1133.190 1155.850 1132.530 1156.680 1131.100 1156.800 C1129.750 1156.910 1129.010 1156.130 1128.870 1154.460 C1128.840 1154.060 1128.820 1153.460 1128.820 1152.660 C1128.810 1151.860 1128.800 1151.260 1128.760 1150.860 C1128.660 1149.630 1128.260 1148.860 1127.560 1148.560 C1127.100 1148.320 1126.170 1148.250 1124.780 1148.360 C1124.160 1148.410 1123.550 1148.460 1122.930 1148.510 C1121.540 1148.620 1120.700 1148.850 1120.410 1149.200 C1120.110 1149.540 1120.030 1150.430 1120.140 1151.860 C1120.330 1154.220 1120.520 1156.590 1120.710 1158.960 C1120.860 1160.820 1121.170 1162.070 1121.640 1162.690 C1122.110 1163.310 1122.930 1163.580 1124.080 1163.490 C1124.360 1163.460 1124.790 1163.410 1125.390 1163.320 C1125.980 1163.230 1126.410 1163.180 1126.690 1163.160 C1128.520 1163.010 1129.490 1163.610 1129.600 1164.960 C1129.640 1165.520 1129.470 1166.010 1129.090 1166.440 C1128.700 1166.870 1128.210 1167.110 1127.620 1167.160 C1126.980 1167.210 1126.040 1167.190 1124.790 1167.090 C1123.020 1166.950 1121.020 1166.970 1118.790 1167.150 C1117.360 1167.270 1115.840 1167.510 1114.230 1167.880 C1113.560 1168.040 1112.890 1168.190 1112.230 1168.340 C1112.110 1168.350 1111.970 1168.380 1111.810 1168.440 C1111.690 1168.450 1111.570 1168.460 1111.450 1168.460 C1109.710 1168.610 1108.770 1167.960 1108.660 1166.530 C1108.560 1165.260 1109.120 1164.570 1110.350 1164.470 C1110.510 1164.460 1111.030 1164.460 1111.910 1164.470 C1112.360 1164.550 1112.780 1164.580 1113.180 1164.540 C1114.250 1164.460 1114.970 1164.070 1115.340 1163.380 C1115.700 1162.690 1115.840 1161.510 1115.740 1159.840 C1115.530 1156.690 1115.310 1153.550 1115.100 1150.400 Z
letterform	tool	M267.180 1178.171 C262.643 1184.782 260.311 1191.116 260.185 1197.172 C260.060 1203.229 262.780 1208.168 268.348 1211.989 C270.871 1213.720 273.614 1214.804 276.579 1215.239 C279.543 1215.674 282.517 1215.443 285.500 1214.547 C288.482 1213.651 291.392 1212.161 294.230 1210.078 C297.068 1207.994 299.621 1205.300 301.890 1201.994 C304.158 1198.688 305.813 1195.345 306.854 1191.964 C307.895 1188.583 308.319 1185.355 308.126 1182.280 C307.934 1179.204 307.145 1176.392 305.760 1173.841 C304.375 1171.291 302.465 1169.180 300.029 1167.508 C297.245 1165.598 294.414 1164.455 291.537 1164.079 C288.659 1163.704 285.794 1164.009 282.942 1164.995 C280.090 1165.981 277.317 1167.597 274.624 1169.843 C271.930 1172.089 269.449 1174.865 267.180 1178.171 Z M228.068 1236.555 C228.846 1237.472 229.697 1238.377 230.622 1239.267 C231.546 1240.157 232.748 1241.110 234.227 1242.125 C237.619 1244.454 241.157 1245.826 244.838 1246.241 C248.520 1246.657 252.226 1246.385 255.956 1245.426 C259.686 1244.466 263.350 1242.950 266.948 1240.877 C270.546 1238.804 273.958 1236.443 277.184 1233.794 C280.410 1231.145 283.330 1228.382 285.944 1225.506 C288.558 1222.629 290.791 1219.842 292.642 1217.146 L292.381 1216.967 C290.496 1217.848 288.437 1218.611 286.204 1219.254 C283.971 1219.897 281.589 1220.245 279.057 1220.299 C276.524 1220.352 273.880 1220.009 271.125 1219.270 C268.369 1218.530 265.556 1217.175 262.685 1215.205 C260.424 1213.652 258.053 1211.513 255.573 1208.787 C253.093 1206.061 251.153 1202.874 249.754 1199.226 C248.354 1195.579 247.831 1191.540 248.183 1187.111 C248.536 1182.682 250.414 1177.988 253.817 1173.030 C256.802 1168.680 260.208 1165.163 264.034 1162.479 C267.860 1159.794 271.915 1158.034 276.199 1157.200 C280.483 1156.365 284.872 1156.497 289.364 1157.597 C293.856 1158.696 298.320 1160.769 302.757 1163.814 C306.497 1166.381 309.674 1169.490 312.288 1173.139 C314.902 1176.789 316.521 1181.003 317.144 1185.782 C317.767 1190.561 317.235 1195.858 315.546 1201.674 C313.858 1207.489 310.656 1213.833 305.939 1220.705 C300.983 1227.926 295.463 1234.151 289.378 1239.380 C283.294 1244.610 276.993 1248.475 270.477 1250.977 C263.961 1253.480 257.363 1254.422 250.685 1253.805 C244.006 1253.188 237.564 1250.687 231.361 1246.301 C229.882 1245.286 228.788 1244.503 228.078 1243.952 C227.369 1243.401 226.726 1242.799 226.149 1242.148 L227.058 1236.629 L228.068 1236.555 Z
letterform	svg	M2209.780 3660.900 C2209.730 3660.100 2209.680 3659.300 2209.640 3658.500 C2209.260 3652.020 2210.360 3647.110 2212.930 3643.770 C2215.500 3640.430 2218.710 3638.650 2222.560 3638.430 C2224.220 3638.330 2226.210 3638.480 2228.510 3638.870 C2228.660 3641.470 2228.820 3644.060 2228.970 3646.660 C2227.660 3646.270 2226.420 3646.110 2225.250 3646.170 C2222.130 3646.360 2220.010 3647.310 2218.900 3649.050 C2217.780 3650.780 2217.350 3653.780 2217.600 3658.040 C2217.650 3658.840 2217.690 3659.640 2217.740 3660.440 C2220.130 3660.300 2222.520 3660.160 2224.920 3660.020 C2225.050 3662.420 2225.190 3664.810 2225.330 3667.200 L2218.160 3667.620 C2218.800 3678.640 2219.440 3689.670 2220.080 3700.700 C2217.430 3700.850 2214.770 3701.000 2212.120 3701.160 C2211.480 3690.130 2210.830 3679.110 2210.190 3668.080 C2208.270 3668.190 2206.340 3668.300 2204.420 3668.420 C2204.280 3666.020 2204.140 3663.630 2204.000 3661.240 C2205.930 3661.130 2207.850 3661.020 2209.780 3660.900 Z
letterform	tool	M4295.460 2064.394 C4306.089 2061.534 4315.010 2060.992 4322.223 2062.766 C4329.436 2064.541 4335.763 2068.354 4341.204 2074.207 C4349.554 2083.188 4353.293 2093.891 4352.420 2106.316 C4351.547 2118.740 4345.664 2130.016 4334.770 2140.143 C4328.512 2145.961 4321.938 2150.074 4315.048 2152.483 C4308.159 2154.891 4301.636 2155.283 4295.482 2153.659 C4289.327 2152.035 4284.094 2148.905 4279.785 2144.269 C4276.499 2140.735 4274.034 2136.544 4272.392 2131.698 C4270.749 2126.851 4270.128 2121.216 4270.531 2114.793 C4270.876 2109.935 4272.116 2103.542 4274.253 2095.615 L4273.525 2094.833 C4262.992 2098.143 4255.477 2100.053 4250.980 2100.561 C4244.963 2101.293 4239.219 2100.692 4233.747 2098.757 C4228.275 2096.822 4223.250 2093.392 4218.671 2088.466 C4212.637 2081.976 4208.511 2073.849 4206.292 2064.083 C4204.073 2054.317 4204.651 2044.597 4208.026 2034.923 C4211.402 2025.249 4216.856 2016.911 4224.389 2009.908 C4230.937 2003.820 4238.173 1999.605 4246.096 1997.263 C4254.019 1994.921 4261.622 1994.820 4268.906 1996.961 C4276.189 1999.102 4282.551 2003.098 4287.992 2008.951 C4294.511 2015.963 4298.323 2024.247 4299.431 2033.804 C4300.538 2043.362 4298.972 2053.297 4294.733 2063.612 L4295.460 2064.394 Z M4282.966 2091.566 C4280.557 2100.827 4279.903 2108.403 4281.003 2114.293 C4282.104 2120.183 4284.998 2125.649 4289.685 2130.691 C4293.564 2134.863 4297.933 2137.849 4302.794 2139.650 C4307.655 2141.450 4312.530 2141.698 4317.420 2140.393 C4322.310 2139.088 4326.842 2136.496 4331.014 2132.617 C4337.504 2126.583 4340.992 2119.965 4341.478 2112.761 C4341.965 2105.557 4339.488 2099.028 4334.047 2093.176 C4328.714 2087.439 4322.829 2084.538 4316.394 2084.471 C4309.958 2084.404 4298.815 2086.769 4282.966 2091.566 Z M4285.511 2067.810 C4288.346 2057.613 4289.080 2048.990 4287.713 2041.943 C4286.347 2034.895 4282.728 2028.213 4276.856 2021.897 C4271.900 2016.566 4266.522 2012.815 4260.723 2010.644 C4254.924 2008.473 4249.043 2008.161 4243.081 2009.707 C4237.118 2011.253 4231.848 2014.154 4227.271 2018.410 C4222.519 2022.827 4219.139 2028.022 4217.129 2033.995 C4215.120 2039.968 4214.930 2045.951 4216.559 2051.945 C4218.188 2057.938 4221.319 2063.427 4225.952 2068.410 C4229.938 2072.698 4234.203 2075.485 4238.747 2076.770 C4243.291 2078.055 4248.989 2077.997 4255.842 2076.596 C4262.695 2075.194 4272.585 2072.265 4285.511 2067.810 Z
letterform	svg	M3511.990 3049.720 C3518.680 3049.920 3525.370 3050.130 3532.060 3050.330 C3533.320 3009.120 3534.590 2967.900 3535.850 2926.690 C3529.160 2926.480 3522.480 2926.270 3515.790 2926.070 C3515.810 2925.230 3515.840 2924.380 3515.860 2923.540 C3534.790 2924.120 3553.710 2924.700 3572.630 2925.280 C3572.600 2926.130 3572.580 2926.970 3572.550 2927.810 C3566.340 2927.620 3560.140 2927.430 3553.930 2927.240 C3553.340 2946.400 3552.750 2965.560 3552.160 2984.730 C3552.770 2984.740 3553.370 2984.760 3553.970 2984.780 C3572.760 2966.180 3591.540 2947.580 3610.330 2928.970 C3604.060 2928.780 3597.800 2928.590 3591.530 2928.390 C3591.560 2927.550 3591.580 2926.710 3591.610 2925.860 C3604.080 2926.250 3616.550 2926.630 3629.030 2927.010 C3629.000 2927.860 3628.980 2928.700 3628.950 2929.540 C3623.950 2929.390 3618.950 2929.240 3613.950 2929.080 C3598.140 2944.820 3582.340 2960.560 3566.540 2976.300 C3587.640 3001.980 3608.750 3027.660 3629.850 3053.340 C3633.830 3053.460 3637.810 3053.580 3641.780 3053.700 C3641.760 3054.550 3641.730 3055.390 3641.710 3056.230 C3624.290 3055.700 3606.880 3055.160 3589.460 3054.630 C3589.490 3053.790 3589.520 3052.940 3589.540 3052.100 C3594.970 3052.260 3600.390 3052.430 3605.810 3052.600 C3588.390 3030.830 3570.960 3009.070 3553.530 2987.300 C3553.050 2987.290 3552.570 2987.270 3552.090 2987.260 C3551.440 3008.470 3550.780 3029.680 3550.130 3050.890 C3556.340 3051.080 3562.550 3051.270 3568.750 3051.460 C3568.730 3052.300 3568.700 3053.150 3568.680 3053.990 C3549.750 3053.410 3530.830 3052.830 3511.910 3052.250 C3511.940 3051.400 3511.960 3050.560 3511.990 3049.720 Z
letterform	tool	M2948.886 2583.507 L2946.333 2585.418 L2946.120 2585.103 C2946.543 2584.728 2946.818 2584.420 2946.946 2584.180 C2947.151 2583.792 2947.232 2583.403 2947.192 2583.016 C2947.151 2582.628 2946.973 2582.202 2946.659 2581.738 L2945.586 2580.154 L2936.995 2585.974 C2936.304 2586.442 2935.924 2586.808 2935.853 2587.074 C2935.764 2587.441 2935.867 2587.843 2936.162 2588.280 L2936.426 2588.669 L2936.120 2588.877 L2932.890 2584.110 L2933.196 2583.902 L2933.466 2584.300 C2933.788 2584.775 2934.160 2585.015 2934.583 2585.019 C2934.842 2585.021 2935.287 2584.808 2935.917 2584.381 L2944.507 2578.562 L2943.591 2577.210 C2943.236 2576.685 2942.944 2576.338 2942.717 2576.170 C2942.417 2575.953 2942.049 2575.844 2941.612 2575.842 C2941.175 2575.839 2940.689 2575.991 2940.154 2576.297 L2939.941 2575.982 L2942.667 2574.328 L2948.886 2583.507 Z
letterform	svg	M708.720 1008.200 C721.340 1021.110 733.950 1034.020 746.570 1046.930 C695.900 1123.480 645.230 1200.040 594.560 1276.590 C646.640 1247.880 698.730 1219.170 750.810 1190.450 C761.690 1201.590 772.570 1212.720 783.460 1223.860 C753.690 1275.410 723.930 1326.960 694.160 1378.510 L927.260 1231.810 C939.870 1244.720 952.490 1257.630 965.100 1270.540 C867.510 1329.590 769.920 1388.630 672.330 1447.680 C660.130 1435.200 647.930 1422.720 635.730 1410.230 L729.150 1244.480 C673.270 1274.410 617.380 1304.350 561.500 1334.280 C549.300 1321.800 537.100 1309.320 524.910 1296.830 L708.720 1008.200 Z
letterform	tool	M4735.398 1831.199 L4734.503 1833.565 C4737.296 1832.182 4739.695 1831.869 4741.700 1832.627 C4742.906 1833.084 4743.843 1833.804 4744.510 1834.789 C4745.177 1835.773 4745.572 1837.031 4745.693 1838.561 C4747.224 1837.655 4748.644 1837.084 4749.953 1836.847 C4751.263 1836.611 4752.456 1836.696 4753.532 1837.103 C4755.221 1837.742 4756.360 1838.798 4756.948 1840.273 C4757.732 1842.182 4757.808 1843.972 4757.176 1845.642 L4750.995 1861.985 L4752.972 1862.733 C4753.528 1862.943 4753.887 1863.201 4754.048 1863.506 C4754.208 1863.810 4754.222 1864.139 4754.088 1864.492 C4753.962 1864.826 4753.736 1865.059 4753.411 1865.190 C4753.085 1865.321 4752.644 1865.282 4752.087 1865.071 L4747.772 1863.439 L4754.754 1844.980 C4755.203 1843.792 4755.213 1842.672 4754.784 1841.618 C4754.355 1840.565 4753.667 1839.859 4752.721 1839.501 C4751.867 1839.178 4750.845 1839.158 4749.657 1839.440 C4748.468 1839.723 4746.916 1840.573 4745.000 1841.991 L4739.134 1857.499 L4741.083 1858.236 C4741.640 1858.447 4741.999 1858.704 4742.159 1859.009 C4742.320 1859.314 4742.334 1859.642 4742.200 1859.995 C4742.074 1860.329 4741.848 1860.562 4741.522 1860.693 C4741.197 1860.825 4740.756 1860.785 4740.199 1860.575 L4735.883 1858.942 L4742.802 1840.651 C4743.272 1839.407 4743.294 1838.243 4742.866 1837.158 C4742.438 1836.073 4741.770 1835.359 4740.860 1835.015 C4740.025 1834.699 4739.097 1834.656 4738.077 1834.885 C4736.657 1835.218 4734.974 1836.077 4733.028 1837.463 L4727.163 1852.971 L4729.139 1853.718 C4729.696 1853.929 4730.055 1854.186 4730.216 1854.491 C4730.376 1854.796 4730.390 1855.125 4730.256 1855.477 C4730.130 1855.811 4729.904 1856.044 4729.578 1856.176 C4729.253 1856.307 4728.812 1856.268 4728.255 1856.057 L4721.963 1853.677 C4721.406 1853.466 4721.049 1853.204 4720.892 1852.890 C4720.735 1852.576 4720.720 1852.252 4720.846 1851.918 C4720.979 1851.565 4721.207 1851.328 4721.529 1851.206 C4721.851 1851.083 4722.290 1851.128 4722.847 1851.338 L4724.824 1852.086 L4732.164 1832.681 L4730.187 1831.933 C4729.630 1831.722 4729.273 1831.460 4729.116 1831.146 C4728.959 1830.832 4728.948 1830.499 4729.081 1830.146 C4729.207 1829.812 4729.433 1829.579 4729.759 1829.448 C4730.084 1829.316 4730.526 1829.356 4731.082 1829.566 L4735.398 1831.199 Z
letterform	svg	M4020.280 2480.610 C4021.170 2480.740 4022.000 2480.730 4022.760 2480.590 C4023.520 2480.440 4024.290 2480.150 4025.050 2479.710 C4026.850 2478.680 4027.900 2477.330 4028.210 2475.660 C4028.510 2473.980 4028.060 2472.080 4026.840 2469.940 C4025.170 2467.030 4023.500 2464.120 4021.840 2461.200 C4022.800 2460.650 4023.770 2460.100 4024.740 2459.540 L4034.790 2477.120 C4033.830 2477.670 4032.860 2478.230 4031.890 2478.780 C4031.230 2477.630 4030.580 2476.490 4029.920 2475.340 C4030.160 2476.860 4029.960 2478.240 4029.340 2479.480 C4028.720 2480.710 4027.730 2481.720 4026.360 2482.510 C4025.650 2482.910 4024.930 2483.200 4024.210 2483.380 C4023.490 2483.560 4022.740 2483.620 4021.960 2483.560 C4021.400 2482.580 4020.840 2481.600 4020.280 2480.610 Z
letterform	tool	M759.463 3452.947 C762.992 3453.981 765.191 3454.236 766.059 3453.711 C766.755 3453.330 767.290 3452.724 767.664 3451.891 C768.038 3451.059 768.671 3449.117 769.565 3446.067 L771.879 3438.171 C773.088 3434.043 773.341 3431.129 772.637 3429.429 C771.933 3427.729 769.907 3426.389 766.557 3425.407 C765.660 3425.144 764.604 3424.868 763.390 3424.577 C761.022 3424.013 759.599 3423.661 759.120 3423.521 C756.488 3422.750 755.479 3421.317 756.092 3419.224 C756.828 3416.711 758.393 3415.806 760.786 3416.507 C761.503 3416.717 762.063 3416.913 762.464 3417.096 L766.856 3419.065 C768.120 3419.630 769.469 3420.122 770.905 3420.543 C771.742 3420.788 773.005 3421.077 774.694 3421.410 C776.383 3421.742 777.646 3422.031 778.484 3422.276 C781.176 3423.065 782.075 3424.985 781.181 3428.035 C781.006 3428.633 780.543 3429.992 779.792 3432.110 C779.312 3433.528 778.603 3435.724 777.667 3438.697 L775.606 3445.401 L771.400 3459.757 C770.979 3461.193 770.338 3463.603 769.477 3466.988 C769.336 3467.467 769.155 3468.307 768.933 3469.508 C768.711 3470.710 768.504 3471.639 768.311 3472.297 C767.575 3474.810 766.130 3475.751 763.976 3475.120 C762.062 3474.559 761.377 3473.351 761.920 3471.497 C762.060 3471.018 762.345 3470.322 762.775 3469.409 C763.205 3468.496 763.490 3467.800 763.631 3467.321 C764.524 3464.271 762.728 3462.088 758.242 3460.774 L722.261 3450.232 C717.834 3448.935 715.174 3449.812 714.280 3452.863 C714.035 3453.701 713.911 3454.346 713.908 3454.800 C713.807 3455.810 713.660 3456.644 713.467 3457.302 C713.239 3458.079 712.762 3458.654 712.036 3459.026 C711.310 3459.398 710.529 3459.461 709.691 3459.216 C707.597 3458.602 706.927 3457.009 707.681 3454.437 C707.786 3454.078 707.947 3453.638 708.165 3453.118 L710.097 3448.520 C711.167 3445.975 711.886 3444.075 712.254 3442.819 C712.710 3441.264 713.121 3439.306 713.488 3436.945 L714.159 3432.660 C714.239 3432.164 714.323 3431.766 714.411 3431.467 C715.199 3428.775 716.640 3427.736 718.734 3428.349 C719.571 3428.595 720.195 3429.070 720.606 3429.775 C721.017 3430.479 721.108 3431.221 720.880 3431.998 C720.705 3432.596 720.379 3433.378 719.901 3434.342 C719.659 3434.726 719.415 3435.336 719.170 3436.174 C718.276 3439.225 720.042 3441.398 724.469 3442.695 L759.463 3452.947 Z
letterform	svg	M824.240 2359.480 C836.710 2366.100 849.170 2372.710 861.640 2379.330 C877.670 2387.700 882.280 2398.810 875.470 2412.660 C868.660 2426.510 856.160 2428.960 837.960 2420.010 C794.830 2398.810 767.490 2378.490 755.920 2359.050 C740.370 2332.730 741.050 2302.370 757.970 2267.950 C773.530 2236.290 794.710 2218.700 821.500 2215.170 C841.000 2212.480 868.350 2219.780 903.560 2237.100 C951.040 2260.440 998.520 2283.780 1045.990 2307.120 C1054.300 2311.200 1060.300 2309.480 1064.000 2301.970 L1073.330 2282.980 C1076.450 2276.650 1081.100 2272.420 1087.300 2270.310 C1093.490 2268.200 1099.560 2268.600 1105.490 2271.520 C1111.030 2274.240 1114.960 2278.750 1117.270 2285.050 C1119.580 2291.340 1119.470 2297.060 1116.940 2302.200 C1113.150 2309.920 1109.350 2317.630 1105.560 2325.350 C1102.250 2332.070 1104.360 2337.280 1111.880 2340.980 C1132.250 2350.990 1152.630 2361.010 1173.000 2371.030 C1188.030 2378.420 1191.760 2389.830 1184.170 2405.260 C1177.170 2419.500 1166.150 2422.930 1151.120 2415.540 C1129.950 2405.130 1108.790 2394.730 1087.620 2384.320 C1081.690 2381.400 1076.970 2383.500 1073.470 2390.630 L1041.670 2455.310 C1034.280 2470.350 1023.660 2474.460 1009.810 2467.650 C995.170 2460.450 991.840 2448.750 999.810 2432.530 L1031.910 2367.250 C1034.630 2361.710 1031.840 2356.900 1023.530 2352.810 C974.870 2328.890 926.200 2304.960 877.540 2281.040 C836.000 2260.620 808.520 2264.060 795.100 2291.350 C781.480 2319.050 791.200 2341.760 824.240 2359.480 Z
letterform	tool	M2523.444 3629.461 C2522.822 3630.551 2521.911 3631.262 2520.712 3631.595 C2519.512 3631.927 2518.382 3631.791 2517.321 3631.186 C2516.251 3630.576 2515.556 3629.671 2515.237 3628.472 C2514.917 3627.273 2515.069 3626.128 2515.691 3625.037 C2516.313 3623.947 2517.220 3623.237 2518.412 3622.906 C2519.604 3622.576 2520.735 3622.716 2521.805 3623.327 C2522.875 3623.937 2523.572 3624.840 2523.894 3626.034 C2524.216 3627.228 2524.066 3628.370 2523.444 3629.461 Z M2522.536 3628.942 C2523.014 3628.104 2523.130 3627.227 2522.883 3626.310 C2522.637 3625.394 2522.105 3624.702 2521.287 3624.235 C2520.469 3623.769 2519.603 3623.663 2518.688 3623.917 C2517.774 3624.172 2517.077 3624.718 2516.599 3625.556 C2516.121 3626.394 2516.006 3627.271 2516.252 3628.188 C2516.499 3629.105 2517.031 3629.796 2517.848 3630.263 C2518.666 3630.729 2519.532 3630.835 2520.447 3630.581 C2521.361 3630.326 2522.058 3629.780 2522.536 3628.942 Z M2525.050 3636.217 L2511.082 3633.328 C2510.918 3633.287 2510.800 3633.247 2510.729 3633.207 C2510.618 3633.143 2510.546 3633.042 2510.512 3632.902 C2510.478 3632.762 2510.495 3632.632 2510.565 3632.511 C2510.622 3632.410 2510.715 3632.329 2510.843 3632.268 C2510.928 3632.236 2511.079 3632.242 2511.295 3632.285 L2525.263 3635.175 C2525.427 3635.215 2525.550 3635.258 2525.631 3635.304 C2525.732 3635.362 2525.799 3635.461 2525.833 3635.600 C2525.867 3635.740 2525.850 3635.871 2525.780 3635.992 C2525.723 3636.093 2525.630 3636.174 2525.502 3636.234 C2525.417 3636.266 2525.266 3636.260 2525.050 3636.217 Z M2520.620 3643.526 C2519.998 3644.616 2519.088 3645.325 2517.891 3645.652 C2516.694 3645.980 2515.560 3645.838 2514.490 3645.228 C2513.430 3644.623 2512.738 3643.719 2512.413 3642.517 C2512.089 3641.315 2512.235 3640.174 2512.851 3639.094 C2513.473 3638.003 2514.381 3637.291 2515.576 3636.955 C2516.771 3636.620 2517.904 3636.757 2518.974 3637.368 C2520.044 3637.978 2520.741 3638.885 2521.066 3640.087 C2521.390 3641.289 2521.242 3642.435 2520.620 3643.526 Z M2519.696 3642.999 C2520.180 3642.151 2520.297 3641.271 2520.048 3640.359 C2519.798 3639.447 2519.265 3638.758 2518.447 3638.292 C2517.629 3637.825 2516.763 3637.719 2515.848 3637.974 C2514.934 3638.228 2514.237 3638.774 2513.759 3639.612 C2513.287 3640.440 2513.173 3641.315 2513.416 3642.237 C2513.660 3643.158 2514.191 3643.852 2515.009 3644.319 C2515.826 3644.785 2516.692 3644.892 2517.607 3644.637 C2518.522 3644.383 2519.218 3643.837 2519.696 3642.999 Z
letterform	svg	M2820.060 4344.790 C2812.730 4350.520 2805.400 4356.240 2798.060 4361.970 C2780.670 4342.430 2763.270 4322.890 2745.880 4303.350 C2747.050 4302.300 2748.230 4301.250 2749.410 4300.200 C2750.360 4301.140 2751.680 4302.340 2753.380 4303.810 C2755.070 4305.270 2756.250 4306.150 2756.930 4306.440 C2758.370 4307.060 2759.670 4307.230 2760.840 4306.930 C2762.000 4306.640 2763.200 4305.940 2764.430 4304.850 C2781.350 4289.790 2798.270 4274.720 2815.190 4259.660 C2816.280 4258.690 2817.090 4257.640 2817.610 4256.520 C2818.130 4255.410 2818.140 4254.030 2817.640 4252.400 C2817.270 4251.120 2816.580 4249.570 2815.570 4247.770 C2814.560 4245.960 2813.690 4244.580 2812.960 4243.630 C2814.130 4242.580 2815.310 4241.530 2816.490 4240.480 C2832.700 4258.700 2848.920 4276.910 2865.130 4295.120 C2859.460 4300.170 2853.790 4305.220 2848.110 4310.270 C2847.010 4309.030 2845.900 4307.790 2844.790 4306.540 C2846.720 4303.630 2848.120 4299.810 2849.000 4295.080 C2849.870 4290.350 2849.550 4286.870 2848.040 4284.650 C2847.260 4283.500 2846.270 4282.180 2845.060 4280.700 C2843.860 4279.210 2842.450 4277.560 2840.820 4275.730 C2837.530 4272.030 2834.240 4268.330 2830.940 4264.640 C2821.590 4272.960 2812.230 4281.290 2802.880 4289.620 C2805.240 4292.280 2807.600 4294.930 2809.970 4297.580 C2812.240 4300.140 2814.140 4301.790 2815.670 4302.540 C2817.200 4303.290 2818.930 4303.610 2820.850 4303.500 C2822.470 4303.370 2824.300 4302.850 2826.370 4301.930 C2828.440 4301.020 2830.260 4300.000 2831.830 4298.900 C2832.940 4300.140 2834.050 4301.390 2835.160 4302.630 C2825.950 4310.830 2816.740 4319.020 2807.540 4327.220 C2806.430 4325.980 2805.320 4324.730 2804.210 4323.490 C2805.690 4321.940 2807.060 4320.080 2808.310 4317.920 C2809.570 4315.760 2810.320 4314.010 2810.550 4312.670 C2810.930 4310.490 2810.740 4308.570 2809.970 4306.900 C2809.200 4305.240 2807.850 4303.330 2805.930 4301.170 C2803.570 4298.520 2801.210 4295.860 2798.850 4293.210 C2791.780 4299.500 2784.710 4305.790 2777.650 4312.080 C2775.520 4313.970 2773.980 4315.610 2773.020 4317.010 C2772.060 4318.400 2771.650 4319.800 2771.780 4321.230 C2771.920 4322.650 2772.560 4324.190 2773.710 4325.850 C2774.860 4327.500 2776.660 4329.710 2779.110 4332.460 C2780.390 4333.900 2781.680 4335.350 2782.960 4336.790 C2784.560 4338.580 2785.970 4340.030 2787.190 4341.140 C2788.450 4342.280 2789.850 4343.370 2791.390 4344.400 C2792.940 4345.440 2794.260 4345.970 2795.360 4346.000 C2798.310 4346.110 2802.150 4345.560 2806.870 4344.360 C2811.600 4343.150 2814.930 4342.110 2816.870 4341.210 C2817.930 4342.410 2819.000 4343.600 2820.060 4344.790 Z
letterform	tool	M3025.686 1128.825 L3046.651 1106.969 L3053.782 1113.809 L2996.618 1173.404 L2989.487 1166.564 L2994.774 1161.051 C2991.546 1162.050 2988.413 1162.166 2985.375 1161.398 C2982.337 1160.630 2979.533 1159.014 2976.963 1156.549 C2971.746 1151.545 2969.589 1145.602 2970.491 1138.720 C2971.392 1131.838 2975.270 1124.825 2982.123 1117.681 C2988.852 1110.666 2995.624 1106.589 3002.438 1105.453 C3009.252 1104.316 3015.255 1106.237 3020.446 1111.217 C3023.067 1113.731 3024.825 1116.490 3025.718 1119.494 C3026.612 1122.497 3026.601 1125.608 3025.686 1128.825 Z M2989.414 1124.972 C2984.139 1130.471 2981.026 1135.453 2980.073 1139.918 C2979.121 1144.383 2980.354 1148.255 2983.772 1151.534 C2987.215 1154.837 2991.173 1155.932 2995.646 1154.819 C3000.118 1153.706 3004.980 1150.412 3010.230 1144.938 C3015.456 1139.490 3018.538 1134.502 3019.476 1129.975 C3020.415 1125.447 3019.162 1121.532 3015.719 1118.228 C3012.301 1114.950 3008.381 1113.879 3003.959 1115.017 C2999.538 1116.154 2994.690 1119.472 2989.414 1124.972 Z
letterform	svg	M380.500 4512.100 C381.570 4512.610 382.490 4513.080 383.260 4513.510 C384.030 4513.940 384.790 4514.530 385.540 4515.290 C386.840 4516.620 387.570 4517.970 387.730 4519.370 C387.890 4520.770 387.480 4522.160 386.510 4523.550 L386.660 4523.700 C388.960 4523.600 391.060 4523.870 392.940 4524.500 C394.830 4525.120 396.650 4526.330 398.400 4528.110 C400.250 4529.990 401.200 4532.100 401.230 4534.450 C401.270 4536.790 400.360 4538.880 398.500 4540.720 C397.530 4541.670 396.530 4542.380 395.500 4542.860 C394.480 4543.340 393.390 4543.610 392.250 4543.670 C391.320 4543.740 390.320 4543.630 389.230 4543.330 C388.150 4543.020 387.190 4542.680 386.360 4542.310 C385.320 4541.830 383.260 4540.810 380.190 4539.240 C377.120 4537.680 374.960 4536.710 373.720 4536.330 C372.880 4537.150 372.040 4537.980 371.210 4538.800 C370.990 4539.020 370.610 4539.480 370.070 4540.190 C369.540 4540.900 369.140 4541.690 368.880 4542.540 C368.590 4543.500 368.510 4544.510 368.650 4545.590 C368.800 4546.670 369.430 4547.770 370.540 4548.910 C371.310 4549.690 372.150 4550.280 373.070 4550.690 C374.000 4551.110 374.730 4551.310 375.290 4551.290 C375.630 4550.960 376.050 4550.390 376.550 4549.580 C377.050 4548.760 377.580 4548.080 378.140 4547.530 C378.740 4546.950 379.540 4546.680 380.560 4546.730 C381.570 4546.780 382.550 4547.280 383.480 4548.230 C384.320 4549.080 384.630 4550.000 384.420 4550.990 C384.210 4551.980 383.730 4552.840 382.990 4553.580 C382.210 4554.340 381.190 4554.800 379.940 4554.950 C378.680 4555.100 377.340 4555.010 375.920 4554.680 C374.690 4554.380 373.380 4553.850 371.980 4553.090 C370.590 4552.330 369.380 4551.440 368.360 4550.400 C366.960 4548.980 365.840 4547.640 364.990 4546.390 C364.140 4545.140 363.620 4543.770 363.410 4542.270 C363.190 4540.790 363.390 4539.290 364.030 4537.790 C364.660 4536.280 365.830 4534.690 367.520 4533.020 C369.940 4530.640 372.120 4528.550 374.040 4526.760 C375.960 4524.970 378.030 4522.980 380.250 4520.800 C380.910 4520.150 381.330 4519.520 381.490 4518.900 C381.660 4518.290 381.640 4517.610 381.450 4516.870 C381.350 4516.470 381.040 4515.980 380.510 4515.420 C379.990 4514.850 379.440 4514.280 378.870 4513.700 C379.420 4513.170 379.960 4512.630 380.500 4512.100 Z M375.810 4534.180 C377.650 4535.200 379.300 4536.050 380.780 4536.740 C382.250 4537.420 383.750 4537.930 385.280 4538.260 C386.690 4538.540 388.030 4538.540 389.300 4538.260 C390.570 4537.970 391.750 4537.300 392.840 4536.230 C394.240 4534.850 394.910 4533.460 394.850 4532.080 C394.790 4530.690 394.190 4529.430 393.080 4528.290 C391.890 4527.090 390.560 4526.320 389.070 4525.980 C387.590 4525.640 386.140 4525.540 384.730 4525.700 C381.750 4528.530 378.780 4531.350 375.810 4534.180 Z
letterform	tool	M1545.671 1341.935 C1546.214 1342.805 1546.549 1343.637 1546.678 1344.429 C1546.807 1345.221 1546.750 1345.907 1546.506 1346.486 C1546.320 1346.940 1546.047 1347.279 1545.687 1347.504 C1545.102 1347.869 1544.390 1347.898 1543.553 1347.591 C1542.511 1347.214 1541.596 1346.393 1540.808 1345.128 C1540.257 1344.243 1539.916 1343.411 1539.785 1342.633 C1539.654 1341.854 1539.700 1341.202 1539.922 1340.676 C1540.144 1340.150 1540.438 1339.772 1540.806 1339.543 C1541.534 1339.090 1542.408 1339.142 1543.427 1339.699 C1544.288 1340.169 1545.036 1340.914 1545.671 1341.935 Z M1544.480 1342.481 C1543.826 1341.431 1543.162 1340.654 1542.490 1340.151 C1541.927 1339.725 1541.434 1339.644 1541.010 1339.908 C1540.807 1340.034 1540.654 1340.256 1540.550 1340.574 C1540.445 1340.892 1540.470 1341.299 1540.624 1341.797 C1540.854 1342.550 1541.334 1343.514 1542.066 1344.689 C1542.608 1345.559 1543.151 1346.229 1543.693 1346.699 C1544.097 1347.046 1544.462 1347.243 1544.788 1347.290 C1545.019 1347.318 1545.244 1347.264 1545.461 1347.129 C1545.717 1346.970 1545.872 1346.714 1545.929 1346.361 C1546.005 1345.881 1545.884 1345.277 1545.565 1344.548 C1545.246 1343.820 1544.885 1343.131 1544.480 1342.481 Z
letterform	svg	M3022.230 898.310 C3018.990 897.260 3015.750 896.220 3012.510 895.170 C3047.460 863.920 3082.410 832.660 3117.350 801.400 C3120.570 802.440 3123.780 803.470 3126.990 804.510 C3092.070 835.780 3057.150 867.040 3022.230 898.310 Z M3039.400 804.030 C3041.820 796.530 3045.840 791.130 3051.470 787.820 C3057.100 784.520 3063.100 783.890 3069.470 785.950 C3075.740 787.970 3080.010 791.880 3082.280 797.680 C3084.550 803.480 3084.300 810.660 3081.530 819.230 C3078.970 827.180 3074.940 832.850 3069.460 836.230 C3063.970 839.620 3058.100 840.290 3051.830 838.270 C3037.650 833.700 3033.510 822.280 3039.400 804.030 Z M3048.790 807.900 C3046.860 813.870 3046.380 818.820 3047.330 822.760 C3048.280 826.700 3050.390 829.190 3053.650 830.250 C3061.910 832.910 3068.060 828.000 3072.090 815.510 C3076.010 803.370 3074.220 796.090 3066.730 793.680 C3063.000 792.470 3059.530 793.150 3056.310 795.720 C3053.090 798.280 3050.580 802.340 3048.790 807.900 Z M3060.360 880.380 C3062.780 872.880 3066.800 867.480 3072.430 864.180 C3078.060 860.870 3084.060 860.240 3090.430 862.300 C3096.700 864.330 3100.970 868.240 3103.240 874.040 C3105.510 879.830 3105.260 887.020 3102.490 895.580 C3099.930 903.540 3095.900 909.210 3090.420 912.590 C3084.930 915.970 3079.060 916.650 3072.790 914.630 C3058.610 910.050 3054.470 898.640 3060.360 880.380 Z M3069.750 884.250 C3067.830 890.220 3067.340 895.170 3068.290 899.110 C3069.240 903.050 3071.350 905.550 3074.610 906.600 C3082.880 909.270 3089.020 904.350 3093.050 891.860 C3096.970 879.730 3095.180 872.450 3087.690 870.030 C3083.960 868.830 3080.490 869.510 3077.270 872.070 C3074.050 874.640 3071.540 878.700 3069.750 884.250 Z
letterform	tool	M179.779 4633.754 L168.123 4647.057 L166.160 4646.173 C166.422 4645.391 166.337 4644.757 165.904 4644.270 C165.471 4643.782 164.058 4643.000 161.665 4641.923 L132.613 4628.841 L180.376 4576.549 C185.613 4570.812 189.091 4567.555 190.813 4566.779 C192.534 4566.003 193.993 4565.884 195.189 4566.422 C197.433 4567.433 198.033 4569.097 196.989 4571.415 C196.366 4572.798 193.997 4575.262 189.883 4578.806 C188.800 4579.713 187.861 4580.549 187.067 4581.316 L140.826 4623.635 L164.775 4634.418 C167.990 4635.866 169.945 4636.668 170.640 4636.823 C171.334 4636.978 172.118 4636.837 172.990 4636.397 C173.862 4635.958 175.284 4634.698 177.255 4632.618 L179.779 4633.754 Z
letterform	svg	M3601.370 2665.990 L3587.000 2623.540 C3585.410 2618.920 3583.690 2616.010 3581.860 2614.820 C3580.030 2613.630 3576.250 2612.960 3570.530 2612.810 C3545.070 2612.150 3519.610 2611.500 3494.140 2610.840 C3488.420 2610.700 3484.460 2611.600 3482.260 2613.540 C3480.070 2615.490 3477.140 2620.860 3473.480 2629.640 C3469.040 2640.550 3464.610 2651.450 3460.180 2662.360 C3458.960 2665.480 3458.310 2668.470 3458.230 2671.330 C3458.000 2680.490 3463.460 2685.210 3474.620 2685.490 C3477.480 2685.570 3481.560 2685.390 3486.870 2684.950 C3492.180 2684.510 3496.120 2684.330 3498.690 2684.390 C3510.420 2684.700 3516.160 2689.850 3515.900 2699.870 C3515.660 2709.310 3509.100 2713.860 3496.230 2713.530 C3493.940 2713.470 3490.800 2713.110 3486.810 2712.430 C3479.680 2711.250 3472.550 2710.060 3465.430 2708.880 C3461.440 2708.200 3454.860 2707.750 3445.710 2707.510 C3435.690 2707.250 3428.680 2707.360 3424.660 2707.830 C3418.630 2708.530 3412.600 2709.240 3406.570 2709.940 C3398.530 2710.880 3392.650 2711.300 3388.930 2711.200 C3377.770 2710.920 3372.310 2706.050 3372.550 2696.610 C3372.810 2686.600 3378.380 2681.730 3389.250 2682.010 C3391.540 2682.070 3393.250 2682.260 3394.390 2682.570 C3396.250 2682.620 3398.110 2682.670 3399.970 2682.710 C3407.690 2682.910 3413.630 2680.060 3417.790 2674.160 C3419.570 2671.910 3422.600 2665.260 3426.890 2654.210 C3455.350 2582.930 3483.810 2511.660 3512.270 2440.390 C3517.150 2428.490 3526.320 2422.720 3539.770 2423.060 C3552.930 2423.400 3561.500 2429.640 3565.480 2441.760 C3589.260 2513.370 3613.050 2584.990 3636.830 2656.600 C3641.350 2670.170 3645.550 2679.150 3649.450 2683.550 C3653.340 2687.940 3659.010 2690.240 3666.450 2690.430 C3668.740 2690.490 3670.460 2690.390 3671.610 2690.130 C3675.620 2689.950 3679.630 2689.760 3683.650 2689.580 C3694.520 2689.860 3699.840 2694.580 3699.600 2703.730 C3699.350 2713.460 3693.790 2718.180 3682.920 2717.900 C3679.770 2717.820 3675.630 2717.430 3670.500 2716.730 C3652.520 2714.260 3639.100 2712.910 3630.230 2712.680 C3619.650 2712.410 3602.450 2713.120 3578.650 2714.790 C3572.620 2715.210 3568.040 2715.380 3564.890 2715.300 C3553.450 2715.000 3547.850 2709.990 3548.100 2700.270 C3548.350 2690.540 3554.770 2685.840 3567.360 2686.160 C3569.930 2686.230 3573.720 2686.610 3578.710 2687.310 C3583.700 2688.010 3587.480 2688.400 3590.060 2688.460 C3599.500 2688.700 3604.320 2684.960 3604.520 2677.240 C3604.550 2676.090 3603.500 2672.350 3601.370 2665.990 Z M3572.720 2577.650 C3560.870 2537.840 3549.010 2498.020 3537.150 2458.210 C3522.970 2497.350 3508.790 2536.500 3494.620 2575.640 C3494.000 2577.340 3493.690 2578.340 3493.680 2578.620 C3493.620 2581.200 3495.730 2582.540 3500.020 2582.650 C3522.770 2583.240 3545.510 2583.820 3568.260 2584.410 C3571.690 2584.500 3573.440 2583.390 3573.490 2581.110 C3573.510 2580.530 3573.250 2579.380 3572.720 2577.650 Z
letterform	tool	M292.826 2061.115 C293.745 2061.264 294.650 2061.393 295.540 2061.501 C296.429 2061.610 297.337 2061.718 298.263 2061.825 C298.206 2062.002 298.153 2062.172 298.105 2062.335 C298.057 2062.499 298.020 2062.664 297.993 2062.832 C297.966 2062.999 297.949 2063.167 297.943 2063.338 C297.937 2063.508 297.933 2063.686 297.931 2063.872 C297.019 2063.681 296.123 2063.497 295.245 2063.318 C294.366 2063.140 293.468 2062.977 292.548 2062.828 C290.794 2062.543 289.272 2062.303 287.981 2062.108 C286.691 2061.913 285.536 2061.741 284.518 2061.590 C284.357 2062.578 284.214 2063.527 284.088 2064.435 C283.962 2065.344 283.884 2066.332 283.854 2067.399 C283.615 2067.288 283.412 2067.220 283.245 2067.192 C283.091 2067.168 282.898 2067.172 282.664 2067.205 C282.795 2066.569 282.913 2065.931 283.017 2065.291 L283.329 2063.369 L283.642 2061.437 C283.743 2060.817 283.833 2060.171 283.914 2059.498 C284.770 2059.680 285.641 2059.860 286.527 2060.040 C287.412 2060.219 288.315 2060.383 289.234 2060.532 L292.826 2061.115 Z
letterform	svg	M3522.560 528.160 C3475.170 558.080 3427.780 588.000 3380.390 617.930 C3394.960 641.010 3412.480 654.750 3432.960 659.170 C3450.950 662.920 3468.730 659.250 3486.290 648.160 C3506.300 635.530 3519.310 619.150 3525.330 599.040 L3555.990 614.970 C3554.000 623.780 3548.660 633.680 3539.970 644.670 C3529.230 658.660 3515.260 671.080 3498.080 681.930 C3473.280 697.590 3446.910 702.480 3418.980 696.590 C3388.000 690.220 3362.630 671.380 3342.860 640.070 C3322.320 607.540 3315.730 575.210 3323.090 543.090 C3329.680 514.370 3345.070 492.380 3369.260 477.100 C3397.380 459.350 3424.410 453.360 3450.370 459.110 C3475.450 464.570 3495.940 479.880 3511.830 505.050 C3516.710 512.790 3520.290 520.490 3522.560 528.160 Z M3389.520 505.520 C3373.930 515.370 3364.030 528.650 3359.830 545.390 C3355.810 561.320 3357.620 576.840 3365.260 591.930 C3401.670 568.950 3438.070 545.960 3474.470 522.980 C3465.550 508.860 3453.690 499.860 3438.880 495.990 C3422.670 491.800 3406.220 494.980 3389.520 505.520 Z
letterform	tool	M166.432 1600.409 L172.434 1592.705 L174.710 1594.479 L165.607 1606.165 L157.970 1587.552 L152.835 1594.144 L150.559 1592.370 L158.796 1581.796 L166.432 1600.409 Z
letterform	svg	M834.560 3973.520 C834.960 3975.460 835.360 3977.400 835.770 3979.340 C830.220 3980.490 824.670 3981.650 819.120 3982.800 C821.040 3984.280 822.560 3985.820 823.680 3987.440 C824.800 3989.060 825.580 3990.900 826.010 3992.960 C826.860 3997.070 825.960 4000.670 823.300 4003.780 C820.640 4006.880 816.530 4009.010 810.960 4010.170 C807.980 4010.790 805.270 4010.910 802.810 4010.530 C800.350 4010.140 798.200 4009.410 796.370 4008.330 C794.580 4007.280 793.080 4005.930 791.870 4004.260 C790.660 4002.600 789.850 4000.740 789.420 3998.700 C789.030 3996.840 788.900 3995.150 789.010 3993.630 C789.130 3992.110 789.430 3990.530 789.930 3988.870 L788.370 3988.810 C787.990 3987.000 787.610 3985.180 787.230 3983.360 C803.010 3980.080 818.780 3976.800 834.560 3973.520 Z M814.230 3983.820 C807.700 3985.180 801.180 3986.530 794.660 3987.890 C794.280 3989.650 794.070 3991.180 794.040 3992.480 C794.000 3993.770 794.140 3995.150 794.440 3996.590 C795.140 3999.950 796.810 4002.270 799.460 4003.550 C802.100 4004.830 805.430 4005.060 809.430 4004.220 C813.470 4003.380 816.440 4002.030 818.320 4000.160 C820.200 3998.300 820.830 3995.850 820.200 3992.810 C819.840 3991.120 819.130 3989.510 818.040 3987.970 C816.960 3986.430 815.690 3985.050 814.230 3983.820 Z
letterform	tool	M2482.946 2932.392 L2487.272 2921.171 C2467.691 2933.856 2445.352 2935.360 2420.255 2925.683 C2391.780 2914.704 2375.389 2898.267 2371.081 2876.371 C2369.232 2866.788 2370.066 2856.716 2373.585 2846.153 C2375.297 2840.992 2379.270 2830.328 2385.504 2814.160 L2397.088 2784.117 C2409.835 2751.057 2412.709 2733.178 2405.711 2730.480 C2404.263 2729.922 2401.854 2729.339 2398.485 2728.733 C2395.115 2728.127 2392.586 2727.498 2390.896 2726.847 C2382.451 2723.590 2379.763 2717.980 2382.833 2710.017 C2385.810 2702.295 2392.487 2700.434 2402.864 2704.435 C2405.277 2705.366 2408.743 2706.979 2413.263 2709.276 C2417.782 2711.573 2421.249 2713.187 2423.662 2714.117 C2425.834 2714.955 2429.713 2716.035 2435.301 2717.358 C2439.107 2718.271 2441.251 2718.821 2441.734 2719.007 C2449.215 2721.891 2451.187 2727.918 2447.652 2737.088 L2444.721 2744.689 L2435.287 2768.078 L2423.874 2794.445 L2414.802 2817.973 C2406.707 2838.967 2402.581 2854.700 2402.424 2865.173 C2402.113 2882.515 2412.454 2895.234 2433.448 2903.329 C2443.825 2907.329 2453.902 2908.512 2463.679 2906.877 C2473.457 2905.242 2481.403 2901.168 2487.517 2894.656 C2495.007 2886.733 2503.823 2869.620 2513.964 2843.317 L2521.640 2823.409 L2530.712 2799.881 C2533.971 2787.833 2533.067 2780.832 2528.000 2778.878 C2525.345 2777.854 2523.080 2777.258 2521.205 2777.090 L2516.861 2775.415 C2508.416 2772.158 2505.635 2766.790 2508.519 2759.309 C2511.776 2750.863 2518.109 2748.455 2527.521 2752.083 C2529.692 2752.921 2532.917 2754.441 2537.196 2756.645 C2541.474 2758.849 2544.699 2760.370 2546.871 2761.207 C2548.801 2761.951 2551.767 2762.887 2555.767 2764.014 C2559.768 2765.140 2562.733 2766.076 2564.664 2766.820 C2571.903 2769.611 2574.034 2774.868 2571.057 2782.590 C2569.754 2785.968 2568.489 2788.530 2567.262 2790.274 C2562.520 2798.979 2556.707 2812.260 2549.821 2830.117 L2528.329 2885.860 C2522.653 2900.580 2519.610 2908.831 2519.200 2910.614 C2515.476 2923.868 2516.388 2931.566 2521.939 2933.706 C2523.628 2934.357 2526.157 2934.986 2529.527 2935.592 C2532.896 2936.198 2535.426 2936.827 2537.115 2937.478 C2545.320 2940.642 2547.887 2946.205 2544.816 2954.168 C2541.653 2962.373 2535.004 2964.521 2524.869 2960.614 C2522.697 2959.776 2519.653 2958.325 2515.737 2956.261 C2509.983 2953.211 2506.382 2951.407 2504.934 2950.849 C2504.210 2950.570 2501.583 2949.834 2497.054 2948.642 C2493.879 2948.249 2491.206 2947.634 2489.034 2946.797 C2482.277 2944.192 2480.248 2939.390 2482.946 2932.392 Z
letterform	svg	M3436.470 2303.310 C3401.280 2280.500 3366.090 2257.680 3330.900 2234.870 C3334.640 2252.680 3338.380 2270.480 3342.120 2288.290 C3335.430 2298.610 3328.750 2308.930 3322.060 2319.250 C3317.450 2295.730 3312.850 2272.220 3308.240 2248.710 C3278.880 2251.710 3249.530 2254.710 3220.170 2257.710 C3226.640 2247.730 3233.100 2237.750 3239.570 2227.780 C3260.740 2225.880 3281.920 2223.980 3303.090 2222.080 C3302.660 2220.060 3302.220 2218.030 3301.790 2216.000 C3288.980 2207.700 3276.170 2199.390 3263.360 2191.090 C3268.340 2183.400 3273.320 2175.710 3278.310 2168.030 C3336.010 2205.430 3393.710 2242.840 3451.420 2280.250 C3446.430 2287.930 3441.450 2295.620 3436.470 2303.310 Z
letterform	tool	M4908.644 245.966 L4910.501 248.237 L4915.088 246.460 L4914.990 243.507 L4916.875 242.777 L4916.710 257.215 L4916.264 257.388 L4906.775 246.690 L4908.644 245.966 Z M4915.314 254.039 L4915.122 247.870 L4911.460 249.289 L4915.314 254.039 Z
letterform	svg	M2745.640 129.310 C2744.530 138.600 2743.430 147.900 2742.330 157.190 C2727.900 158.060 2719.830 165.670 2718.130 180.010 C2716.440 194.250 2718.310 204.620 2723.740 211.140 C2729.160 217.650 2745.890 222.570 2773.940 225.890 C2823.120 231.720 2872.310 237.550 2921.490 243.380 C2920.230 254.000 2918.970 264.630 2917.710 275.250 L2771.430 257.910 C2739.570 254.140 2717.150 246.250 2704.190 234.270 C2691.230 222.280 2686.310 203.120 2689.430 176.770 C2691.230 161.580 2697.220 149.660 2707.410 141.010 C2717.590 132.360 2730.330 128.460 2745.640 129.310 Z
letterform	tool	M97.141 1166.451 L56.746 1345.975 C81.478 1328.644 100.342 1318.203 113.340 1314.653 C126.338 1311.103 138.642 1310.634 150.253 1313.247 C164.187 1316.382 175.291 1322.915 183.566 1332.848 C191.841 1342.780 196.541 1356.505 197.666 1374.025 C198.488 1386.221 195.482 1407.503 188.649 1437.870 L169.114 1524.685 C165.617 1540.226 164.476 1551.136 165.691 1557.415 C166.512 1562.104 168.785 1566.181 172.510 1569.647 C176.234 1573.112 183.813 1576.131 195.245 1578.704 L193.075 1588.350 L72.498 1561.218 L74.669 1551.572 L80.296 1552.838 C91.728 1555.411 100.069 1555.458 105.319 1552.979 C110.568 1550.501 114.850 1546.069 118.164 1539.683 C119.343 1536.945 121.500 1528.610 124.635 1514.676 L144.169 1427.861 C150.199 1401.067 152.773 1383.160 151.894 1374.141 C151.014 1365.123 148.010 1357.831 142.881 1352.267 C137.752 1346.702 130.900 1342.955 122.326 1341.026 C113.573 1339.056 103.940 1339.329 93.428 1341.843 C82.915 1344.357 69.462 1351.183 53.068 1362.320 L23.887 1492.007 C20.108 1508.798 18.695 1519.459 19.646 1523.990 C20.597 1528.520 23.307 1532.743 27.775 1536.657 C32.243 1540.571 40.729 1543.935 53.233 1546.749 L51.062 1556.395 L-70.586 1529.023 L-68.415 1519.376 C-57.519 1521.828 -48.562 1522.061 -41.547 1520.073 C-37.572 1519.091 -33.950 1516.340 -30.681 1511.821 C-27.412 1507.301 -24.049 1497.361 -20.593 1481.998 L29.389 1259.870 C35.700 1231.825 38.909 1214.436 39.016 1207.704 C39.123 1200.972 38.054 1196.133 35.807 1193.188 C33.561 1190.242 30.116 1188.247 25.471 1187.202 C21.720 1186.358 15.325 1186.421 6.286 1187.390 L4.645 1177.167 L84.816 1163.677 L97.141 1166.451 Z
letterform	svg	M3690.380 378.460 C3692.890 376.420 3695.300 375.190 3697.600 374.750 C3699.900 374.320 3702.050 374.380 3704.060 374.930 C3706.080 375.490 3707.890 376.390 3709.510 377.650 C3711.130 378.910 3712.500 380.240 3713.620 381.620 C3719.280 388.590 3724.930 395.550 3730.580 402.520 C3729.450 403.440 3728.320 404.350 3727.190 405.270 C3721.640 398.430 3716.090 391.590 3710.540 384.740 C3709.450 383.390 3708.230 382.210 3706.880 381.190 C3705.540 380.180 3704.110 379.460 3702.600 379.050 C3701.090 378.630 3699.510 378.590 3697.850 378.920 C3696.190 379.250 3694.520 380.100 3692.820 381.470 C3691.130 382.850 3689.950 384.310 3689.280 385.870 C3688.620 387.420 3688.330 388.980 3688.430 390.540 C3688.520 392.100 3688.930 393.650 3689.650 395.170 C3690.370 396.700 3691.270 398.140 3692.370 399.490 L3709.020 420.010 C3707.890 420.930 3706.760 421.850 3705.630 422.760 C3699.980 415.800 3694.320 408.830 3688.670 401.860 C3687.550 400.480 3686.540 398.860 3685.640 397.020 C3684.740 395.170 3684.230 393.210 3684.100 391.120 C3683.970 389.040 3684.370 386.910 3685.280 384.740 C3686.200 382.570 3687.900 380.470 3690.380 378.460 Z
letterform	tool	M178.090 3635.635 C178.244 3635.057 178.486 3634.811 178.817 3634.900 C180.201 3635.269 181.868 3635.780 183.819 3636.432 C185.686 3637.063 187.250 3637.547 188.511 3637.883 C189.771 3638.219 191.327 3638.567 193.178 3638.928 C195.111 3639.311 196.770 3639.687 198.155 3640.056 C198.527 3640.155 198.635 3640.494 198.481 3641.073 C198.343 3641.589 198.104 3641.824 197.762 3641.777 C195.268 3641.422 193.502 3641.427 192.464 3641.792 C191.426 3642.157 190.684 3643.176 190.238 3644.849 L190.106 3645.345 L183.400 3675.721 L208.328 3642.238 C208.540 3641.940 208.873 3641.852 209.328 3641.973 C209.803 3642.100 210.038 3642.340 210.032 3642.692 L214.507 3682.423 L224.349 3654.477 C224.484 3654.136 224.588 3653.832 224.659 3653.563 C225.028 3652.179 224.818 3651.061 224.027 3650.208 C223.237 3649.356 221.658 3648.470 219.292 3647.551 C219.014 3647.433 218.946 3647.105 219.089 3646.568 C219.244 3645.990 219.507 3645.750 219.879 3645.849 C220.953 3646.136 222.403 3646.589 224.230 3647.208 C225.932 3647.795 227.258 3648.215 228.209 3648.469 C229.242 3648.744 230.663 3649.057 232.473 3649.407 C234.221 3649.740 235.559 3650.030 236.489 3650.278 C236.778 3650.356 236.846 3650.683 236.692 3651.262 C236.554 3651.778 236.294 3652.008 235.911 3651.950 C233.225 3651.566 231.293 3651.570 230.115 3651.964 C228.936 3652.358 228.027 3653.466 227.386 3655.286 L216.387 3683.589 C216.267 3683.955 216.169 3684.283 216.092 3684.572 C215.734 3685.915 215.950 3687.013 216.741 3687.865 C217.531 3688.718 219.135 3689.632 221.552 3690.609 C221.842 3690.686 221.909 3691.014 221.755 3691.592 C221.700 3691.799 221.585 3691.978 221.412 3692.131 C221.238 3692.284 221.090 3692.344 220.966 3692.311 C220.201 3692.107 219.133 3691.756 217.761 3691.257 C216.596 3690.814 215.735 3690.518 215.177 3690.369 C214.454 3690.176 213.404 3689.963 212.028 3689.729 C210.611 3689.484 209.520 3689.259 208.756 3689.055 L204.658 3651.018 L181.701 3681.841 C180.875 3681.621 179.807 3681.269 178.497 3680.787 C177.311 3680.338 176.367 3680.020 175.665 3679.833 C174.797 3679.601 173.737 3679.385 172.485 3679.184 C171.192 3678.972 170.090 3678.745 169.181 3678.502 C168.810 3678.403 168.701 3678.064 168.855 3677.486 C169.009 3676.907 169.252 3676.662 169.582 3676.750 C172.077 3677.106 173.843 3677.101 174.880 3676.736 C175.918 3676.371 176.660 3675.352 177.107 3673.678 L177.247 3673.151 L183.598 3643.610 C183.921 3642.147 183.969 3641.075 183.741 3640.395 C183.513 3639.715 182.980 3639.080 182.141 3638.491 C181.302 3637.902 180.043 3637.273 178.362 3636.604 C178.043 3636.475 177.952 3636.152 178.090 3635.635 Z
letterform	svg	M4003.720 4137.370 C3980.200 4123.430 3956.670 4109.490 3933.150 4095.550 C3937.150 4088.800 3941.150 4082.040 3945.150 4075.290 C3961.770 4085.140 3978.390 4094.980 3995.010 4104.830 C4002.950 4091.430 4010.880 4078.040 4018.820 4064.650 C4017.130 4063.860 4015.450 4062.960 4013.790 4061.980 C3998.380 4052.850 3988.480 4040.650 3984.100 4025.390 C3979.710 4010.130 3981.810 3995.250 3990.400 3980.760 C3999.250 3965.810 4011.370 3956.560 4026.750 3953.010 C4042.130 3949.460 4057.640 3952.320 4073.270 3961.580 C4086.170 3969.220 4096.850 3979.750 4105.310 3993.170 C4100.670 4000.980 4096.040 4008.800 4091.410 4016.620 C4084.360 4002.390 4075.370 3992.040 4064.440 3985.570 C4054.880 3979.900 4045.200 3977.940 4035.410 3979.670 C4025.620 3981.400 4018.310 3986.330 4013.500 3994.450 C4008.510 4002.870 4007.870 4012.000 4011.580 4021.840 C4015.290 4031.670 4022.410 4039.710 4032.960 4045.960 C4041.990 4051.310 4048.590 4054.200 4052.750 4054.610 C4036.410 4082.200 4020.070 4109.780 4003.720 4137.370 Z
letterform	tool	M3069.324 4203.713 L3082.125 4214.518 C3084.656 4216.654 3086.093 4219.089 3086.438 4221.824 C3086.783 4224.558 3085.866 4227.216 3083.687 4229.798 C3081.812 4232.019 3079.490 4233.369 3076.719 4233.849 C3073.948 4234.329 3071.129 4233.360 3068.263 4230.941 L3059.316 4223.388 L3049.165 4235.415 L3045.311 4232.162 L3069.324 4203.713 Z M3079.778 4226.532 C3081.543 4224.441 3081.967 4222.367 3081.050 4220.310 C3080.536 4219.190 3079.536 4218.004 3078.052 4216.751 L3070.383 4210.278 L3062.062 4220.135 L3069.731 4226.608 C3071.461 4228.068 3073.176 4228.886 3074.875 4229.060 C3076.574 4229.234 3078.209 4228.391 3079.778 4226.532 Z
letterform	svg	M1161.920 4675.850 C1161.050 4675.640 1160.190 4675.440 1159.330 4675.230 C1160.890 4668.640 1162.450 4662.060 1164.010 4655.470 C1165.850 4655.900 1167.680 4656.340 1169.510 4656.770 C1171.440 4657.230 1172.830 4658.200 1173.690 4659.690 C1174.540 4661.180 1174.730 4662.950 1174.250 4664.990 C1173.790 4666.910 1172.820 4668.340 1171.320 4669.290 C1169.830 4670.240 1168.150 4670.490 1166.280 4670.050 C1165.410 4669.850 1164.510 4669.440 1163.580 4668.830 C1163.030 4671.170 1162.470 4673.510 1161.920 4675.850 Z M1166.080 4658.290 C1165.430 4661.040 1164.770 4663.790 1164.120 4666.540 C1164.830 4667.130 1165.590 4667.530 1166.410 4667.720 C1167.690 4668.030 1168.810 4667.850 1169.770 4667.190 C1170.730 4666.530 1171.380 4665.490 1171.720 4664.060 C1172.030 4662.720 1171.950 4661.610 1171.460 4660.730 C1171.170 4660.200 1170.820 4659.810 1170.410 4659.560 C1170.000 4659.300 1169.220 4659.040 1168.070 4658.760 C1167.410 4658.610 1166.740 4658.450 1166.080 4658.290 Z
letterform	tool	M673.120 4279.014 L667.086 4274.358 L666.279 4277.523 L667.641 4281.100 L665.839 4281.786 L660.813 4268.586 L662.615 4267.899 L665.350 4275.081 L667.517 4266.033 L669.526 4265.268 L667.758 4272.492 L675.111 4278.256 L673.120 4279.014 Z
letterform	svg	M3726.680 430.530 C3762.310 484.330 3797.940 538.130 3833.570 591.920 L3900.890 547.340 C3927.740 529.550 3943.990 508.580 3949.640 484.410 C3955.300 460.250 3949.680 435.420 3932.790 409.910 C3915.900 384.400 3895.300 369.550 3871.010 365.360 C3846.710 361.180 3821.040 368.040 3794.000 385.950 L3726.680 430.530 Z M3636.940 421.270 L3762.370 338.200 C3810.320 306.440 3853.870 293.250 3893.030 298.640 C3932.190 304.020 3965.670 327.710 3993.490 369.710 C4021.560 412.090 4030.450 452.280 4020.160 490.280 C4009.870 528.270 3980.650 563.210 3932.520 595.090 C3910.080 609.950 3887.640 624.810 3865.200 639.680 C3903.300 697.210 3941.410 754.750 3979.520 812.280 L3921.410 850.770 C3826.590 707.600 3731.770 564.430 3636.940 421.270 Z
letterform	tool	M4920.696 4652.375 L4921.390 4652.837 L4914.136 4663.744 L4913.441 4663.282 L4914.053 4662.362 C4914.744 4661.323 4914.941 4660.362 4914.644 4659.478 C4914.443 4658.912 4913.579 4658.121 4912.053 4657.105 L4899.607 4648.826 C4897.692 4647.553 4896.279 4646.311 4895.369 4645.101 C4894.459 4643.891 4893.904 4642.479 4893.705 4640.866 C4893.505 4639.253 4893.888 4637.721 4894.854 4636.269 C4895.636 4635.092 4896.543 4634.360 4897.575 4634.071 C4898.606 4633.782 4899.497 4633.888 4900.248 4634.387 C4900.861 4634.795 4901.220 4635.260 4901.325 4635.781 C4901.438 4636.452 4901.312 4637.062 4900.946 4637.613 C4900.679 4638.014 4900.308 4638.286 4899.833 4638.430 C4899.358 4638.575 4898.389 4638.512 4896.925 4638.243 C4896.058 4638.081 4895.475 4638.225 4895.175 4638.676 C4894.950 4639.014 4894.947 4639.467 4895.164 4640.036 C4895.381 4640.605 4896.016 4641.239 4897.067 4641.938 L4914.450 4653.501 C4915.739 4654.358 4916.644 4654.843 4917.165 4654.955 C4917.562 4655.038 4918.005 4654.954 4918.497 4654.703 C4919.155 4654.365 4919.684 4653.895 4920.084 4653.295 L4920.696 4652.375 Z
letterform	svg	M2488.570 967.830 C2488.800 972.110 2487.230 975.430 2483.860 977.810 C2480.490 980.180 2475.390 981.550 2468.560 981.920 C2461.730 982.280 2456.520 981.460 2452.910 979.460 C2449.310 977.450 2447.400 974.310 2447.170 970.040 C2446.940 965.770 2448.510 962.450 2451.880 960.080 C2455.250 957.710 2460.350 956.350 2467.180 955.980 C2474.010 955.620 2479.230 956.440 2482.830 958.430 C2486.430 960.430 2488.350 963.560 2488.570 967.830 Z M2451.460 969.810 C2451.590 972.350 2453.040 974.170 2455.810 975.270 C2458.580 976.370 2462.730 976.770 2468.270 976.470 C2471.220 976.320 2473.880 976.000 2476.240 975.510 C2469.350 971.610 2462.460 967.710 2455.580 963.810 C2452.700 965.310 2451.320 967.310 2451.460 969.810 Z M2484.280 968.060 C2484.150 965.540 2482.700 963.730 2479.930 962.630 C2477.170 961.530 2473.010 961.130 2467.470 961.430 C2464.950 961.560 2462.600 961.860 2460.420 962.320 C2467.280 966.130 2474.150 969.940 2481.010 973.750 C2483.320 972.260 2484.410 970.370 2484.280 968.060 Z
letterform	tool	M2838.249 3298.788 C2837.778 3299.126 2837.509 3299.520 2837.442 3299.967 C2837.375 3300.415 2837.515 3300.880 2837.861 3301.361 C2838.207 3301.842 2838.606 3302.123 2839.058 3302.203 C2839.510 3302.283 2839.968 3302.156 2840.432 3301.822 C2840.906 3301.481 2841.177 3301.087 2841.244 3300.639 C2841.311 3300.191 2841.169 3299.723 2840.817 3299.235 C2840.474 3298.757 2840.077 3298.479 2839.626 3298.401 C2839.176 3298.323 2838.717 3298.452 2838.249 3298.788 Z M2837.012 3299.011 C2836.480 3299.219 2835.974 3299.257 2835.495 3299.125 C2835.017 3298.993 2834.618 3298.706 2834.299 3298.263 C2833.853 3297.642 2833.710 3296.997 2833.869 3296.329 C2834.029 3295.661 2834.472 3295.066 2835.198 3294.545 C2835.927 3294.020 2836.633 3293.789 2837.317 3293.850 C2838.002 3293.911 2838.567 3294.251 2839.014 3294.872 C2839.332 3295.315 2839.478 3295.785 2839.451 3296.281 C2839.424 3296.776 2839.226 3297.244 2838.859 3297.682 C2839.465 3297.421 2840.032 3297.365 2840.560 3297.515 C2841.089 3297.664 2841.552 3298.016 2841.951 3298.571 C2842.458 3299.275 2842.629 3299.988 2842.465 3300.709 C2842.301 3301.431 2841.821 3302.077 2841.026 3302.649 C2840.231 3303.221 2839.467 3303.470 2838.734 3303.397 C2838.001 3303.323 2837.382 3302.936 2836.878 3302.235 C2836.477 3301.677 2836.289 3301.123 2836.314 3300.573 C2836.339 3300.023 2836.572 3299.502 2837.012 3299.011 Z M2835.423 3297.606 C2835.724 3298.024 2836.065 3298.263 2836.446 3298.322 C2836.827 3298.382 2837.229 3298.259 2837.651 3297.956 C2838.077 3297.650 2838.322 3297.307 2838.387 3296.926 C2838.452 3296.546 2838.334 3296.147 2838.033 3295.728 C2837.727 3295.303 2837.383 3295.058 2837.001 3294.994 C2836.619 3294.930 2836.214 3295.052 2835.785 3295.361 C2835.363 3295.664 2835.121 3296.009 2835.059 3296.394 C2834.998 3296.780 2835.119 3297.184 2835.423 3297.606 Z
letterform	svg	M2159.570 4707.560 C2156.740 4757.260 2153.920 4806.970 2151.090 4856.680 C2167.250 4842.350 2183.410 4828.010 2199.580 4813.680 C2214.150 4814.510 2228.730 4815.340 2243.300 4816.170 C2221.760 4834.740 2200.230 4853.320 2178.690 4871.900 C2199.050 4900.410 2219.410 4928.920 2239.770 4957.440 C2225.680 4956.630 2211.590 4955.830 2197.500 4955.030 C2183.080 4934.310 2168.670 4913.600 2154.260 4892.880 C2152.430 4894.520 2150.590 4896.160 2148.750 4897.790 C2147.720 4915.890 2146.700 4933.990 2145.670 4952.090 L2113.090 4950.230 C2117.730 4868.720 2122.360 4787.220 2126.990 4705.710 C2137.850 4706.320 2148.710 4706.940 2159.570 4707.560 Z
letterform	tool	M3137.596 2948.788 C3136.930 2948.283 3136.536 2947.613 3136.414 2946.777 C3136.293 2945.941 3136.484 2945.190 3136.989 2944.524 C3137.493 2943.858 3138.162 2943.475 3138.994 2943.375 C3139.826 2943.274 3140.575 2943.476 3141.240 2943.981 C3141.921 2944.498 3142.326 2945.170 3142.453 2945.998 C3142.581 2946.826 3142.393 2947.573 3141.888 2948.239 C3141.383 2948.905 3140.712 2949.292 3139.874 2949.400 C3139.036 2949.508 3138.277 2949.304 3137.596 2948.788 Z M3150.700 2951.666 L3163.958 2961.719 C3165.986 2963.256 3167.287 2964.194 3167.860 2964.531 C3168.433 2964.868 3169.006 2964.949 3169.578 2964.773 C3170.150 2964.597 3170.812 2964.014 3171.563 2963.023 L3171.933 2962.536 L3173.001 2963.345 L3165.236 2973.585 L3164.168 2972.776 L3164.767 2971.986 C3165.600 2970.887 3165.984 2970.051 3165.919 2969.477 C3165.854 2968.904 3165.622 2968.423 3165.222 2968.034 C3164.822 2967.645 3163.561 2966.647 3161.441 2965.039 L3155.682 2960.673 C3153.453 2958.983 3152.011 2958.054 3151.358 2957.888 C3150.704 2957.721 3150.183 2957.765 3149.795 2958.019 C3149.407 2958.274 3148.884 2958.834 3148.227 2959.701 L3147.752 2960.328 L3146.684 2959.518 C3148.494 2956.551 3149.704 2954.104 3150.312 2952.176 L3150.700 2951.666 Z
letterform	svg	M3484.390 661.010 L3480.280 652.160 C3474.870 652.810 3469.460 653.450 3464.040 654.100 C3463.330 657.290 3462.630 660.490 3461.920 663.690 C3459.690 663.950 3457.470 664.220 3455.240 664.480 C3459.400 649.030 3463.550 633.570 3467.710 618.120 C3468.240 618.050 3468.760 617.990 3469.290 617.930 L3491.010 660.230 C3488.800 660.490 3486.590 660.750 3484.390 661.010 Z M3469.580 629.500 C3468.080 636.180 3466.590 642.850 3465.100 649.530 C3469.420 649.010 3473.740 648.500 3478.060 647.990 C3475.230 641.820 3472.410 635.660 3469.580 629.500 Z
letterform	tool	M2731.184 4541.316 L2765.703 4498.690 L2716.697 4430.530 L2682.327 4472.972 L2665.698 4450.116 L2700.069 4407.673 L2635.741 4319.532 L2657.815 4292.274 L2721.847 4380.781 L2754.588 4340.351 L2690.853 4251.478 L2712.631 4224.586 L2776.663 4313.093 L2811.033 4270.650 L2827.662 4293.507 L2793.291 4335.949 L2842.149 4404.293 L2876.668 4361.667 L2893.296 4384.524 L2859.222 4426.600 L2922.408 4515.029 L2900.630 4541.921 L2837.147 4453.859 L2804.110 4494.655 L2867.889 4582.351 L2845.814 4609.610 L2782.332 4521.547 L2747.961 4563.989 L2731.184 4541.316 Z M2820.074 4431.551 L2771.217 4363.208 L2738.476 4403.638 L2787.777 4471.432 L2820.074 4431.551 Z
letterform	svg	M4378.060 2603.910 C4391.840 2600.050 4403.420 2599.220 4412.820 2601.430 C4422.220 2603.630 4430.490 2608.500 4437.640 2616.030 C4448.620 2627.590 4453.620 2641.450 4452.660 2657.610 C4451.700 2673.770 4444.200 2688.500 4430.190 2701.810 C4422.130 2709.460 4413.640 2714.900 4404.720 2718.120 C4395.800 2721.340 4387.330 2721.940 4379.310 2719.910 C4371.290 2717.890 4364.450 2713.890 4358.780 2707.930 C4354.460 2703.380 4351.200 2697.970 4349.000 2691.690 C4346.800 2685.410 4345.920 2678.100 4346.350 2669.750 C4346.730 2663.430 4348.260 2655.100 4350.930 2644.770 C4350.610 2644.440 4350.290 2644.100 4349.970 2643.760 C4336.330 2648.210 4326.590 2650.790 4320.750 2651.520 C4312.940 2652.550 4305.470 2651.850 4298.330 2649.410 C4291.190 2646.970 4284.610 2642.580 4278.600 2636.240 C4270.660 2627.890 4265.190 2617.380 4262.180 2604.720 C4259.160 2592.060 4259.770 2579.420 4264.030 2566.800 C4268.280 2554.190 4275.260 2543.270 4284.950 2534.070 C4293.380 2526.070 4302.720 2520.490 4312.990 2517.340 C4323.250 2514.190 4333.130 2513.950 4342.630 2516.640 C4352.120 2519.320 4360.440 2524.420 4367.600 2531.960 C4376.160 2540.980 4381.230 2551.690 4382.800 2564.100 C4384.370 2576.500 4382.470 2589.440 4377.100 2602.900 C4377.420 2603.230 4377.740 2603.570 4378.060 2603.910 Z M4362.190 2639.390 C4359.190 2651.460 4358.440 2661.310 4359.960 2668.950 C4361.470 2676.590 4365.300 2683.660 4371.460 2690.140 C4376.560 2695.510 4382.280 2699.340 4388.620 2701.610 C4394.960 2703.880 4401.300 2704.140 4407.640 2702.370 C4413.980 2700.610 4419.830 2697.180 4425.200 2692.080 C4433.550 2684.150 4437.990 2675.500 4438.530 2666.140 C4439.060 2656.770 4435.750 2648.320 4428.600 2640.780 C4421.590 2633.400 4413.900 2629.710 4405.540 2629.710 C4397.170 2629.710 4382.730 2632.940 4362.190 2639.390 Z M4365.180 2608.480 C4368.720 2595.190 4369.560 2583.980 4367.690 2574.830 C4365.810 2565.690 4361.020 2557.060 4353.300 2548.930 C4346.790 2542.070 4339.750 2537.270 4332.180 2534.530 C4324.620 2531.790 4316.970 2531.460 4309.240 2533.550 C4301.510 2535.640 4294.700 2539.490 4288.810 2545.080 C4282.700 2550.890 4278.380 2557.680 4275.850 2565.470 C4273.320 2573.260 4273.150 2581.040 4275.350 2588.810 C4277.550 2596.580 4281.690 2603.670 4287.780 2610.080 C4293.020 2615.600 4298.600 2619.160 4304.530 2620.770 C4310.450 2622.380 4317.850 2622.220 4326.740 2620.310 C4335.630 2618.390 4348.440 2614.450 4365.180 2608.480 Z
letterform	tool	M569.243 2581.426 C569.156 2581.404 569.133 2581.311 569.174 2581.147 C569.192 2581.074 569.235 2581.036 569.303 2581.034 C569.995 2580.995 570.520 2580.826 570.877 2580.527 C571.234 2580.227 571.500 2579.719 571.676 2579.002 L571.834 2578.358 C571.889 2578.134 571.890 2577.972 571.837 2577.872 C571.785 2577.772 571.658 2577.697 571.457 2577.648 L564.504 2575.940 C564.189 2575.863 563.957 2575.848 563.807 2575.896 C563.657 2575.944 563.520 2576.060 563.394 2576.245 C563.269 2576.429 563.137 2576.706 562.998 2577.073 C562.971 2577.144 562.901 2577.166 562.786 2577.138 C562.659 2577.106 562.604 2577.054 562.622 2576.981 C562.697 2576.675 562.800 2576.313 562.932 2575.895 C563.058 2575.500 563.154 2575.168 563.220 2574.898 C563.289 2574.620 563.359 2574.274 563.432 2573.861 C563.509 2573.429 563.585 2573.061 563.660 2572.755 C563.678 2572.682 563.751 2572.661 563.878 2572.692 C563.993 2572.720 564.045 2572.772 564.036 2572.847 C563.965 2573.415 563.975 2573.816 564.068 2574.050 C564.161 2574.283 564.419 2574.452 564.844 2574.556 L571.797 2576.264 C571.998 2576.313 572.145 2576.306 572.238 2576.242 C572.331 2576.178 572.406 2576.031 572.462 2575.803 L572.593 2575.269 C572.751 2574.625 572.732 2574.000 572.534 2573.395 C572.337 2572.789 571.997 2572.343 571.516 2572.055 C571.453 2572.016 571.431 2571.957 571.450 2571.879 C571.488 2571.724 571.558 2571.659 571.658 2571.683 C572.285 2572.108 573.006 2572.542 573.822 2572.985 C573.542 2573.575 573.129 2574.979 572.584 2577.198 C572.024 2579.477 571.732 2580.943 571.707 2581.595 C571.098 2581.513 570.277 2581.457 569.243 2581.426 Z
letterform	svg	M1918.580 1015.620 L1911.560 1013.790 C1919.360 1003.830 1927.160 993.880 1934.960 983.920 C1935.640 984.100 1936.330 984.280 1937.010 984.460 L1940.820 1010.080 C1946.040 1003.240 1951.260 996.390 1956.480 989.540 C1957.190 989.720 1957.890 989.910 1958.600 990.090 L1964.570 1027.620 L1957.550 1025.790 C1956.410 1018.340 1955.260 1010.890 1954.120 1003.450 C1949.560 1009.410 1945.010 1015.370 1940.460 1021.330 C1938.840 1020.910 1937.220 1020.480 1935.600 1020.060 L1932.450 997.800 C1927.830 1003.740 1923.210 1009.680 1918.580 1015.620 Z
letterform	tool	M54.040 3486.810 L52.802 3485.968 L45.219 3497.112 L46.458 3497.955 L46.305 3498.180 L43.683 3496.396 L48.913 3488.709 L48.736 3488.589 L43.654 3489.178 L44.796 3489.955 L44.643 3490.180 L42.150 3488.484 L42.303 3488.259 L43.268 3488.915 L47.243 3488.467 L46.610 3481.755 L45.919 3481.285 L46.072 3481.060 L49.690 3483.521 L49.537 3483.747 L48.395 3482.970 L48.890 3488.364 L49.066 3488.484 L51.419 3485.027 L50.534 3484.425 L50.688 3484.200 L54.193 3486.585 L54.040 3486.810 Z
letterform	svg	M2507.760 3627.150 C2507.870 3627.060 2507.950 3627.050 2508.010 3627.110 C2508.230 3627.390 2508.480 3627.710 2508.740 3628.090 C2508.960 3628.410 2509.150 3628.670 2509.330 3628.890 C2509.530 3629.130 2509.790 3629.430 2510.100 3629.770 C2510.440 3630.140 2510.720 3630.450 2510.940 3630.720 C2510.990 3630.790 2510.960 3630.860 2510.840 3630.960 C2510.730 3631.050 2510.660 3631.070 2510.620 3631.020 C2510.310 3630.680 2510.050 3630.460 2509.850 3630.360 C2509.640 3630.270 2509.450 3630.290 2509.290 3630.420 C2509.180 3630.510 2509.050 3630.680 2508.890 3630.950 C2508.400 3631.730 2507.900 3632.500 2507.410 3633.280 C2508.090 3634.110 2508.760 3634.940 2509.440 3635.770 C2510.250 3635.490 2511.060 3635.210 2511.870 3634.940 C2512.190 3634.820 2512.420 3634.710 2512.560 3634.600 C2512.910 3634.310 2512.840 3633.830 2512.340 3633.150 C2512.300 3633.100 2512.340 3633.030 2512.450 3632.940 C2512.570 3632.850 2512.650 3632.830 2512.700 3632.900 C2512.900 3633.140 2513.100 3633.420 2513.320 3633.730 C2513.520 3634.030 2513.710 3634.290 2513.890 3634.510 C2514.030 3634.680 2514.210 3634.890 2514.450 3635.130 C2514.700 3635.380 2514.900 3635.610 2515.060 3635.800 C2515.110 3635.860 2515.080 3635.930 2514.980 3636.010 C2514.870 3636.110 2514.770 3636.110 2514.690 3636.020 C2514.380 3635.710 2514.070 3635.520 2513.760 3635.450 C2513.450 3635.380 2512.970 3635.430 2512.330 3635.610 C2509.250 3636.540 2506.170 3637.480 2503.090 3638.410 C2503.000 3638.440 2502.930 3638.410 2502.850 3638.320 C2502.780 3638.230 2502.760 3638.140 2502.800 3638.070 C2504.440 3635.350 2506.080 3632.640 2507.720 3629.930 C2508.000 3629.470 2508.130 3629.050 2508.130 3628.660 C2508.120 3628.270 2507.970 3627.850 2507.690 3627.410 C2507.640 3627.320 2507.660 3627.230 2507.760 3627.150 Z M2507.140 3633.730 C2506.390 3634.920 2505.650 3636.110 2504.910 3637.300 C2506.250 3636.840 2507.590 3636.390 2508.930 3635.940 C2508.330 3635.200 2507.730 3634.460 2507.140 3633.730 Z
letterform	tool	M1206.026 3556.889 C1204.598 3554.470 1203.924 3552.209 1204.004 3550.107 C1204.085 3548.004 1205.013 3546.429 1206.789 3545.380 C1208.550 3544.341 1210.248 3544.195 1211.883 3544.944 C1213.518 3545.693 1215.270 3547.653 1217.142 3550.822 C1218.751 3553.548 1219.554 3555.967 1219.552 3558.080 C1219.550 3560.193 1218.657 3561.775 1216.873 3562.829 C1215.089 3563.882 1213.363 3564.049 1211.695 3563.330 C1210.026 3562.612 1208.137 3560.465 1206.026 3556.889 Z M1208.445 3555.740 C1211.198 3560.403 1213.569 3562.146 1215.560 3560.971 C1216.701 3560.298 1217.234 3559.286 1217.160 3557.936 C1217.086 3556.586 1216.284 3554.617 1214.757 3552.029 C1213.704 3550.245 1212.827 3548.997 1212.128 3548.284 C1211.428 3547.572 1210.722 3547.137 1210.010 3546.979 C1209.297 3546.822 1208.589 3546.951 1207.885 3547.367 C1205.718 3548.646 1205.905 3551.437 1208.445 3555.740 Z
letterform	svg	M4041.770 4589.180 C4030.040 4591.240 4018.320 4593.310 4006.590 4595.370 C4026.160 4610.630 4039.080 4622.350 4045.370 4630.540 C4051.660 4638.720 4055.480 4646.630 4056.830 4654.270 C4058.290 4662.570 4056.850 4670.770 4052.520 4678.890 C4048.190 4687.010 4044.590 4691.320 4041.710 4691.830 C4039.610 4692.200 4037.750 4691.810 4036.120 4690.670 C4034.490 4689.540 4033.500 4687.920 4033.130 4685.810 C4032.930 4684.710 4032.960 4683.730 4033.210 4682.890 C4033.460 4682.050 4034.450 4680.390 4036.180 4677.920 C4039.370 4673.370 4041.430 4669.530 4042.370 4666.390 C4043.300 4663.260 4043.520 4660.320 4043.030 4657.550 C4041.960 4651.470 4038.240 4644.570 4031.860 4636.850 C4025.480 4629.140 4010.980 4616.380 3988.340 4598.590 L3912.020 4612.030 C3915.640 4632.600 3919.260 4653.180 3922.890 4673.750 C3923.490 4677.180 3923.280 4679.720 3922.260 4681.390 C3921.240 4683.050 3919.680 4684.070 3917.580 4684.440 C3915.590 4684.790 3913.800 4684.360 3912.220 4683.150 C3910.640 4681.950 3909.550 4679.630 3908.950 4676.210 L3889.690 4566.860 C3889.100 4563.540 3889.320 4561.050 3890.340 4559.390 C3891.360 4557.730 3892.860 4556.720 3894.860 4556.370 C3896.740 4556.040 3898.430 4556.450 3899.950 4557.610 C3901.470 4558.770 3902.520 4561.060 3903.130 4564.490 C3905.110 4575.720 3907.080 4586.950 3909.060 4598.180 C3947.780 4591.360 3986.490 4584.540 4025.210 4577.720 C4023.700 4569.150 4022.190 4560.580 4020.680 4552.000 C4020.100 4548.680 4020.340 4546.190 4021.420 4544.520 C4022.490 4542.840 4024.080 4541.820 4026.180 4541.450 C4028.170 4541.100 4029.950 4541.500 4031.520 4542.650 C4033.090 4543.800 4034.180 4546.090 4034.780 4549.520 L4041.770 4589.180 Z
letterform	tool	M283.551 2241.728 L282.633 2240.975 L289.307 2232.843 L289.246 2232.793 C287.733 2231.460 286.370 2230.840 285.157 2230.931 C283.943 2231.022 282.851 2231.659 281.880 2232.843 C281.388 2233.441 280.970 2234.145 280.624 2234.954 C280.279 2235.764 279.996 2236.698 279.775 2237.758 L277.908 2236.225 C278.202 2235.271 278.548 2234.402 278.946 2233.619 C279.344 2232.836 279.797 2232.135 280.305 2231.516 C281.762 2229.741 283.433 2228.790 285.318 2228.664 C287.203 2228.538 289.081 2229.243 290.951 2230.778 C292.774 2232.274 293.828 2233.958 294.112 2235.831 C294.396 2237.704 293.869 2239.456 292.529 2241.089 C291.334 2242.544 289.899 2243.287 288.223 2243.318 C286.547 2243.348 284.990 2242.818 283.551 2241.728 Z M285.643 2240.303 C286.499 2240.869 287.417 2241.141 288.396 2241.120 C289.376 2241.099 290.245 2240.626 291.004 2239.701 C291.747 2238.796 292.059 2237.806 291.940 2236.729 C291.822 2235.653 291.411 2234.781 290.707 2234.112 L285.643 2240.303 Z
letterform	svg	M3953.100 196.110 C3965.040 206.110 3970.370 217.920 3969.090 231.530 C3968.390 238.910 3965.820 246.110 3961.370 253.130 C3956.920 260.150 3946.850 270.940 3931.170 285.490 C3915.490 300.050 3904.620 312.190 3898.550 321.920 C3894.310 328.970 3891.820 336.390 3891.090 344.190 C3889.820 357.670 3893.710 369.620 3902.740 380.060 C3911.780 390.500 3924.100 396.450 3939.700 397.920 C3944.240 398.350 3948.820 398.310 3953.450 397.810 C3958.080 397.320 3962.750 396.290 3967.480 394.730 C3970.600 392.020 3973.220 389.190 3975.360 386.250 C3978.980 381.290 3983.870 373.380 3990.040 362.510 L4001.200 364.850 C4001.630 365.610 4002.060 366.360 4002.490 367.120 C3995.380 383.400 3988.260 399.690 3981.150 415.980 C3971.550 420.660 3962.410 423.880 3953.730 425.640 C3945.050 427.400 3935.530 427.790 3925.180 426.820 C3909.290 425.320 3895.310 421.040 3883.240 413.970 C3871.170 406.890 3862.340 397.660 3856.760 386.250 C3851.180 374.850 3848.980 362.840 3850.170 350.210 C3851.080 340.570 3853.760 331.480 3858.210 322.960 C3862.660 314.430 3868.460 306.780 3875.600 300.010 C3882.750 293.250 3894.590 283.730 3911.130 271.480 C3927.670 259.230 3938.820 249.080 3944.580 241.030 C3948.520 235.680 3950.740 230.310 3951.250 224.920 C3951.610 221.090 3951.110 217.250 3949.760 213.400 C3949.000 210.750 3946.930 206.980 3943.530 202.080 L3953.100 196.110 Z M3953.240 169.510 C3946.150 168.840 3940.350 165.790 3935.860 160.360 C3931.360 154.930 3929.440 148.670 3930.110 141.570 C3930.760 134.620 3933.810 128.900 3939.240 124.400 C3944.670 119.900 3950.930 117.990 3958.030 118.660 C3964.980 119.310 3970.740 122.360 3975.310 127.790 C3979.870 133.230 3981.830 139.430 3981.180 146.380 C3980.510 153.470 3977.460 159.270 3972.030 163.760 C3966.600 168.260 3960.340 170.180 3953.240 169.510 Z
letterform	tool	M566.041 4867.888 L574.913 4918.888 L561.392 4921.240 L552.519 4870.241 C551.232 4862.843 548.975 4857.633 545.749 4854.611 C542.523 4851.588 538.167 4850.554 532.680 4851.509 C526.311 4852.617 521.826 4855.707 519.226 4860.777 C516.625 4865.848 516.054 4872.572 517.511 4880.950 L525.604 4927.467 L512.009 4929.832 L497.715 4847.674 L511.310 4845.309 L513.458 4857.654 C515.032 4852.485 517.676 4848.315 521.389 4845.145 C525.103 4841.975 529.728 4839.909 535.264 4838.946 C543.690 4837.480 550.440 4839.145 555.514 4843.940 C560.589 4848.736 564.097 4856.718 566.041 4867.888 Z
letterform	svg	M1119.760 59.480 C1113.400 57.060 1107.040 54.630 1100.680 52.200 C1104.290 42.740 1105.670 35.980 1104.800 31.920 C1103.320 24.690 1098.480 19.510 1090.300 16.390 C1083.980 13.980 1078.030 14.120 1072.460 16.830 C1066.850 19.450 1062.770 24.080 1060.240 30.720 C1057.870 36.920 1057.540 42.290 1059.250 46.820 C1061.080 51.250 1065.320 55.650 1072.000 60.030 C1069.170 67.450 1066.340 74.860 1063.510 82.270 C1050.460 74.650 1042.060 66.030 1038.300 56.390 C1034.550 46.760 1035.120 35.520 1040.020 22.680 C1044.970 9.710 1052.850 0.590 1063.640 -4.660 C1074.360 -9.940 1085.730 -10.280 1097.750 -5.700 C1111.290 -0.520 1119.790 8.870 1123.230 22.480 C1135.130 12.970 1149.200 11.310 1165.430 17.500 C1178.720 22.580 1187.880 31.200 1192.900 43.360 C1197.920 55.530 1197.760 68.610 1192.420 82.600 C1185.610 100.430 1174.020 111.160 1157.620 114.790 C1150.760 116.270 1142.290 115.630 1132.210 112.880 C1134.960 105.700 1137.700 98.510 1140.440 91.320 C1148.040 92.900 1154.590 92.200 1160.080 89.200 C1165.580 86.220 1169.700 81.140 1172.430 73.980 C1175.180 66.760 1175.070 59.870 1172.080 53.320 C1168.960 46.710 1163.640 41.970 1156.100 39.090 C1146.130 35.280 1137.680 36.120 1130.760 41.610 C1126.740 44.830 1123.080 50.790 1119.760 59.480 Z
letterform	tool	M81.991 1768.311 L80.884 1770.768 C77.023 1770.269 72.696 1768.940 67.904 1766.781 C70.280 1772.522 71.480 1778.079 71.504 1783.453 C71.527 1788.827 70.419 1794.001 68.178 1798.975 C63.533 1809.287 56.042 1816.238 45.706 1819.827 C35.369 1823.416 24.256 1822.533 12.367 1817.177 C0.720 1811.931 -7.465 1804.103 -12.189 1793.693 C-16.913 1783.283 -16.747 1772.467 -11.692 1761.245 C-9.615 1756.635 -6.702 1752.639 -2.953 1749.256 C0.796 1745.874 5.338 1743.122 10.671 1741.000 L-17.626 1728.253 C-26.240 1724.373 -31.562 1722.176 -33.593 1721.663 C-35.624 1721.150 -37.465 1721.470 -39.115 1722.623 C-40.766 1723.777 -42.561 1726.507 -44.501 1730.814 L-48.687 1728.929 L-31.144 1689.985 L-26.959 1691.870 L-28.188 1694.600 C-30.129 1698.907 -30.771 1701.992 -30.114 1703.857 C-29.458 1705.721 -28.314 1707.149 -26.681 1708.140 C-25.048 1709.131 -20.076 1711.498 -11.765 1715.242 L55.931 1745.736 C63.878 1749.316 68.930 1751.464 71.088 1752.181 C73.246 1752.898 75.212 1752.744 76.987 1751.719 C78.762 1750.694 80.524 1748.241 82.273 1744.359 L83.503 1741.629 L87.688 1743.514 C85.590 1749.793 83.691 1758.059 81.991 1768.311 Z M16.677 1743.706 C11.198 1745.178 6.615 1747.291 2.930 1750.046 C-0.755 1752.800 -3.513 1756.210 -5.344 1760.274 C-8.432 1767.128 -8.181 1774.429 -4.592 1782.175 C-1.004 1789.920 7.221 1796.690 20.081 1802.483 C31.242 1807.511 40.689 1808.811 48.423 1806.384 C56.156 1803.957 61.553 1799.347 64.613 1792.553 C66.499 1788.367 67.227 1783.916 66.798 1779.199 C66.369 1774.481 64.766 1769.454 61.990 1764.117 L16.677 1743.706 Z
letterform	svg	M606.350 525.950 C606.330 525.900 606.300 525.840 606.280 525.790 C607.150 525.090 607.840 524.300 608.350 523.430 C608.860 522.570 609.130 521.590 609.150 520.500 C609.180 519.650 609.010 518.740 608.660 517.780 C608.500 518.070 608.320 518.440 608.120 518.890 C608.010 519.160 607.920 519.360 607.850 519.470 C607.740 519.650 607.590 519.810 607.420 519.970 C607.200 520.170 606.930 520.340 606.620 520.490 C605.750 520.910 604.890 520.950 604.040 520.630 C603.200 520.310 602.530 519.630 602.050 518.600 C601.490 517.430 601.390 516.320 601.750 515.260 C602.110 514.200 602.830 513.420 603.900 512.910 C604.580 512.580 605.280 512.460 605.980 512.540 C606.680 512.620 607.340 512.900 607.950 513.400 C608.570 513.900 609.120 514.660 609.610 515.690 C610.210 516.960 610.510 518.180 610.500 519.350 C610.480 520.780 610.100 522.130 609.360 523.400 C608.730 524.470 607.950 525.320 607.020 525.950 L606.350 525.950 Z M603.210 517.400 C603.430 517.860 603.730 518.290 604.110 518.670 C604.490 519.060 604.920 519.290 605.390 519.370 C605.860 519.460 606.320 519.390 606.790 519.160 C607.430 518.860 607.840 518.400 608.030 517.780 C608.220 517.160 608.110 516.410 607.700 515.540 C607.290 514.690 606.760 514.050 606.100 513.640 C605.450 513.230 604.760 513.190 604.050 513.530 C603.420 513.830 603.020 514.310 602.830 514.980 C602.640 515.650 602.760 516.460 603.210 517.400 Z
letterform	tool	M1145.140 3301.049 C1144.403 3301.266 1143.506 3301.602 1142.449 3302.057 C1141.392 3302.513 1140.512 3302.972 1139.811 3303.435 C1138.990 3303.985 1138.516 3304.672 1138.388 3305.497 C1138.260 3306.322 1138.309 3307.173 1138.533 3308.049 L1147.126 3341.534 C1147.575 3343.286 1147.700 3345.234 1147.501 3347.379 C1147.301 3349.524 1146.722 3351.539 1145.764 3353.426 C1144.661 3355.633 1143.157 3357.519 1141.252 3359.082 C1139.348 3360.646 1137.002 3361.786 1134.215 3362.501 C1129.888 3363.611 1126.066 3363.297 1122.749 3361.560 C1119.431 3359.822 1117.245 3356.897 1116.189 3352.782 C1115.726 3350.977 1115.780 3349.259 1116.352 3347.627 C1116.923 3345.995 1118.098 3344.951 1119.876 3344.494 C1121.469 3344.086 1122.864 3344.202 1124.061 3344.842 C1125.258 3345.483 1126.044 3346.533 1126.418 3347.993 C1126.636 3348.843 1126.682 3349.736 1126.555 3350.674 C1126.428 3351.612 1126.237 3352.467 1125.982 3353.240 C1125.741 3353.953 1125.473 3354.785 1125.180 3355.737 C1124.887 3356.690 1124.719 3357.525 1124.677 3358.243 C1125.460 3358.976 1126.526 3359.523 1127.878 3359.883 C1129.229 3360.244 1130.901 3360.168 1132.891 3359.658 C1134.829 3359.160 1136.301 3358.309 1137.307 3357.103 C1138.313 3355.897 1138.931 3354.472 1139.160 3352.829 C1139.390 3351.299 1139.372 3349.493 1139.106 3347.411 C1138.841 3345.329 1138.388 3343.040 1137.748 3340.545 L1130.075 3310.643 C1129.837 3309.714 1129.485 3308.977 1129.019 3308.432 C1128.554 3307.886 1127.782 3307.497 1126.704 3307.265 C1125.772 3307.051 1124.660 3306.990 1123.368 3307.081 C1122.076 3307.172 1121.025 3307.293 1120.215 3307.444 L1119.490 3304.617 L1144.414 3298.222 L1145.140 3301.049 Z
letterform	svg	M4052.730 2392.660 C4057.220 2393.610 4061.280 2394.690 4064.900 2395.890 C4068.530 2397.090 4071.550 2398.620 4073.990 2400.480 C4076.420 2402.330 4078.140 2404.610 4079.140 2407.320 C4080.150 2410.020 4080.250 2413.300 4079.430 2417.150 C4078.570 2421.180 4077.000 2424.280 4074.730 2426.430 C4072.450 2428.580 4069.490 2430.010 4065.840 2430.720 C4062.190 2431.430 4057.860 2431.520 4052.850 2430.980 C4047.840 2430.440 4042.220 2429.510 4035.990 2428.190 C4032.500 2427.450 4029.640 2426.240 4027.410 2424.570 C4025.180 2422.900 4023.490 2420.960 4022.330 2418.750 C4021.170 2416.540 4020.480 2414.140 4020.260 2411.560 C4020.040 2408.970 4020.200 2406.440 4020.720 2403.970 C4021.540 2400.120 4022.970 2397.210 4025.020 2395.250 C4027.060 2393.290 4029.520 2391.990 4032.380 2391.360 C4035.250 2390.720 4038.410 2390.580 4041.880 2390.930 C4045.350 2391.280 4048.970 2391.860 4052.730 2392.660 Z M4056.200 2379.020 C4051.890 2378.110 4047.680 2378.080 4043.570 2378.930 C4039.460 2379.780 4035.730 2381.310 4032.390 2383.530 C4029.050 2385.740 4026.180 2388.530 4023.790 2391.900 C4021.390 2395.270 4019.750 2399.070 4018.860 2403.280 C4017.860 2407.960 4018.030 2412.240 4019.370 2416.110 C4020.700 2419.990 4022.690 2423.120 4025.350 2425.500 C4025.240 2425.570 4025.130 2425.640 4025.010 2425.720 C4019.190 2423.810 4013.570 2421.630 4008.150 2419.190 C4002.730 2416.750 3998.000 2413.990 3993.950 2410.930 C3989.910 2407.870 3986.860 2404.400 3984.810 2400.510 C3982.760 2396.630 3982.240 2392.300 3983.260 2387.540 C3983.780 2385.060 3984.770 2383.110 3986.220 2381.700 C3987.670 2380.280 3989.450 2379.800 3991.560 2380.240 C3992.750 2380.500 3993.790 2380.910 3994.670 2381.480 C3995.560 2382.050 3996.360 2382.650 3997.090 2383.290 C3997.820 2383.920 3998.530 2384.500 3999.230 2385.040 C3999.940 2385.570 4000.650 2385.910 4001.390 2386.070 C4002.580 2386.320 4003.690 2386.030 4004.730 2385.200 C4005.770 2384.360 4006.520 2382.850 4006.990 2380.650 C4007.500 2378.260 4007.310 2376.240 4006.420 2374.560 C4005.530 2372.890 4003.930 2371.810 4001.640 2371.320 C3999.810 2370.930 3997.850 2370.900 3995.770 2371.220 C3993.690 2371.550 3991.710 2372.300 3989.830 2373.480 C3987.950 2374.670 3986.260 2376.290 3984.770 2378.370 C3983.270 2380.450 3982.190 2383.090 3981.510 2386.300 C3980.420 2391.440 3980.760 2396.800 3982.540 2402.400 C3984.320 2408.000 3987.410 2413.300 3991.810 2418.310 C3996.210 2423.310 4001.890 2427.820 4008.840 2431.840 C4015.800 2435.850 4023.950 2438.850 4033.300 2440.840 C4039.720 2442.200 4045.650 2442.550 4051.110 2441.890 C4056.570 2441.230 4061.370 2439.830 4065.510 2437.690 C4069.650 2435.550 4073.080 2432.740 4075.780 2429.240 C4078.490 2425.740 4080.290 2421.880 4081.190 2417.670 C4082.020 2413.730 4082.040 2409.680 4081.250 2405.540 C4080.450 2401.390 4078.980 2397.510 4076.820 2393.890 C4074.670 2390.270 4071.840 2387.130 4068.330 2384.470 C4064.820 2381.810 4060.780 2380.000 4056.200 2379.020 Z
letterform	tool	M1794.178 3200.189 L1752.373 3251.272 L1572.928 3188.450 L1575.834 3180.151 C1645.478 3150.480 1696.407 3124.161 1728.620 3101.194 C1760.833 3078.227 1781.363 3054.108 1790.211 3028.836 C1796.964 3009.545 1796.607 2991.626 1789.139 2975.079 C1781.670 2958.532 1769.712 2947.379 1753.263 2941.620 C1738.309 2936.385 1723.356 2936.060 1708.406 2940.646 C1693.455 2945.232 1680.180 2954.979 1668.582 2969.887 L1660.283 2966.982 C1673.706 2940.626 1690.748 2922.756 1711.408 2913.370 C1732.068 2903.984 1753.987 2903.348 1777.166 2911.463 C1801.839 2920.101 1819.663 2935.238 1830.638 2956.874 C1841.613 2978.510 1843.330 3000.094 1835.792 3021.628 C1830.400 3037.030 1821.418 3051.176 1808.848 3064.066 C1789.302 3084.417 1762.379 3103.780 1728.080 3122.156 C1676.605 3149.795 1644.766 3166.178 1632.563 3171.306 L1711.968 3199.105 C1728.118 3204.759 1739.655 3208.127 1746.578 3209.208 C1753.502 3210.289 1760.222 3209.914 1766.739 3208.082 C1773.255 3206.251 1779.635 3202.651 1785.879 3197.283 L1794.178 3200.189 Z
letterform	svg	M1420.520 3059.870 C1421.010 3060.470 1421.370 3061.170 1421.580 3061.970 C1421.790 3062.770 1421.760 3063.660 1421.480 3064.630 C1421.190 3065.620 1420.720 3066.410 1420.080 3067.020 C1419.430 3067.620 1418.700 3068.060 1417.870 3068.330 C1417.070 3068.590 1416.210 3068.720 1415.290 3068.720 C1414.380 3068.710 1413.470 3068.580 1412.570 3068.310 C1409.210 3067.340 1405.850 3066.360 1402.490 3065.380 C1402.590 3065.020 1402.690 3064.670 1402.800 3064.310 C1403.040 3064.360 1403.410 3064.420 1403.890 3064.490 C1404.360 3064.560 1404.720 3064.580 1404.940 3064.550 C1405.290 3064.500 1405.570 3064.370 1405.770 3064.180 C1405.970 3063.980 1406.120 3063.690 1406.230 3063.320 C1407.710 3058.220 1409.200 3053.120 1410.690 3048.020 C1410.790 3047.680 1410.820 3047.360 1410.780 3047.070 C1410.740 3046.780 1410.570 3046.500 1410.280 3046.240 C1410.020 3046.000 1409.720 3045.790 1409.370 3045.600 C1409.030 3045.410 1408.730 3045.270 1408.490 3045.180 C1408.590 3044.830 1408.690 3044.470 1408.800 3044.120 C1412.070 3045.070 1415.350 3046.030 1418.620 3046.980 C1419.380 3047.200 1420.090 3047.490 1420.740 3047.840 C1421.390 3048.190 1421.980 3048.650 1422.500 3049.220 C1422.990 3049.740 1423.330 3050.350 1423.540 3051.060 C1423.740 3051.780 1423.720 3052.560 1423.470 3053.420 C1423.250 3054.170 1422.920 3054.800 1422.480 3055.310 C1422.040 3055.810 1421.510 3056.200 1420.900 3056.480 C1420.320 3056.750 1419.700 3056.930 1419.020 3057.030 C1418.350 3057.140 1417.640 3057.160 1416.910 3057.110 C1416.900 3057.150 1416.880 3057.200 1416.870 3057.240 C1417.460 3057.490 1418.100 3057.840 1418.780 3058.300 C1419.470 3058.750 1420.050 3059.280 1420.520 3059.870 Z M1417.840 3055.610 C1418.330 3055.280 1418.730 3054.890 1419.020 3054.420 C1419.310 3053.950 1419.560 3053.370 1419.770 3052.670 C1420.110 3051.500 1420.050 3050.490 1419.610 3049.630 C1419.160 3048.780 1418.250 3048.160 1416.870 3047.750 C1416.550 3047.660 1416.140 3047.550 1415.650 3047.420 C1415.160 3047.300 1414.750 3047.190 1414.420 3047.110 C1413.630 3049.830 1412.830 3052.560 1412.040 3055.280 C1412.670 3055.470 1413.310 3055.650 1413.940 3055.840 C1414.760 3056.080 1415.500 3056.180 1416.140 3056.140 C1416.790 3056.100 1417.350 3055.920 1417.840 3055.610 Z M1417.930 3063.010 C1418.290 3061.750 1418.170 3060.590 1417.560 3059.530 C1416.950 3058.470 1415.860 3057.720 1414.290 3057.260 C1413.650 3057.070 1413.110 3056.920 1412.670 3056.810 C1412.220 3056.700 1411.890 3056.610 1411.670 3056.560 L1409.480 3064.060 C1409.300 3064.690 1409.410 3065.240 1409.830 3065.710 C1410.250 3066.180 1410.910 3066.540 1411.820 3066.810 C1413.310 3067.240 1414.580 3067.140 1415.620 3066.500 C1416.670 3065.860 1417.430 3064.700 1417.930 3063.010 Z
letterform	tool	M3667.039 1467.978 C3665.675 1468.236 3664.787 1468.753 3664.374 1469.526 C3663.961 1470.300 3663.921 1471.564 3664.253 1473.319 C3664.589 1475.089 3665.089 1476.259 3665.754 1476.829 C3666.419 1477.398 3667.436 1477.553 3668.806 1477.293 L3669.576 1477.147 L3667.809 1467.832 L3667.039 1467.978 Z M3669.026 1478.631 C3667.197 1478.978 3665.757 1478.747 3664.705 1477.938 C3663.654 1477.129 3662.934 1475.697 3662.544 1473.643 C3662.157 1471.600 3662.304 1470.010 3662.987 1468.875 C3663.669 1467.740 3664.925 1466.999 3666.754 1466.652 L3669.186 1466.191 L3671.457 1478.170 L3669.026 1478.631 Z
letterform	svg	M2750.290 4553.970 C2756.990 4547.120 2763.690 4540.270 2770.380 4533.420 C2771.320 4534.330 2772.250 4535.250 2773.190 4536.160 C2767.320 4542.170 2761.440 4548.180 2755.570 4554.190 C2758.660 4557.220 2761.760 4560.240 2764.850 4563.270 C2764.030 4564.110 2763.210 4564.950 2762.390 4565.800 C2758.350 4561.850 2754.320 4557.910 2750.290 4553.970 Z
letterform	tool	M961.236 2824.081 L949.124 2855.353 C946.944 2860.982 944.366 2865.857 941.391 2869.979 C938.415 2874.101 935.067 2877.330 931.346 2879.665 C927.624 2881.999 923.570 2883.336 919.183 2883.675 C914.797 2884.013 910.102 2883.214 905.098 2881.276 C900.095 2879.338 896.096 2876.740 893.102 2873.483 C890.108 2870.225 888.022 2866.480 886.845 2862.248 C885.667 2858.016 885.351 2853.338 885.897 2848.215 C886.442 2843.092 887.805 2837.716 889.986 2832.087 L897.616 2812.386 L846.175 2792.461 L850.535 2781.204 L961.236 2824.081 Z M907.154 2816.080 L899.766 2835.156 C896.334 2844.016 895.450 2851.406 897.113 2857.325 C898.776 2863.243 902.892 2867.475 909.459 2870.018 C916.338 2872.683 922.286 2872.260 927.303 2868.748 C932.319 2865.237 936.482 2859.207 939.793 2850.660 L947.182 2831.584 L907.154 2816.080 Z
letterform	svg	M3722.540 934.830 C3755.110 924.010 3787.670 913.180 3820.230 902.350 C3816.800 912.270 3813.380 922.180 3809.960 932.100 C3784.640 939.680 3759.320 947.270 3734.000 954.860 C3749.250 976.450 3764.500 998.030 3779.750 1019.620 C3776.530 1028.970 3773.300 1038.310 3770.080 1047.660 C3751.350 1019.510 3732.620 991.370 3713.890 963.220 C3678.660 974.780 3643.420 986.340 3608.180 997.900 C3611.640 987.880 3615.100 977.850 3618.570 967.820 C3646.260 959.650 3673.950 951.480 3701.640 943.300 C3685.040 919.340 3668.440 895.370 3651.840 871.400 C3655.070 862.060 3658.290 852.710 3661.520 843.370 C3681.860 873.860 3702.200 904.340 3722.540 934.830 Z
letterform	tool	M3419.989 1472.865 C3419.775 1471.595 3420.040 1470.439 3420.782 1469.397 C3421.524 1468.355 3422.530 1467.727 3423.800 1467.514 C3425.043 1467.305 3426.186 1467.571 3427.228 1468.313 C3428.269 1469.055 3428.897 1470.062 3429.111 1471.332 C3429.320 1472.575 3429.054 1473.724 3428.314 1474.780 C3427.575 1475.835 3426.583 1476.467 3425.340 1476.676 C3424.070 1476.890 3422.914 1476.625 3421.872 1475.883 C3420.830 1475.141 3420.202 1474.135 3419.989 1472.865 Z M3501.993 1471.422 L3499.196 1472.392 C3499.123 1471.459 3499.059 1470.831 3499.005 1470.507 C3498.864 1469.669 3498.563 1468.955 3498.103 1468.365 C3497.489 1467.524 3496.626 1466.814 3495.515 1466.237 C3494.403 1465.659 3493.051 1465.303 3491.458 1465.168 C3489.865 1465.032 3487.295 1465.200 3483.748 1465.671 C3480.200 1466.143 3477.899 1466.467 3476.845 1466.644 L3454.102 1470.466 C3453.399 1470.585 3451.636 1470.923 3448.811 1471.481 C3447.037 1471.835 3445.895 1472.151 3445.386 1472.432 C3445.134 1472.585 3444.948 1472.797 3444.826 1473.068 C3444.624 1473.518 3444.609 1474.257 3444.782 1475.284 C3445.032 1476.771 3445.216 1477.949 3445.334 1478.818 L3443.023 1479.207 C3441.398 1473.505 3439.649 1469.463 3437.776 1467.083 C3437.460 1466.691 3437.281 1466.374 3437.241 1466.130 C3437.209 1465.941 3437.250 1465.774 3437.365 1465.630 C3437.480 1465.486 3437.672 1465.391 3437.942 1465.345 C3438.159 1465.309 3438.431 1465.277 3438.760 1465.250 C3439.503 1465.208 3440.623 1465.089 3442.118 1464.894 C3444.952 1464.556 3448.171 1464.113 3451.774 1463.563 C3457.063 1462.785 3460.045 1462.339 3460.721 1462.226 L3471.849 1460.230 C3479.011 1459.027 3484.359 1458.684 3487.892 1459.201 C3490.402 1459.585 3492.690 1460.340 3494.755 1461.466 C3496.820 1462.592 3498.440 1463.883 3499.616 1465.339 C3500.792 1466.795 3501.548 1468.523 3501.884 1470.523 C3501.920 1470.739 3501.957 1471.039 3501.993 1471.422 Z
letterform	svg	M4108.600 1200.810 C4107.470 1201.930 4106.210 1203.180 4104.830 1204.570 C4103.450 1205.960 4102.090 1207.350 4100.750 1208.740 C4099.400 1210.130 4098.130 1211.470 4096.920 1212.750 C4095.720 1214.040 4094.710 1215.150 4093.900 1216.090 C4093.100 1214.930 4092.410 1214.040 4091.820 1213.440 C4091.230 1212.840 4090.360 1212.130 4089.210 1211.320 C4090.160 1210.520 4091.290 1209.530 4092.600 1208.350 C4093.910 1207.170 4095.270 1205.920 4096.680 1204.600 C4098.100 1203.280 4099.510 1201.940 4100.930 1200.590 C4102.340 1199.230 4103.610 1198.000 4104.750 1196.890 C4106.070 1195.580 4107.400 1194.280 4108.730 1192.980 L4108.620 1192.870 C4105.600 1193.830 4102.900 1193.990 4100.540 1193.350 C4098.180 1192.720 4096.150 1191.530 4094.450 1189.800 C4093.160 1188.490 4092.070 1186.970 4091.180 1185.250 C4090.280 1183.520 4089.820 1181.630 4089.780 1179.580 C4089.750 1177.530 4090.230 1175.350 4091.230 1173.050 C4092.240 1170.740 4093.960 1168.390 4096.400 1165.990 C4098.730 1163.700 4101.070 1162.070 4103.410 1161.090 C4105.750 1160.110 4107.980 1159.620 4110.100 1159.620 C4112.230 1159.620 4114.200 1160.030 4116.040 1160.830 C4117.870 1161.640 4119.430 1162.700 4120.710 1164.000 C4123.080 1166.410 4124.390 1168.840 4124.650 1171.300 C4124.900 1173.750 4124.510 1176.080 4123.480 1178.280 C4123.510 1178.320 4123.550 1178.350 4123.580 1178.390 C4124.430 1177.550 4125.250 1176.680 4126.030 1175.780 C4126.800 1174.880 4127.580 1173.900 4128.370 1172.860 C4129.160 1174.020 4129.850 1174.900 4130.450 1175.500 C4131.040 1176.110 4131.910 1176.820 4133.060 1177.630 C4132.070 1178.460 4130.910 1179.480 4129.580 1180.680 C4128.260 1181.870 4126.880 1183.140 4125.450 1184.480 C4124.020 1185.820 4122.580 1187.170 4121.150 1188.540 C4119.720 1189.910 4118.400 1191.190 4117.200 1192.370 C4114.330 1195.190 4111.470 1198.000 4108.600 1200.810 Z M4116.630 1185.210 C4117.980 1183.890 4119.140 1182.480 4120.110 1180.960 C4121.090 1179.440 4121.760 1177.900 4122.130 1176.320 C4122.490 1174.750 4122.500 1173.200 4122.140 1171.670 C4121.790 1170.140 4120.940 1168.690 4119.580 1167.310 C4118.750 1166.460 4117.720 1165.750 4116.500 1165.180 C4115.270 1164.600 4113.870 1164.370 4112.270 1164.480 C4110.670 1164.590 4108.910 1165.140 4106.970 1166.140 C4105.030 1167.140 4102.900 1168.790 4100.560 1171.080 C4099.040 1172.570 4097.780 1174.110 4096.790 1175.670 C4095.790 1177.240 4095.100 1178.790 4094.720 1180.310 C4094.340 1181.830 4094.310 1183.310 4094.650 1184.750 C4094.990 1186.190 4095.730 1187.500 4096.880 1188.660 C4098.200 1190.010 4099.690 1190.860 4101.350 1191.200 C4103.010 1191.550 4104.740 1191.520 4106.530 1191.120 C4108.330 1190.710 4110.090 1189.990 4111.840 1188.930 C4113.580 1187.880 4115.180 1186.640 4116.630 1185.210 Z
letterform	tool	M2811.555 3368.075 L2840.624 3383.022 C2845.670 3385.601 2849.577 3387.124 2852.344 3387.591 C2855.111 3388.058 2857.998 3387.679 2861.004 3386.452 L2862.678 3390.163 L2829.682 3405.043 L2828.009 3401.332 C2833.441 3398.882 2835.684 3396.609 2834.738 3394.511 C2834.350 3393.651 2832.276 3392.353 2828.517 3390.618 L2808.135 3380.296 L2802.510 3400.113 C2801.104 3404.889 2800.595 3407.708 2800.983 3408.568 C2802.196 3411.257 2805.799 3411.283 2811.793 3408.644 L2813.467 3412.355 L2786.279 3424.615 L2784.606 3420.904 C2786.972 3419.837 2789.302 3418.042 2791.595 3415.520 C2793.887 3412.998 2796.092 3408.055 2798.209 3400.694 L2804.566 3378.411 L2781.633 3366.521 C2775.115 3363.118 2770.447 3361.162 2767.629 3360.653 C2764.811 3360.144 2761.949 3360.544 2759.045 3361.854 L2757.371 3358.143 L2788.512 3344.100 L2790.185 3347.811 C2785.721 3349.824 2783.938 3351.826 2784.835 3353.816 C2785.248 3354.730 2786.982 3355.922 2790.039 3357.391 L2808.132 3366.512 L2813.186 3349.088 C2814.297 3345.093 2814.695 3342.745 2814.379 3342.046 C2813.094 3339.196 2809.493 3339.104 2803.577 3341.772 L2801.904 3338.061 L2828.123 3326.238 L2829.796 3329.949 C2824.598 3332.487 2820.631 3338.256 2817.894 3347.257 L2811.555 3368.075 Z
letterform	svg	M3519.500 235.410 C3525.050 240.490 3530.610 245.570 3536.160 250.650 C3537.490 251.870 3538.570 252.020 3539.410 251.110 C3540.260 250.180 3540.900 248.080 3541.330 244.820 C3542.910 246.260 3544.480 247.700 3546.060 249.140 C3545.580 251.940 3545.070 254.060 3544.500 255.500 C3543.940 256.950 3543.130 258.250 3542.060 259.410 C3539.020 262.730 3535.930 263.500 3532.770 261.710 C3532.310 267.340 3530.380 272.010 3526.980 275.730 C3524.490 278.460 3521.510 279.910 3518.040 280.070 C3514.580 280.240 3511.480 279.080 3508.750 276.590 C3506.280 274.330 3504.890 271.420 3504.570 267.870 C3504.240 264.310 3505.010 260.380 3506.860 256.080 C3508.750 251.730 3510.640 247.380 3512.530 243.040 C3511.830 242.400 3511.140 241.770 3510.440 241.130 C3505.730 236.820 3501.220 237.020 3496.910 241.730 C3493.040 245.960 3491.460 252.080 3492.170 260.080 C3489.340 257.500 3486.520 254.910 3483.690 252.330 C3482.890 246.070 3485.080 240.120 3490.250 234.470 C3494.120 230.240 3498.330 227.860 3502.880 227.330 C3504.370 227.130 3506.020 227.220 3507.820 227.620 C3509.620 228.020 3511.190 228.660 3512.540 229.560 C3513.890 230.450 3516.210 232.400 3519.500 235.410 Z M3528.330 257.490 C3524.460 253.950 3520.580 250.400 3516.700 246.860 C3515.790 249.200 3514.870 251.540 3513.950 253.880 C3512.590 257.490 3511.940 260.320 3512.000 262.390 C3512.070 264.450 3512.890 266.210 3514.480 267.670 C3516.100 269.150 3517.900 269.840 3519.870 269.740 C3521.840 269.640 3523.580 268.760 3525.080 267.110 C3527.340 264.640 3528.430 261.440 3528.330 257.490 Z
letterform	tool	M2427.346 1104.848 L2429.240 1112.236 L2429.462 1112.200 C2429.435 1112.015 2429.426 1111.785 2429.434 1111.513 C2429.442 1111.240 2429.505 1110.957 2429.623 1110.663 C2429.741 1110.370 2429.931 1110.078 2430.195 1109.788 C2430.459 1109.499 2430.829 1109.252 2431.307 1109.047 C2431.707 1108.877 2432.071 1108.806 2432.399 1108.837 C2432.728 1108.868 2433.029 1108.982 2433.304 1109.180 C2433.579 1109.377 2433.828 1109.652 2434.050 1110.004 C2434.273 1110.355 2434.484 1110.764 2434.683 1111.231 C2435.025 1112.031 2435.261 1112.715 2435.392 1113.283 C2435.523 1113.851 2435.559 1114.328 2435.501 1114.714 C2435.443 1115.100 2435.303 1115.413 2435.083 1115.651 C2434.863 1115.890 2434.570 1116.087 2434.203 1116.244 C2434.015 1116.324 2433.830 1116.384 2433.649 1116.422 C2433.468 1116.459 2433.297 1116.460 2433.137 1116.423 C2432.977 1116.387 2432.827 1116.303 2432.686 1116.173 C2432.545 1116.043 2432.422 1115.855 2432.317 1115.611 C2432.289 1115.544 2432.256 1115.460 2432.219 1115.357 C2432.182 1115.255 2432.147 1115.165 2432.113 1115.087 C2432.019 1114.865 2431.878 1114.728 2431.692 1114.676 C2431.505 1114.625 2431.295 1114.648 2431.062 1114.748 C2430.840 1114.843 2430.665 1114.980 2430.538 1115.159 C2430.411 1115.338 2430.402 1115.556 2430.511 1115.811 C2430.573 1115.955 2430.692 1116.118 2430.868 1116.299 C2431.043 1116.480 2431.278 1116.630 2431.571 1116.747 C2431.865 1116.865 2432.220 1116.920 2432.637 1116.913 C2433.054 1116.905 2433.535 1116.785 2434.079 1116.553 C2434.835 1116.230 2435.405 1115.813 2435.790 1115.300 C2436.176 1114.787 2436.439 1114.251 2436.581 1113.691 C2436.723 1113.131 2436.765 1112.591 2436.707 1112.071 C2436.649 1111.551 2436.551 1111.129 2436.413 1110.807 C2436.224 1110.363 2435.959 1109.960 2435.621 1109.599 C2435.283 1109.237 2434.890 1108.955 2434.442 1108.753 C2433.994 1108.550 2433.504 1108.441 2432.972 1108.425 C2432.440 1108.409 2431.885 1108.525 2431.307 1108.771 C2430.707 1109.028 2430.239 1109.346 2429.902 1109.726 C2429.566 1110.107 2429.348 1110.535 2429.249 1111.010 L2429.201 1110.991 L2428.131 1106.778 C2428.692 1106.801 2429.193 1106.798 2429.633 1106.767 C2430.074 1106.737 2430.477 1106.643 2430.844 1106.487 C2431.177 1106.344 2431.450 1106.162 2431.664 1105.939 C2431.878 1105.717 2432.055 1105.447 2432.196 1105.131 C2432.336 1104.815 2432.463 1104.449 2432.574 1104.033 C2432.686 1103.618 2432.804 1103.141 2432.928 1102.601 L2432.695 1102.563 C2432.591 1102.936 2432.486 1103.250 2432.378 1103.506 C2432.271 1103.762 2432.154 1103.980 2432.027 1104.159 C2431.900 1104.338 2431.755 1104.485 2431.594 1104.600 C2431.433 1104.714 2431.247 1104.817 2431.036 1104.907 C2430.725 1105.040 2430.429 1105.124 2430.148 1105.158 C2429.867 1105.193 2429.594 1105.191 2429.328 1105.154 C2429.063 1105.116 2428.803 1105.053 2428.548 1104.965 C2428.294 1104.876 2428.037 1104.776 2427.779 1104.663 L2427.346 1104.848 Z
letterform	svg	M1432.140 1752.430 C1431.850 1752.790 1431.560 1753.150 1431.260 1753.510 C1428.860 1751.860 1426.570 1751.170 1424.370 1751.420 C1422.170 1751.680 1419.960 1752.940 1417.740 1755.200 C1422.530 1759.100 1427.330 1763.000 1432.120 1766.900 C1437.410 1765.060 1441.430 1764.240 1444.190 1764.430 C1446.150 1764.580 1448.020 1765.380 1449.810 1766.830 C1451.830 1768.480 1452.990 1770.660 1453.270 1773.390 C1453.560 1776.130 1452.730 1779.010 1450.770 1782.060 C1451.530 1782.670 1452.280 1783.290 1453.040 1783.900 C1452.610 1784.430 1452.180 1784.950 1451.750 1785.480 C1451.000 1784.870 1450.240 1784.250 1449.490 1783.640 C1448.310 1784.920 1447.230 1785.920 1446.260 1786.660 C1445.750 1787.040 1443.900 1788.150 1440.710 1790.000 C1438.250 1788.010 1435.800 1786.010 1433.340 1784.010 C1433.600 1783.690 1433.870 1783.370 1434.130 1783.050 C1436.910 1784.960 1439.370 1785.840 1441.510 1785.680 C1443.640 1785.520 1445.750 1784.390 1447.840 1782.300 C1443.670 1778.900 1439.490 1775.510 1435.320 1772.120 C1429.070 1773.910 1424.780 1774.830 1422.450 1774.890 C1420.120 1774.950 1417.940 1774.150 1415.910 1772.490 C1413.640 1770.650 1412.340 1768.170 1412.010 1765.050 C1411.680 1761.930 1412.630 1758.740 1414.850 1755.470 C1413.800 1754.620 1412.750 1753.760 1411.700 1752.910 C1412.130 1752.380 1412.550 1751.860 1412.980 1751.330 C1414.030 1752.190 1415.080 1753.040 1416.130 1753.900 C1417.460 1752.410 1418.800 1751.110 1420.170 1750.020 C1421.540 1748.920 1423.210 1747.830 1425.170 1746.760 C1427.500 1748.650 1429.820 1750.540 1432.140 1752.430 Z M1437.640 1771.380 C1441.460 1774.490 1445.280 1777.590 1449.090 1780.700 C1450.230 1778.900 1450.700 1777.250 1450.510 1775.770 C1450.310 1774.280 1449.570 1773.020 1448.290 1771.980 C1447.090 1771.000 1445.670 1770.450 1444.040 1770.330 C1442.410 1770.200 1440.280 1770.550 1437.640 1771.380 Z M1416.450 1756.770 C1415.670 1758.180 1415.200 1759.370 1415.060 1760.350 C1414.890 1761.740 1415.050 1763.070 1415.540 1764.360 C1416.040 1765.650 1416.810 1766.720 1417.860 1767.580 C1418.940 1768.460 1420.230 1768.970 1421.730 1769.110 C1423.230 1769.250 1425.910 1768.750 1429.780 1767.610 C1425.340 1764.000 1420.900 1760.390 1416.450 1756.770 Z
letterform	tool	M3424.600 4793.809 L3428.962 4696.947 C3431.243 4645.490 3431.273 4615.232 3429.054 4606.173 C3427.945 4601.643 3425.436 4597.936 3421.528 4595.052 C3417.621 4592.167 3412.949 4591.391 3407.513 4592.723 C3395.283 4595.719 3382.918 4605.190 3370.418 4621.136 C3357.919 4637.083 3349.456 4658.402 3345.031 4685.095 C3340.606 4711.788 3341.574 4738.120 3347.936 4764.091 C3357.775 4804.256 3379.549 4834.175 3413.258 4853.847 C3446.967 4873.519 3485.489 4878.048 3528.825 4867.432 C3564.913 4858.592 3595.121 4841.269 3619.450 4815.462 C3643.779 4789.656 3660.729 4757.734 3670.298 4719.698 C3679.867 4681.661 3679.788 4642.787 3670.060 4603.075 C3657.114 4550.227 3629.879 4511.083 3588.355 4485.642 C3546.831 4460.201 3500.701 4453.695 3449.967 4466.123 C3419.617 4473.557 3393.192 4486.233 3370.691 4504.149 C3348.190 4522.065 3331.305 4542.487 3320.036 4565.414 C3308.766 4588.342 3301.151 4611.975 3297.189 4636.313 L3284.052 4639.531 C3286.789 4595.166 3303.275 4555.635 3333.510 4520.939 C3363.744 4486.244 3401.133 4463.440 3445.677 4452.529 C3502.602 4438.584 3554.533 4446.070 3601.470 4474.987 C3648.407 4503.903 3678.848 4546.824 3692.793 4603.749 C3708.180 4666.563 3700.269 4724.440 3669.062 4777.380 C3637.855 4830.321 3591.675 4864.281 3530.522 4879.261 C3482.958 4890.912 3440.942 4885.679 3404.474 4863.561 C3368.005 4841.444 3344.241 4807.811 3333.182 4762.664 C3322.862 4720.536 3325.739 4680.498 3341.811 4642.549 C3357.884 4604.600 3383.512 4581.316 3418.694 4572.698 C3430.320 4569.850 3439.725 4570.347 3446.909 4574.189 C3454.092 4578.032 3458.960 4585.162 3461.512 4595.581 C3463.657 4604.339 3464.980 4615.619 3465.480 4629.421 C3489.667 4577.880 3514.143 4549.077 3538.906 4543.011 C3551.589 4539.904 3562.934 4542.927 3572.939 4552.080 C3582.943 4561.233 3589.610 4572.605 3592.939 4586.194 C3597.674 4605.522 3597.147 4629.019 3591.360 4656.686 C3585.573 4684.352 3574.395 4709.939 3557.825 4733.444 C3541.255 4756.950 3524.137 4770.867 3506.470 4775.194 C3496.052 4777.746 3486.996 4777.204 3479.302 4773.566 C3471.609 4769.929 3465.278 4763.197 3460.310 4753.370 L3458.939 4780.115 L3424.600 4793.809 Z M3501.824 4765.048 C3521.605 4760.203 3537.426 4737.401 3549.290 4696.642 C3561.153 4655.882 3564.347 4624.329 3558.873 4601.982 C3556.765 4593.375 3552.519 4586.332 3546.135 4580.854 C3539.751 4575.375 3532.558 4573.616 3524.555 4575.576 C3510.211 4579.090 3496.792 4592.100 3484.299 4614.608 C3471.806 4637.115 3464.767 4660.326 3463.183 4684.242 C3461.599 4708.159 3462.324 4726.308 3465.357 4738.689 C3467.650 4748.051 3472.074 4755.330 3478.629 4760.527 C3485.184 4765.724 3492.915 4767.231 3501.824 4765.048 Z
letterform	svg	M2605.140 1152.680 C2605.860 1151.510 2606.620 1150.690 2607.430 1150.230 C2608.240 1149.770 2609.140 1149.580 2610.140 1149.640 C2611.670 1149.740 2612.930 1150.390 2613.920 1151.590 C2614.910 1152.800 2615.340 1154.330 2615.220 1156.190 C2615.160 1157.250 2614.910 1158.190 2614.490 1159.000 C2614.070 1159.820 2613.510 1160.410 2612.820 1160.790 C2612.120 1161.180 2611.370 1161.340 2610.580 1161.290 C2609.980 1161.250 2609.400 1161.080 2608.830 1160.780 C2608.260 1160.480 2607.720 1160.030 2607.210 1159.410 C2606.820 1158.940 2606.380 1158.250 2605.900 1157.340 L2605.760 1157.340 C2605.090 1158.540 2604.570 1159.360 2604.210 1159.800 C2603.720 1160.380 2603.150 1160.820 2602.480 1161.110 C2601.820 1161.410 2601.070 1161.530 2600.230 1161.470 C2599.120 1161.400 2598.050 1161.020 2597.010 1160.320 C2595.970 1159.630 2595.180 1158.690 2594.660 1157.520 C2594.130 1156.350 2593.910 1155.130 2593.990 1153.840 C2594.070 1152.730 2594.360 1151.720 2594.880 1150.830 C2595.400 1149.930 2596.080 1149.270 2596.930 1148.840 C2597.770 1148.410 2598.690 1148.220 2599.690 1148.290 C2600.890 1148.360 2601.950 1148.790 2602.870 1149.560 C2603.790 1150.340 2604.500 1151.370 2605.000 1152.670 C2605.050 1152.680 2605.090 1152.680 2605.140 1152.680 Z M2606.340 1156.230 C2606.920 1157.280 2607.510 1158.020 2608.120 1158.460 C2608.720 1158.900 2609.450 1159.150 2610.310 1159.200 C2611.030 1159.250 2611.680 1159.150 2612.280 1158.890 C2612.870 1158.640 2613.340 1158.240 2613.670 1157.700 C2614.000 1157.160 2614.190 1156.540 2614.240 1155.830 C2614.310 1154.720 2614.050 1153.820 2613.480 1153.120 C2612.900 1152.420 2612.120 1152.040 2611.120 1151.980 C2610.140 1151.920 2609.360 1152.160 2608.770 1152.710 C2608.180 1153.260 2607.370 1154.430 2606.340 1156.230 Z M2604.530 1153.850 C2603.910 1152.680 2603.230 1151.830 2602.500 1151.310 C2601.770 1150.790 2600.870 1150.490 2599.790 1150.420 C2598.880 1150.360 2598.070 1150.480 2597.360 1150.790 C2596.650 1151.090 2596.080 1151.560 2595.670 1152.220 C2595.270 1152.870 2595.040 1153.590 2594.990 1154.370 C2594.930 1155.180 2595.070 1155.940 2595.410 1156.660 C2595.740 1157.370 2596.230 1157.930 2596.900 1158.340 C2597.560 1158.740 2598.320 1158.970 2599.170 1159.030 C2599.900 1159.070 2600.520 1158.960 2601.050 1158.690 C2601.570 1158.410 2602.080 1157.920 2602.590 1157.200 C2603.090 1156.480 2603.740 1155.370 2604.530 1153.850 Z
letterform	tool	M4971.841 4212.806 L4900.222 4222.292 L4898.806 4211.603 L4928.170 4207.714 L4917.151 4124.525 L4929.916 4122.834 L4940.935 4206.023 L4970.425 4202.117 L4971.841 4212.806 Z
letterform	svg	M697.190 1357.780 L697.580 1358.080 C697.350 1358.750 696.940 1359.480 696.370 1360.260 C697.490 1360.050 698.540 1360.050 699.500 1360.250 C700.470 1360.450 701.350 1360.850 702.160 1361.440 C703.840 1362.670 704.800 1364.280 705.040 1366.280 C705.290 1368.270 704.710 1370.230 703.290 1372.160 C701.900 1374.050 700.180 1375.220 698.130 1375.670 C696.080 1376.120 694.140 1375.680 692.320 1374.340 C691.570 1373.790 690.970 1373.110 690.500 1372.310 C690.040 1371.500 689.720 1370.580 689.540 1369.540 C688.420 1371.070 687.290 1372.610 686.170 1374.140 C685.140 1375.530 684.540 1376.410 684.370 1376.750 C684.200 1377.100 684.190 1377.440 684.330 1377.780 C684.480 1378.120 684.900 1378.550 685.600 1379.060 C685.430 1379.290 685.260 1379.510 685.100 1379.740 C682.990 1378.190 680.880 1376.640 678.780 1375.100 C678.940 1374.870 679.110 1374.640 679.280 1374.420 C679.420 1374.520 679.570 1374.630 679.720 1374.740 C680.420 1375.260 680.950 1375.490 681.310 1375.440 C681.670 1375.400 681.970 1375.250 682.210 1374.990 C682.450 1374.740 683.070 1373.930 684.060 1372.580 L692.130 1361.600 C693.080 1360.310 693.660 1359.480 693.870 1359.120 C694.080 1358.760 694.130 1358.400 694.010 1358.050 C693.900 1357.690 693.520 1357.280 692.890 1356.810 C692.750 1356.710 692.600 1356.600 692.450 1356.490 C692.620 1356.260 692.780 1356.040 692.950 1355.810 C694.000 1356.430 695.410 1357.090 697.190 1357.780 Z M690.260 1368.570 C690.310 1369.610 690.520 1370.510 690.870 1371.280 C691.220 1372.050 691.730 1372.670 692.390 1373.160 C693.500 1373.980 694.820 1374.210 696.350 1373.870 C697.880 1373.520 699.410 1372.300 700.950 1370.210 C702.280 1368.400 702.870 1366.760 702.730 1365.270 C702.600 1363.790 701.970 1362.650 700.870 1361.840 C700.190 1361.340 699.420 1361.030 698.560 1360.930 C697.690 1360.830 696.730 1360.920 695.660 1361.220 L690.260 1368.570 Z
letterform	tool	M1410.508 4917.426 C1409.864 4917.952 1409.140 4918.452 1408.338 4918.926 C1407.536 4919.401 1406.730 4919.743 1405.920 4919.954 C1404.876 4920.225 1403.882 4920.330 1402.937 4920.268 C1401.993 4920.206 1401.140 4919.967 1400.378 4919.550 C1399.609 4919.129 1398.943 4918.525 1398.380 4917.740 C1397.817 4916.954 1397.384 4915.976 1397.080 4914.807 C1396.523 4912.665 1396.709 4910.812 1397.638 4909.248 C1398.567 4907.684 1400.123 4906.619 1402.306 4906.051 C1403.068 4905.853 1403.870 4905.742 1404.713 4905.718 C1405.555 4905.695 1406.492 4905.783 1407.524 4905.982 L1408.074 4908.097 L1407.912 4908.139 C1407.688 4908.043 1407.369 4907.924 1406.954 4907.782 C1406.540 4907.640 1406.141 4907.536 1405.759 4907.469 C1405.296 4907.390 1404.787 4907.358 1404.230 4907.371 C1403.673 4907.385 1403.062 4907.478 1402.396 4907.651 C1400.896 4908.041 1399.835 4908.831 1399.212 4910.021 C1398.590 4911.210 1398.492 4912.627 1398.919 4914.271 C1399.370 4916.004 1400.176 4917.234 1401.338 4917.960 C1402.501 4918.686 1403.868 4918.845 1405.439 4918.436 C1406.015 4918.286 1406.575 4918.080 1407.118 4917.817 C1407.661 4917.554 1408.126 4917.277 1408.511 4916.984 L1407.657 4913.700 L1404.067 4914.633 L1403.660 4913.067 L1409.014 4911.676 L1410.508 4917.426 Z
letterform	svg	M4218.270 494.970 C4219.530 494.990 4220.790 495.000 4222.050 495.010 C4224.190 496.490 4225.670 497.620 4226.490 498.380 C4227.700 499.490 4228.910 500.850 4230.100 502.440 C4231.300 504.040 4232.320 505.820 4233.170 507.790 C4234.850 511.670 4235.560 515.530 4235.300 519.370 C4235.040 523.220 4233.680 526.710 4231.220 529.850 C4228.760 532.990 4225.360 535.490 4221.040 537.360 C4217.660 538.820 4214.410 539.680 4211.300 539.920 C4208.180 540.170 4205.720 539.990 4203.910 539.370 C4202.610 538.930 4200.950 538.070 4198.960 536.800 C4196.960 535.540 4195.230 534.180 4193.770 532.720 C4191.790 530.810 4190.220 528.510 4189.050 525.810 C4187.630 522.510 4187.090 519.210 4187.440 515.910 C4187.790 512.600 4188.990 509.770 4191.050 507.420 C4193.100 505.060 4195.760 503.180 4199.020 501.770 C4199.840 501.420 4200.870 501.040 4202.100 500.650 C4203.420 502.590 4204.500 504.370 4205.350 506.000 C4206.950 509.070 4208.440 512.200 4209.810 515.370 C4211.850 520.090 4213.890 524.810 4215.930 529.520 C4220.110 527.650 4223.200 525.450 4225.190 522.930 C4227.190 520.410 4228.280 517.650 4228.450 514.670 C4228.630 511.680 4228.140 508.860 4227.000 506.220 C4226.220 504.420 4225.170 502.760 4223.820 501.230 C4222.480 499.700 4220.480 497.960 4217.820 496.000 C4217.970 495.660 4218.120 495.320 4218.270 494.970 Z M4212.450 531.030 C4212.180 530.170 4211.600 528.570 4210.690 526.240 C4208.950 521.800 4207.720 518.750 4207.010 517.110 C4205.320 513.200 4204.130 510.660 4203.450 509.490 C4202.730 509.760 4202.180 509.980 4201.800 510.150 C4197.160 512.150 4194.150 514.570 4192.790 517.390 C4191.430 520.210 4191.430 523.190 4192.790 526.340 C4194.220 529.660 4196.570 531.820 4199.830 532.820 C4203.080 533.820 4207.290 533.220 4212.450 531.030 Z
letterform	tool	M1924.157 1990.850 C1935.597 2001.495 1944.724 2014.749 1951.537 2030.611 C1958.350 2046.473 1960.819 2065.804 1958.943 2088.603 C1955.666 2128.454 1939.336 2160.234 1909.954 2183.943 C1880.573 2207.652 1844.937 2217.783 1803.046 2214.338 C1770.609 2211.670 1743.809 2201.721 1722.646 2184.492 C1701.484 2167.263 1691.741 2148.454 1693.418 2128.065 C1694.195 2118.611 1697.191 2110.554 1702.404 2103.891 C1707.617 2097.229 1715.043 2094.294 1724.682 2095.087 C1735.803 2096.002 1744.043 2099.618 1749.401 2105.937 C1754.760 2112.256 1757.157 2118.845 1756.593 2125.703 C1756.105 2131.634 1754.476 2138.965 1751.705 2147.694 C1748.934 2156.424 1746.818 2162.874 1745.355 2167.046 C1746.731 2168.465 1748.996 2170.424 1752.149 2172.923 C1755.303 2175.422 1759.112 2177.881 1763.579 2180.301 C1768.230 2182.736 1773.967 2185.028 1780.788 2187.175 C1787.609 2189.322 1795.654 2190.777 1804.921 2191.539 C1816.784 2192.515 1828.196 2191.028 1839.158 2187.077 C1850.120 2183.127 1859.604 2176.723 1867.610 2167.864 C1876.434 2158.140 1883.384 2146.815 1888.459 2133.890 C1893.534 2120.965 1896.910 2104.307 1898.587 2083.918 C1900.737 2057.783 1895.242 2035.545 1882.101 2017.202 C1868.961 1998.860 1850.528 1988.713 1826.803 1986.762 C1811.974 1985.542 1797.890 1987.183 1784.551 1991.684 C1771.211 1996.185 1758.910 2004.504 1747.649 2016.640 L1729.615 2007.879 L1769.759 1809.083 L1968.831 1825.457 L1964.760 1874.947 L1788.209 1860.425 L1764.055 1977.122 C1772.884 1971.877 1784.350 1966.895 1798.454 1962.177 C1812.558 1957.459 1827.766 1955.771 1844.077 1957.112 C1857.608 1958.225 1871.477 1961.465 1885.684 1966.833 C1899.892 1972.200 1912.716 1980.206 1924.157 1990.850 Z
letterform	svg	M2898.170 2412.290 C2898.190 2412.180 2898.200 2412.070 2898.210 2411.960 C2898.680 2411.880 2899.230 2411.880 2899.870 2411.950 C2899.380 2411.370 2899.040 2410.770 2898.840 2410.140 C2898.650 2409.520 2898.590 2408.880 2898.670 2408.220 C2898.840 2406.850 2899.450 2405.770 2900.530 2404.980 C2901.600 2404.190 2902.930 2403.890 2904.500 2404.080 C2906.050 2404.270 2907.280 2404.880 2908.210 2405.920 C2909.140 2406.960 2909.510 2408.230 2909.330 2409.710 C2909.250 2410.330 2909.060 2410.900 2908.750 2411.430 C2908.430 2411.960 2908.000 2412.440 2907.460 2412.880 C2908.710 2413.030 2909.960 2413.190 2911.220 2413.340 C2912.360 2413.480 2913.060 2413.540 2913.310 2413.530 C2913.570 2413.510 2913.770 2413.410 2913.920 2413.210 C2914.070 2413.020 2914.180 2412.640 2914.250 2412.070 C2914.430 2412.090 2914.620 2412.110 2914.800 2412.130 C2914.590 2413.860 2914.380 2415.580 2914.170 2417.300 C2913.990 2417.280 2913.800 2417.260 2913.620 2417.230 C2913.630 2417.110 2913.650 2416.990 2913.660 2416.870 C2913.730 2416.300 2913.700 2415.920 2913.550 2415.720 C2913.410 2415.530 2913.220 2415.410 2913.000 2415.350 C2912.770 2415.290 2912.110 2415.200 2911.000 2415.060 C2908.010 2414.700 2905.020 2414.330 2902.020 2413.970 C2900.970 2413.840 2900.300 2413.770 2900.030 2413.770 C2899.750 2413.760 2899.530 2413.850 2899.360 2414.040 C2899.190 2414.220 2899.070 2414.570 2899.010 2415.080 C2898.990 2415.210 2898.980 2415.330 2898.960 2415.450 C2898.780 2415.420 2898.590 2415.400 2898.410 2415.380 C2898.420 2414.570 2898.350 2413.540 2898.170 2412.290 Z M2906.660 2412.780 C2907.250 2412.410 2907.700 2412.000 2908.030 2411.550 C2908.360 2411.090 2908.560 2410.600 2908.630 2410.060 C2908.740 2409.150 2908.440 2408.310 2907.740 2407.540 C2907.050 2406.770 2905.840 2406.280 2904.140 2406.070 C2902.660 2405.890 2901.510 2406.080 2900.700 2406.640 C2899.890 2407.200 2899.430 2407.940 2899.320 2408.840 C2899.250 2409.390 2899.320 2409.940 2899.550 2410.470 C2899.770 2411.000 2900.140 2411.530 2900.650 2412.050 C2902.660 2412.290 2904.660 2412.540 2906.660 2412.780 Z
letterform	tool	M1568.524 1537.049 C1570.758 1539.525 1572.118 1542.055 1572.605 1544.641 C1573.091 1547.227 1572.738 1549.950 1571.544 1552.810 C1569.366 1558.028 1565.810 1560.867 1560.876 1561.326 C1555.941 1561.785 1547.889 1559.684 1536.719 1555.022 L1499.092 1539.317 L1503.157 1529.577 L1540.320 1545.088 C1549.481 1548.911 1555.386 1550.775 1558.036 1550.678 C1560.686 1550.581 1562.575 1549.180 1563.705 1546.474 C1564.995 1543.382 1564.690 1540.770 1562.789 1538.638 C1560.887 1536.505 1555.511 1533.592 1546.660 1529.898 L1509.497 1514.387 L1513.562 1504.647 L1550.725 1520.158 C1560.002 1524.029 1565.952 1525.866 1568.576 1525.668 C1571.201 1525.470 1573.110 1523.941 1574.303 1521.081 C1575.481 1518.259 1575.111 1515.801 1573.194 1513.708 C1571.277 1511.614 1565.892 1508.720 1557.041 1505.026 L1519.878 1489.515 L1523.919 1479.833 L1588.853 1506.935 L1584.812 1516.617 L1579.246 1514.294 C1581.033 1516.537 1582.136 1518.869 1582.555 1521.291 C1582.974 1523.712 1582.675 1526.141 1581.659 1528.576 C1580.433 1531.513 1578.736 1533.675 1576.569 1535.063 C1574.401 1536.450 1571.719 1537.112 1568.524 1537.049 Z
letterform	svg	M1716.410 1061.000 C1716.400 1061.680 1716.160 1062.260 1715.680 1062.740 C1715.200 1063.210 1714.610 1063.450 1713.930 1063.440 C1713.250 1063.440 1712.670 1063.190 1712.190 1062.710 C1711.700 1062.230 1711.460 1061.650 1711.470 1060.970 C1711.470 1060.280 1711.720 1059.700 1712.210 1059.220 C1712.700 1058.740 1713.290 1058.500 1713.970 1058.500 C1714.650 1058.510 1715.230 1058.750 1715.700 1059.230 C1716.180 1059.720 1716.410 1060.310 1716.410 1061.000 Z M1704.740 1062.940 C1698.770 1062.890 1692.800 1062.850 1686.830 1062.800 C1685.430 1062.790 1684.500 1062.890 1684.040 1063.080 C1683.580 1063.280 1683.230 1063.580 1683.000 1063.980 C1682.770 1064.370 1682.650 1065.100 1682.640 1066.150 L1681.770 1066.150 C1681.790 1062.540 1681.820 1058.930 1681.850 1055.320 L1682.720 1055.320 C1682.710 1056.410 1682.810 1057.140 1683.020 1057.520 C1683.230 1057.890 1683.580 1058.190 1684.060 1058.410 C1684.550 1058.630 1685.480 1058.750 1686.860 1058.760 C1689.720 1058.780 1692.580 1058.800 1695.450 1058.830 C1697.870 1058.840 1699.430 1058.780 1700.150 1058.640 C1700.670 1058.530 1701.030 1058.360 1701.230 1058.120 C1701.440 1057.870 1701.540 1057.540 1701.540 1057.120 C1701.550 1056.670 1701.430 1056.110 1701.190 1055.460 C1701.480 1055.350 1701.780 1055.240 1702.070 1055.130 C1702.960 1057.370 1703.850 1059.620 1704.750 1061.860 C1704.740 1062.220 1704.740 1062.580 1704.740 1062.940 Z
letterform	tool	M2819.065 4794.008 L2820.189 4709.982 L2871.256 4719.069 L2870.142 4802.331 L3027.936 4828.891 L3027.170 4886.182 L2869.375 4859.622 L2867.995 4962.745 L3025.789 4989.305 L3025.033 5045.831 L2867.238 5019.271 L2866.093 5104.825 L2815.016 5096.501 L2816.161 5010.948 L2715.534 4994.321 L2714.400 5079.110 L2663.322 5070.787 L2664.457 4985.997 L2516.572 4961.097 L2517.339 4903.807 L2665.224 4928.706 L2666.594 4826.347 L2518.709 4801.448 L2519.476 4744.157 L2667.371 4768.293 L2668.475 4685.795 L2719.552 4694.118 L2718.438 4777.381 L2819.065 4794.008 Z M2818.298 4851.298 L2717.671 4834.671 L2716.301 4937.030 L2816.928 4953.657 L2818.298 4851.298 Z
letterform	svg	M3451.130 4056.160 C3440.860 4069.260 3430.600 4082.360 3420.340 4095.450 C3324.030 4019.990 3227.730 3944.530 3131.430 3869.060 C3140.720 3857.210 3150.010 3845.350 3159.300 3833.490 C3283.860 3827.180 3408.420 3820.860 3532.980 3814.540 C3458.870 3756.470 3384.770 3698.400 3310.660 3640.330 C3320.820 3627.370 3330.980 3614.410 3341.130 3601.450 C3437.430 3676.920 3533.740 3752.380 3630.040 3827.850 C3621.290 3839.020 3612.530 3850.180 3603.780 3861.350 L3226.950 3880.490 C3301.670 3939.050 3376.400 3997.610 3451.130 4056.160 Z
blob	tool	M4593.252 577.251 C4592.908 576.618 4596.211 576.000 4597.892 575.895 C4599.574 575.789 4602.007 576.526 4603.342 576.617 C4604.677 576.707 4604.705 576.342 4605.903 576.437 C4607.101 576.533 4609.702 576.445 4610.528 577.189 C4611.354 577.933 4610.700 579.942 4610.859 580.904 C4611.019 581.865 4612.081 582.330 4611.485 582.956 C4610.888 583.582 4608.993 584.973 4607.280 584.660 C4605.567 584.347 4602.427 581.908 4601.207 581.080 C4599.987 580.253 4601.287 580.332 4599.961 579.694 C4598.635 579.055 4593.597 577.884 4593.252 577.251 Z
blob	svg	M1028.980 2555.050 C1027.700 2555.280 1027.340 2552.150 1026.710 2550.640 C1026.090 2549.140 1025.840 2547.370 1025.250 2546.010 C1024.670 2544.640 1023.140 2543.990 1023.220 2542.470 C1023.300 2540.950 1024.340 2537.000 1025.740 2536.880 C1027.150 2536.760 1030.240 2540.870 1031.650 2541.740 C1033.060 2542.610 1033.680 2541.210 1034.190 2542.100 C1034.710 2542.990 1034.700 2545.880 1034.740 2547.080 C1034.780 2548.270 1035.400 2547.950 1034.440 2549.280 C1033.490 2550.610 1030.270 2554.820 1028.980 2555.050 Z
blob	tool	M4712.475 3257.817 C4739.381 3236.284 4841.194 3310.128 4877.899 3346.218 C4914.604 3382.308 4928.364 3424.908 4932.704 3474.359 C4937.045 3523.810 4929.051 3611.933 4903.942 3642.927 C4878.833 3673.920 4813.297 3688.240 4782.051 3660.322 C4750.806 3632.404 4728.063 3542.502 4716.467 3475.418 C4704.871 3408.333 4685.570 3279.351 4712.475 3257.817 Z
blob	svg	M3465.610 1647.920 C3464.570 1648.540 3460.630 1648.150 3459.430 1647.170 C3458.240 1646.190 3458.300 1643.520 3458.450 1642.030 C3458.600 1640.540 3459.120 1638.020 3460.330 1638.260 C3461.540 1638.490 3464.820 1641.820 3465.700 1643.430 C3466.580 1645.040 3466.660 1647.290 3465.610 1647.920 Z
blob	tool	M3187.915 1315.918 C3212.708 1317.394 3243.377 1453.432 3231.775 1509.217 C3220.173 1565.002 3150.056 1626.393 3118.303 1650.629 C3086.549 1674.864 3047.135 1679.675 3041.254 1654.630 C3035.372 1629.586 3058.571 1556.813 3083.014 1500.361 C3107.458 1443.909 3163.122 1314.442 3187.915 1315.918 Z
blob	svg	M3342.400 1896.680 C3333.400 1903.240 3321.750 1906.390 3310.460 1903.940 C3299.180 1901.500 3280.650 1891.100 3274.720 1881.990 C3268.790 1872.890 3269.110 1854.160 3274.890 1849.320 C3280.670 1844.480 3294.450 1850.420 3309.380 1852.960 C3324.310 1855.500 3358.960 1857.290 3364.460 1864.580 C3369.970 1871.860 3351.400 1890.120 3342.400 1896.680 Z
blob	tool	M298.576 921.650 C298.667 929.167 301.624 938.277 294.610 946.818 C287.596 955.359 266.542 971.092 256.491 972.898 C246.440 974.704 243.255 960.689 234.303 957.654 C225.351 954.619 206.837 959.815 202.781 954.688 C198.724 949.562 208.103 934.401 209.965 926.895 C211.827 919.389 207.607 914.118 213.954 909.653 C220.300 905.189 234.691 901.430 248.043 900.107 C261.395 898.785 285.644 898.129 294.066 901.719 C302.488 905.310 298.485 914.134 298.576 921.650 Z
blob	svg	M704.700 2378.920 C713.350 2384.560 730.870 2408.750 726.480 2421.000 C722.080 2433.250 690.080 2453.200 678.320 2452.390 C666.550 2451.590 656.510 2427.040 655.880 2416.170 C655.260 2405.300 666.440 2393.360 674.580 2387.160 C682.710 2380.950 696.050 2373.280 704.700 2378.920 Z
blob	tool	M209.741 4344.897 C209.556 4343.205 213.873 4340.544 215.074 4338.753 C216.275 4336.963 215.707 4334.924 216.948 4334.155 C218.189 4333.386 221.354 4333.601 222.520 4334.140 C223.686 4334.680 223.644 4336.094 223.943 4337.393 C224.241 4338.692 224.593 4340.311 224.310 4341.934 C224.026 4343.557 223.598 4345.969 222.243 4347.131 C220.889 4348.293 218.269 4349.279 216.185 4348.907 C214.102 4348.535 209.926 4346.589 209.741 4344.897 Z
blob	svg	M2358.720 3850.300 C2366.230 3844.700 2379.050 3841.100 2386.820 3845.320 C2394.590 3849.550 2406.770 3865.820 2405.320 3875.660 C2403.870 3885.500 2388.700 3903.820 2378.100 3904.370 C2367.500 3904.920 2344.980 3887.970 2341.750 3878.960 C2338.520 3869.950 2351.210 3855.910 2358.720 3850.300 Z
blob	tool	M3196.405 1965.588 C3191.124 1951.027 3186.151 1905.649 3195.519 1898.969 C3204.887 1892.288 3236.287 1922.943 3252.614 1925.506 C3268.941 1928.068 3276.224 1911.313 3293.483 1914.343 C3310.742 1917.374 3346.037 1930.138 3356.168 1943.689 C3366.298 1957.239 3362.251 1982.800 3354.263 1995.647 C3346.275 2008.494 3321.120 2018.553 3308.241 2020.770 C3295.361 2022.986 3289.683 2009.055 3276.986 2008.947 C3264.289 2008.838 3240.356 2023.887 3232.059 2020.118 C3223.762 2016.349 3233.147 1995.422 3227.204 1986.333 C3221.262 1977.245 3201.686 1980.149 3196.405 1965.588 Z
blob	svg	M80.990 2285.040 C79.810 2285.340 77.610 2284.600 76.950 2283.110 C76.300 2281.610 76.510 2278.090 77.050 2276.080 C77.590 2274.070 79.020 2271.870 80.210 2271.050 C81.390 2270.240 82.700 2271.930 84.170 2271.220 C85.650 2270.500 88.430 2266.240 89.050 2266.790 C89.660 2267.330 88.030 2272.440 87.840 2274.510 C87.660 2276.580 88.590 2278.080 87.950 2279.220 C87.310 2280.360 85.180 2280.350 84.020 2281.330 C82.860 2282.300 82.170 2284.750 80.990 2285.040 Z
blob	tool	M3591.419 1623.587 C3588.118 1652.908 3560.523 1665.343 3553.078 1704.097 C3545.633 1742.851 3565.158 1821.876 3546.749 1856.110 C3528.340 1890.345 3493.232 1902.818 3442.624 1909.507 C3392.016 1916.196 3268.332 1914.390 3243.102 1896.245 C3217.872 1878.099 3297.222 1829.368 3291.247 1800.634 C3285.271 1771.900 3184.710 1746.442 3207.249 1723.841 C3229.787 1701.240 3365.539 1697.641 3426.477 1665.029 C3487.415 1632.417 3545.389 1535.075 3572.879 1528.168 C3600.369 1521.261 3594.719 1594.265 3591.419 1623.587 Z
blob	svg	M4792.740 1438.190 C4795.930 1438.150 4801.840 1439.750 4805.680 1441.060 C4809.520 1442.380 4812.880 1443.940 4815.810 1446.070 C4818.730 1448.200 4821.830 1450.990 4823.230 1453.840 C4824.630 1456.680 4824.600 1458.520 4824.210 1463.140 C4823.820 1467.760 4823.420 1479.570 4820.910 1481.540 C4818.390 1483.520 4812.680 1476.550 4809.140 1474.980 C4805.600 1473.410 4802.030 1475.420 4799.670 1472.120 C4797.310 1468.820 4797.160 1460.310 4794.970 1455.180 C4792.780 1450.040 4786.920 1444.140 4786.550 1441.310 C4786.170 1438.480 4789.550 1438.230 4792.740 1438.190 Z
blob	tool	M547.963 4289.159 C550.787 4291.482 544.364 4316.105 544.934 4324.842 C545.504 4333.579 554.468 4334.795 551.382 4341.582 C548.297 4348.368 532.923 4361.867 526.421 4365.561 C519.919 4369.256 515.190 4370.762 512.371 4363.749 C509.552 4356.735 506.904 4332.288 509.507 4323.481 C512.110 4314.674 521.580 4316.627 527.989 4310.907 C534.398 4305.186 545.139 4286.837 547.963 4289.159 Z
blob	svg	M3304.780 3305.850 C3304.560 3309.440 3294.620 3317.080 3293.030 3321.300 C3291.430 3325.520 3296.090 3329.610 3295.220 3331.160 C3294.340 3332.710 3291.330 3327.690 3287.780 3330.610 C3284.220 3333.530 3276.760 3347.300 3273.890 3348.680 C3271.010 3350.060 3271.070 3342.030 3270.540 3338.890 C3270.000 3335.750 3271.530 3333.180 3270.680 3329.850 C3269.830 3326.520 3263.770 3320.750 3265.420 3318.920 C3267.060 3317.080 3275.730 3322.030 3280.550 3318.840 C3285.370 3315.650 3290.290 3301.940 3294.330 3299.770 C3298.370 3297.610 3305.000 3302.260 3304.780 3305.850 Z
blob	tool	M705.300 3002.728 C700.310 2998.083 692.328 2989.653 694.243 2985.597 C696.158 2981.540 711.603 2979.592 716.791 2978.389 C721.980 2977.186 720.731 2976.816 725.375 2978.379 C730.019 2979.942 744.852 2981.920 744.654 2987.768 C744.455 2993.616 730.744 3010.974 724.185 3013.467 C717.626 3015.960 710.290 3007.373 705.300 3002.728 Z
blob	svg	M2401.020 2273.270 C2397.640 2275.560 2392.840 2278.380 2388.500 2274.490 C2384.160 2270.600 2375.770 2255.190 2374.990 2249.940 C2374.200 2244.690 2379.920 2244.560 2383.800 2242.980 C2387.670 2241.410 2394.090 2237.530 2398.250 2240.500 C2402.420 2243.470 2408.340 2255.310 2408.800 2260.780 C2409.260 2266.240 2404.400 2270.990 2401.020 2273.270 Z
blob	tool	M4980.066 2900.587 C4932.762 2878.875 4861.815 2813.402 4828.406 2763.162 C4794.996 2712.922 4766.696 2643.493 4779.610 2599.145 C4792.524 2554.798 4876.744 2535.689 4905.888 2497.077 C4935.032 2458.465 4930.702 2370.738 4954.475 2367.472 C4978.247 2364.205 5012.801 2461.526 5048.524 2477.477 C5084.248 2493.429 5145.192 2451.928 5168.817 2463.183 C5192.442 2474.437 5188.374 2512.842 5190.275 2545.005 C5192.176 2577.168 5193.232 2598.090 5180.224 2656.161 C5167.215 2714.233 5145.586 2852.699 5112.226 2893.436 C5078.866 2934.174 5027.369 2922.300 4980.066 2900.587 Z
blob	svg	M867.080 1438.730 C858.780 1431.250 850.870 1414.170 856.580 1399.510 C862.300 1384.850 884.190 1357.490 901.380 1350.790 C918.580 1344.090 950.850 1348.820 959.750 1359.300 C968.650 1369.770 963.670 1399.470 954.780 1413.660 C945.890 1427.840 921.050 1440.220 906.430 1444.400 C891.820 1448.570 875.390 1446.210 867.080 1438.730 Z
blob	tool	M1946.699 3318.680 C1946.764 3319.169 1941.818 3323.477 1940.512 3324.988 C1939.207 3326.499 1939.752 3326.563 1938.866 3327.744 C1937.979 3328.926 1936.693 3330.884 1935.191 3332.076 C1933.690 3333.267 1930.677 3335.264 1929.857 3334.893 C1929.037 3334.522 1930.360 3331.092 1930.272 3329.850 C1930.184 3328.607 1928.939 3328.576 1929.330 3327.439 C1929.720 3326.303 1931.120 3324.648 1932.616 3323.033 C1934.111 3321.417 1937.054 3317.910 1938.304 3317.747 C1939.554 3317.584 1938.718 3321.897 1940.118 3322.053 C1941.517 3322.208 1946.633 3318.190 1946.699 3318.680 Z
blob	svg	M4517.240 183.740 C4525.610 168.710 4563.540 156.580 4586.450 144.590 C4609.360 132.610 4630.470 104.370 4654.700 111.830 C4678.930 119.290 4715.070 158.840 4731.830 189.370 C4748.590 219.900 4766.690 273.790 4755.280 295.030 C4743.860 316.270 4691.520 319.190 4663.360 316.840 C4635.200 314.480 4607.500 294.580 4586.320 280.900 C4565.140 267.230 4547.790 250.980 4536.280 234.790 C4524.770 218.590 4508.880 198.770 4517.240 183.740 Z
blob	tool	M1757.054 1198.810 C1748.495 1201.917 1751.732 1202.645 1740.379 1198.350 C1729.025 1194.055 1695.234 1182.589 1688.934 1173.040 C1682.633 1163.492 1699.673 1149.692 1702.574 1141.058 C1705.475 1132.425 1702.075 1125.653 1706.340 1121.240 C1710.605 1116.827 1716.639 1110.622 1728.164 1114.581 C1739.689 1118.539 1764.894 1134.135 1775.489 1144.990 C1786.083 1155.845 1794.804 1170.740 1791.731 1179.710 C1788.659 1188.680 1765.613 1195.704 1757.054 1198.810 Z
blob	svg	M1929.060 1374.120 C1898.900 1335.510 1988.250 1213.330 2052.480 1160.210 C2116.710 1107.110 2253.560 1048.280 2314.470 1055.460 C2375.370 1062.630 2431.420 1147.200 2417.910 1203.270 C2404.410 1259.350 2314.920 1363.410 2233.450 1391.880 C2151.970 1420.350 1959.230 1412.730 1929.060 1374.120 Z
blob	tool	M3609.558 4600.710 C3590.987 4600.816 3548.396 4628.805 3537.190 4622.009 C3525.983 4615.213 3543.584 4577.210 3542.321 4559.935 C3541.058 4542.660 3531.793 4534.366 3529.611 4518.361 C3527.429 4502.355 3522.091 4474.530 3529.229 4463.900 C3536.366 4453.270 3559.846 4450.368 3572.436 4454.581 C3585.026 4458.795 3590.699 4478.542 3604.769 4489.182 C3618.840 4499.822 3649.550 4496.388 3656.858 4518.420 C3664.166 4540.451 3656.499 4607.658 3648.615 4621.373 C3640.732 4635.088 3628.129 4600.604 3609.558 4600.710 Z
blob	svg	M455.940 2842.880 C434.930 2796.050 507.110 2690.780 577.290 2652.710 C647.470 2614.650 809.240 2598.040 877.020 2614.490 C944.810 2630.940 1012.980 2698.220 984.030 2751.420 C955.080 2804.610 791.330 2918.430 703.320 2933.680 C615.300 2948.920 476.940 2889.700 455.940 2842.880 Z
blob	tool	M2233.034 3351.445 C2231.380 3353.391 2229.597 3355.551 2226.356 3355.090 C2223.116 3354.628 2216.834 3352.286 2213.591 3348.676 C2210.347 3345.065 2208.518 3337.808 2206.896 3333.427 C2205.273 3329.045 2202.231 3325.254 2203.855 3322.385 C2205.479 3319.516 2211.976 3316.324 2216.641 3316.211 C2221.306 3316.099 2227.979 3319.151 2231.845 3321.709 C2235.711 3324.267 2239.096 3327.942 2239.835 3331.559 C2240.574 3335.177 2237.412 3340.100 2236.279 3343.414 C2235.145 3346.729 2234.688 3349.499 2233.034 3351.445 Z
blob	svg	M1485.840 227.950 C1486.280 232.990 1478.970 241.440 1473.770 245.400 C1468.570 249.360 1460.110 252.080 1454.650 251.680 C1449.180 251.280 1443.790 247.280 1440.980 243.000 C1438.180 238.730 1436.020 229.600 1437.820 226.010 C1439.620 222.420 1446.240 223.270 1451.790 221.460 C1457.340 219.660 1465.440 214.080 1471.120 215.160 C1476.790 216.250 1485.390 222.910 1485.840 227.950 Z
blob	tool	M2693.516 3695.573 C2710.830 3684.623 2767.088 3658.883 2782.424 3671.072 C2797.760 3683.262 2786.104 3734.744 2785.530 3768.709 C2784.957 3802.675 2780.576 3841.631 2778.982 3874.866 C2777.388 3908.101 2786.053 3955.383 2775.969 3968.119 C2765.884 3980.855 2736.985 3953.855 2718.476 3951.282 C2699.966 3948.709 2674.601 3964.186 2664.910 3952.681 C2655.219 3941.176 2665.057 3911.300 2660.329 3882.253 C2655.601 3853.205 2633.504 3802.645 2636.540 3778.398 C2639.576 3754.151 2669.050 3750.574 2678.546 3736.770 C2688.042 3722.966 2676.203 3706.522 2693.516 3695.573 Z
blob	svg	M1898.750 2926.510 C1896.210 2927.500 1890.610 2925.390 1887.190 2923.140 C1883.760 2920.890 1878.750 2916.260 1878.200 2913.010 C1877.640 2909.750 1882.230 2906.100 1883.830 2903.590 C1885.440 2901.080 1885.500 2897.520 1887.830 2897.950 C1890.160 2898.390 1895.390 2903.010 1897.820 2906.220 C1900.240 2909.420 1902.230 2913.800 1902.380 2917.180 C1902.540 2920.560 1901.280 2925.510 1898.750 2926.510 Z
blob	tool	M1613.171 893.715 C1600.698 878.584 1598.536 845.637 1601.619 813.421 C1604.702 781.205 1610.437 715.113 1631.668 700.421 C1652.900 685.730 1706.295 712.744 1729.006 725.272 C1751.718 737.799 1766.045 757.797 1767.937 775.586 C1769.828 793.375 1755.601 810.570 1740.355 832.007 C1725.109 853.444 1697.658 893.922 1676.461 904.207 C1655.264 914.492 1625.645 908.846 1613.171 893.715 Z
blob	svg	M4691.510 3977.330 C4718.480 3971.150 4766.380 3921.520 4793.390 3951.700 C4820.400 3981.890 4842.110 4111.750 4853.560 4158.450 C4865.020 4205.140 4862.530 4209.180 4862.120 4231.880 C4861.720 4254.590 4858.670 4263.850 4851.120 4294.690 C4843.570 4325.530 4831.570 4411.360 4816.820 4416.900 C4802.080 4422.440 4778.900 4361.520 4762.640 4327.940 C4746.390 4294.350 4741.140 4271.910 4719.290 4215.390 C4697.450 4158.870 4636.190 4028.500 4631.560 3988.820 C4626.930 3949.150 4664.540 3983.520 4691.510 3977.330 Z
blob	tool	M626.721 4359.940 C626.895 4358.823 626.900 4357.716 627.880 4356.786 C628.859 4355.857 631.217 4354.735 632.600 4354.364 C633.984 4353.993 634.542 4354.619 636.181 4354.559 C637.821 4354.500 641.772 4353.348 642.438 4354.006 C643.105 4354.664 641.099 4357.308 640.179 4358.505 C639.259 4359.703 637.938 4360.281 636.918 4361.192 C635.897 4362.103 635.734 4363.588 634.054 4363.970 C632.375 4364.353 628.062 4364.157 626.840 4363.485 C625.618 4362.813 626.548 4361.056 626.721 4359.940 Z
blob	svg	M2125.660 4145.850 C2103.740 4127.410 2145.900 4047.080 2161.000 3990.830 C2176.090 3934.570 2167.780 3838.770 2216.240 3808.330 C2264.700 3777.890 2430.920 3775.500 2451.760 3808.190 C2472.600 3840.880 2367.820 3955.610 2341.280 4004.490 C2314.750 4053.380 2328.490 4077.940 2292.550 4101.500 C2256.620 4125.060 2147.590 4164.300 2125.660 4145.850 Z
blob	tool	M3123.177 669.420 C3127.830 670.175 3134.471 671.035 3135.830 675.169 C3137.188 679.302 3135.535 688.570 3131.328 694.219 C3127.122 699.869 3114.939 708.533 3110.592 709.066 C3106.245 709.599 3106.940 702.147 3105.244 697.417 C3103.547 692.688 3099.969 685.150 3100.413 680.687 C3100.858 676.224 3104.116 672.515 3107.910 670.637 C3111.704 668.759 3118.524 668.665 3123.177 669.420 Z
blob	svg	M2307.970 2955.660 C2310.590 2945.850 2309.820 2915.770 2319.660 2918.790 C2329.500 2921.820 2361.430 2959.240 2367.030 2973.800 C2372.630 2988.350 2357.770 2994.700 2353.270 3006.110 C2348.780 3017.520 2347.410 3041.120 2340.070 3042.240 C2332.740 3043.370 2315.280 3023.600 2309.270 3012.840 C2303.250 3002.080 2304.200 2987.190 2303.990 2977.660 C2303.770 2968.130 2305.360 2965.470 2307.970 2955.660 Z
blob	tool	M4871.215 1177.306 C4869.144 1174.863 4869.238 1171.744 4869.241 1168.912 C4869.245 1166.080 4868.930 1161.750 4871.236 1160.315 C4873.542 1158.879 4879.549 1161.146 4883.078 1160.298 C4886.606 1159.450 4891.147 1154.553 4892.408 1155.228 C4893.668 1155.902 4890.380 1161.877 4890.638 1164.345 C4890.897 1166.812 4894.420 1167.923 4893.959 1170.035 C4893.497 1172.147 4889.918 1174.761 4887.869 1177.017 C4885.820 1179.273 4884.442 1183.523 4881.666 1183.571 C4878.890 1183.619 4873.286 1179.749 4871.215 1177.306 Z
blob	svg	M3636.270 1877.940 C3634.930 1873.210 3636.830 1860.110 3640.820 1856.650 C3644.820 1853.190 3654.170 1856.670 3660.240 1857.180 C3666.310 1857.690 3675.470 1856.210 3677.230 1859.700 C3679.000 1863.180 3675.560 1873.850 3670.830 1878.070 C3666.100 1882.300 3654.600 1885.080 3648.840 1885.060 C3643.080 1885.040 3637.600 1882.680 3636.270 1877.940 Z
blob	tool	M804.731 2204.641 C780.261 2224.790 709.857 2203.195 668.647 2202.186 C627.437 2201.178 595.272 2222.645 557.472 2198.590 C519.672 2174.536 447.664 2091.581 441.846 2057.860 C436.028 2024.140 502.628 2016.651 522.564 1996.267 C542.499 1975.883 535.154 1938.620 561.456 1935.556 C587.758 1932.491 638.039 1953.591 680.374 1977.882 C722.710 2002.172 794.743 2043.504 815.469 2081.298 C836.195 2119.091 829.202 2184.493 804.731 2204.641 Z
blob	svg	M2916.880 2777.730 C2914.990 2777.030 2910.860 2775.560 2910.710 2774.030 C2910.560 2772.500 2914.360 2770.200 2915.970 2768.540 C2917.580 2766.880 2919.020 2764.790 2920.370 2764.070 C2921.720 2763.340 2922.330 2764.490 2924.060 2764.170 C2925.800 2763.860 2929.430 2760.490 2930.750 2762.180 C2932.080 2763.870 2933.450 2771.670 2932.000 2774.330 C2930.540 2777.000 2924.550 2777.620 2922.030 2778.190 C2919.510 2778.750 2918.760 2778.420 2916.880 2777.730 Z
blob	tool	M456.197 1890.388 C455.899 1895.483 443.061 1904.065 439.761 1908.456 C436.461 1912.848 437.965 1914.354 436.399 1916.737 C434.833 1919.120 434.314 1920.847 430.365 1922.752 C426.417 1924.657 416.553 1929.471 412.708 1928.169 C408.863 1926.866 408.349 1919.508 407.296 1914.937 C406.243 1910.365 405.309 1904.074 406.392 1900.742 C407.474 1897.411 411.113 1897.921 413.791 1894.950 C416.470 1891.978 417.835 1885.758 422.461 1882.914 C427.087 1880.070 435.925 1876.640 441.548 1877.885 C447.171 1879.131 456.495 1885.293 456.197 1890.388 Z
blob	svg	M2614.510 1092.510 C2614.970 1093.220 2615.240 1094.290 2614.860 1095.130 C2614.490 1095.960 2613.490 1096.870 2612.270 1097.500 C2611.050 1098.120 2608.530 1098.910 2607.550 1098.880 C2606.570 1098.850 2606.840 1098.040 2606.370 1097.330 C2605.910 1096.610 2604.370 1095.410 2604.740 1094.560 C2605.110 1093.710 2607.340 1092.840 2608.570 1092.230 C2609.800 1091.620 2611.120 1090.830 2612.110 1090.880 C2613.100 1090.930 2614.050 1091.810 2614.510 1092.510 Z
blob	tool	M2750.783 4911.430 C2731.154 4892.453 2722.338 4851.574 2749.168 4824.823 C2775.998 4798.072 2872.370 4748.547 2911.762 4750.924 C2951.153 4753.301 2960.816 4815.533 2985.515 4839.087 C3010.213 4862.641 3063.296 4875.064 3059.950 4892.251 C3056.604 4909.437 2997.604 4934.467 2965.437 4942.205 C2933.269 4949.944 2902.720 4943.812 2866.944 4938.683 C2831.168 4933.554 2770.412 4930.406 2750.783 4911.430 Z
blob	svg	M1303.660 2107.900 C1300.330 2102.880 1297.310 2088.710 1300.770 2084.220 C1304.240 2079.740 1319.940 2078.800 1324.440 2080.980 C1328.940 2083.150 1328.400 2091.720 1327.790 2097.290 C1327.170 2102.850 1324.790 2112.610 1320.760 2114.380 C1316.740 2116.150 1307.000 2112.930 1303.660 2107.900 Z
blob	tool	M2200.722 263.144 C2203.639 264.249 2209.445 261.903 2210.888 264.115 C2212.332 266.327 2210.714 272.984 2209.384 276.416 C2208.055 279.848 2206.018 280.431 2202.912 284.706 C2199.806 288.981 2194.037 300.486 2190.747 302.067 C2187.458 303.648 2185.153 295.720 2183.174 294.193 C2181.195 292.667 2178.529 295.836 2178.873 292.907 C2179.217 289.979 2184.720 281.071 2185.237 276.622 C2185.755 272.173 2180.620 269.403 2181.978 266.213 C2183.337 263.024 2190.263 257.995 2193.387 257.483 C2196.511 256.971 2197.805 262.038 2200.722 263.144 Z
blob	svg	M410.810 324.160 C411.150 322.600 411.350 321.870 412.450 320.690 C413.540 319.510 415.410 317.030 417.370 317.060 C419.320 317.090 422.680 318.980 424.190 320.870 C425.700 322.760 426.400 326.310 426.450 328.390 C426.490 330.480 425.610 331.860 424.480 333.400 C423.350 334.950 421.840 337.380 419.650 337.660 C417.470 337.940 412.900 336.350 411.360 335.080 C409.820 333.820 410.490 331.880 410.400 330.060 C410.310 328.240 410.470 325.720 410.810 324.160 Z
blob	tool	M2770.586 2822.701 C2773.858 2826.627 2773.670 2832.112 2773.213 2838.241 C2772.756 2844.369 2772.254 2854.210 2767.843 2859.473 C2763.432 2864.736 2751.799 2867.943 2746.747 2869.816 C2741.695 2871.689 2741.154 2872.188 2737.530 2870.710 C2733.907 2869.232 2723.921 2866.318 2725.005 2860.949 C2726.090 2855.580 2739.276 2846.208 2744.038 2838.497 C2748.800 2830.787 2749.154 2817.318 2753.578 2814.685 C2758.003 2812.053 2767.313 2818.775 2770.586 2822.701 Z
blob	svg	M2872.260 535.080 C2873.920 539.340 2876.240 547.660 2871.200 550.460 C2866.160 553.250 2847.280 553.820 2842.030 551.840 C2836.790 549.850 2839.110 543.140 2839.720 538.550 C2840.330 533.950 2842.100 526.550 2845.690 524.270 C2849.270 521.990 2856.810 523.070 2861.240 524.870 C2865.670 526.670 2870.600 530.810 2872.260 535.080 Z
blob	tool	M4068.854 721.934 C4068.685 722.493 4065.748 722.900 4064.585 723.082 C4063.423 723.264 4062.974 723.075 4061.880 723.025 C4060.786 722.975 4058.502 723.261 4058.021 722.782 C4057.539 722.302 4058.968 721.157 4058.990 720.149 C4059.011 719.141 4057.711 717.460 4058.148 716.733 C4058.585 716.007 4060.549 715.629 4061.612 715.791 C4062.674 715.953 4063.859 717.052 4064.524 717.708 C4065.189 718.364 4064.879 719.023 4065.600 719.727 C4066.322 720.432 4069.023 721.375 4068.854 721.934 Z
blob	svg	M1813.060 2106.970 C1813.590 2107.280 1814.180 2108.540 1813.660 2109.650 C1813.150 2110.760 1811.100 2113.410 1809.990 2113.620 C1808.880 2113.820 1806.930 2111.870 1807.010 2110.900 C1807.080 2109.930 1809.450 2108.450 1810.460 2107.800 C1811.470 2107.140 1812.530 2106.660 1813.060 2106.970 Z
blob	tool	M1670.172 3677.527 C1681.014 3677.008 1693.220 3671.084 1693.318 3686.926 C1693.416 3702.767 1680.178 3750.377 1670.760 3772.576 C1661.342 3794.775 1653.214 3804.416 1636.810 3820.120 C1620.406 3835.824 1589.060 3867.480 1572.335 3866.800 C1555.611 3866.119 1539.456 3840.837 1536.466 3816.038 C1533.475 3791.239 1539.093 3739.005 1554.393 3718.006 C1569.693 3697.007 1608.970 3696.789 1628.267 3690.043 C1647.563 3683.296 1659.331 3678.047 1670.172 3677.527 Z
blob	svg	M2944.480 4678.410 C2942.170 4678.350 2946.050 4667.880 2945.780 4662.400 C2945.510 4656.910 2940.760 4648.690 2942.880 4645.500 C2945.000 4642.300 2954.800 4647.460 2958.490 4643.240 C2962.180 4639.010 2961.570 4623.060 2965.030 4620.130 C2968.480 4617.210 2975.490 4622.570 2979.220 4625.710 C2982.950 4628.850 2986.780 4633.610 2987.400 4638.970 C2988.020 4644.320 2986.020 4653.070 2982.930 4657.850 C2979.840 4662.630 2972.740 4666.820 2968.860 4667.640 C2964.980 4668.470 2963.710 4661.000 2959.640 4662.800 C2955.580 4664.590 2946.790 4678.480 2944.480 4678.410 Z
blob	tool	M4270.440 4089.667 C4268.701 4091.206 4262.130 4085.438 4258.899 4083.998 C4255.668 4082.557 4253.445 4083.230 4251.054 4081.023 C4248.663 4078.816 4245.172 4073.450 4244.552 4070.756 C4243.932 4068.062 4246.371 4066.927 4247.333 4064.860 C4248.295 4062.793 4248.879 4059.777 4250.326 4058.354 C4251.773 4056.931 4254.035 4054.261 4256.015 4056.322 C4257.996 4058.383 4259.989 4067.646 4262.209 4070.719 C4264.428 4073.793 4267.961 4071.606 4269.333 4074.764 C4270.705 4077.922 4272.180 4088.128 4270.440 4089.667 Z
blob	svg	M3682.780 4210.320 C3681.210 4208.630 3681.840 4202.140 3683.840 4198.780 C3685.840 4195.420 3691.110 4192.390 3694.770 4190.140 C3698.440 4187.890 3702.790 4184.580 3705.820 4185.300 C3708.850 4186.020 3712.680 4191.000 3712.940 4194.470 C3713.200 4197.940 3710.670 4203.710 3707.400 4206.130 C3704.120 4208.540 3697.400 4208.260 3693.290 4208.960 C3689.190 4209.660 3684.360 4212.020 3682.780 4210.320 Z
blob	tool	M3595.107 603.880 C3581.452 614.225 3523.483 578.369 3491.967 579.782 C3460.452 581.195 3431.600 625.818 3406.014 612.356 C3380.428 598.893 3358.584 531.810 3338.449 499.006 C3318.315 466.202 3288.677 443.661 3285.208 415.531 C3281.739 387.401 3286.241 341.710 3317.634 330.225 C3349.027 318.741 3439.181 337.129 3473.567 346.623 C3507.953 356.117 3507.228 358.675 3523.950 387.189 C3540.671 415.703 3562.037 481.593 3573.897 517.708 C3585.756 553.823 3608.762 593.534 3595.107 603.880 Z
blob	svg	M2562.110 2563.660 C2565.250 2581.370 2555.780 2593.470 2540.020 2612.620 C2524.260 2631.770 2486.400 2673.970 2467.550 2678.560 C2448.700 2683.160 2430.400 2653.370 2426.940 2640.180 C2423.480 2627.000 2431.080 2621.750 2446.790 2599.450 C2462.490 2577.140 2501.930 2512.310 2521.150 2506.350 C2540.370 2500.390 2558.960 2545.950 2562.110 2563.660 Z
blob	tool	M3152.103 4175.321 C3151.117 4176.812 3147.208 4176.893 3145.080 4176.031 C3142.952 4175.169 3140.435 4172.083 3139.335 4170.150 C3138.236 4168.217 3137.773 4165.694 3138.484 4164.433 C3139.195 4163.171 3141.515 4162.140 3143.600 4162.583 C3145.685 4163.025 3149.579 4164.963 3150.996 4167.086 C3152.413 4169.209 3153.089 4173.830 3152.103 4175.321 Z
blob	svg	M2207.430 1434.060 C2248.050 1411.290 2329.870 1469.710 2381.420 1509.390 C2432.960 1549.070 2512.970 1621.410 2516.700 1672.170 C2520.430 1722.910 2445.290 1801.570 2403.810 1813.890 C2362.320 1826.220 2312.150 1774.110 2267.810 1746.120 C2223.460 1718.130 2147.790 1697.980 2137.730 1645.970 C2127.670 1593.960 2166.820 1456.820 2207.430 1434.060 Z
blob	tool	M4183.582 3268.603 C4184.553 3268.242 4186.190 3274.438 4187.050 3275.831 C4187.909 3277.223 4187.861 3276.042 4188.740 3276.960 C4189.618 3277.879 4191.133 3279.550 4192.320 3281.340 C4193.508 3283.131 4196.459 3286.994 4195.865 3287.701 C4195.270 3288.408 4190.903 3284.887 4188.752 3285.584 C4186.601 3286.282 4184.432 3291.714 4182.957 3291.888 C4181.482 3292.063 4180.867 3288.517 4179.903 3286.631 C4178.939 3284.745 4176.953 3282.011 4177.174 3280.573 C4177.394 3279.134 4180.160 3279.995 4181.228 3278.001 C4182.296 3276.006 4182.612 3268.965 4183.582 3268.603 Z
blob	svg	M2229.780 3576.260 C2206.730 3628.330 2157.070 3728.660 2105.880 3729.410 C2054.690 3730.160 1963.850 3633.240 1922.640 3580.760 C1881.440 3528.280 1829.350 3456.380 1858.670 3414.510 C1887.990 3372.640 2034.310 3329.140 2098.560 3329.550 C2162.810 3329.970 2222.290 3375.880 2244.160 3417.000 C2266.030 3458.110 2252.830 3524.190 2229.780 3576.260 Z
blob	tool	M447.785 2512.259 C451.729 2514.932 448.606 2521.481 445.764 2527.226 C442.922 2532.971 437.025 2542.769 430.731 2546.729 C424.438 2550.689 412.669 2552.101 408.003 2550.986 C403.338 2549.871 402.982 2544.202 402.739 2540.039 C402.495 2535.877 403.314 2530.820 406.541 2526.012 C409.768 2521.204 415.228 2513.482 422.102 2511.190 C428.976 2508.898 443.841 2509.587 447.785 2512.259 Z
blob	svg	M2081.810 2950.440 C2078.790 2917.210 1999.490 2847.500 2033.140 2836.570 C2066.790 2825.650 2215.160 2865.020 2283.710 2884.910 C2352.270 2904.800 2422.690 2917.250 2444.490 2955.900 C2466.290 2994.560 2454.230 3095.530 2414.500 3116.850 C2374.770 3138.170 2266.640 3097.310 2206.100 3083.840 C2145.560 3070.360 2071.960 3058.230 2051.240 3036.000 C2030.530 3013.770 2084.830 2983.680 2081.810 2950.440 Z
blob	tool	M887.030 4834.762 C889.934 4840.489 897.271 4848.902 897.166 4854.775 C897.061 4860.648 891.552 4865.788 886.403 4870.000 C881.254 4874.213 871.094 4881.243 866.272 4880.050 C861.450 4878.857 861.765 4867.053 857.471 4862.844 C853.177 4858.636 844.517 4856.992 840.509 4854.802 C836.500 4852.612 832.014 4853.599 833.419 4849.706 C834.825 4845.812 843.403 4835.318 848.943 4831.441 C854.483 4827.565 861.528 4828.285 866.661 4826.447 C871.794 4824.609 876.348 4819.027 879.742 4820.413 C883.137 4821.799 884.126 4829.035 887.030 4834.762 Z
blob	svg	M1071.180 1117.770 C1086.680 1131.590 1021.060 1217.730 996.710 1255.550 C972.350 1293.360 965.040 1317.750 925.030 1344.660 C885.010 1371.560 781.240 1430.540 756.630 1416.980 C732.010 1403.430 752.830 1304.060 777.340 1263.330 C801.850 1222.600 854.730 1196.860 903.700 1172.600 C952.670 1148.340 1055.670 1103.940 1071.180 1117.770 Z
blob	tool	M4368.754 3680.487 C4368.675 3681.035 4368.849 3681.479 4368.622 3682.262 C4368.395 3683.045 4367.851 3684.955 4367.392 3685.187 C4366.932 3685.419 4366.508 3683.906 4365.866 3683.656 C4365.224 3683.405 4364.018 3684.233 4363.540 3683.684 C4363.063 3683.134 4363.014 3681.161 4363.002 3680.359 C4362.990 3679.556 4362.838 3679.372 4363.468 3678.869 C4364.098 3678.365 4365.845 3677.321 4366.784 3677.339 C4367.723 3677.357 4368.772 3678.449 4369.101 3678.974 C4369.429 3679.499 4368.834 3679.939 4368.754 3680.487 Z
blob	svg	M1893.230 2694.920 C1893.620 2695.310 1894.560 2695.910 1894.380 2696.600 C1894.200 2697.280 1892.970 2698.340 1892.160 2699.040 C1891.360 2699.750 1890.490 2700.500 1889.550 2700.820 C1888.610 2701.130 1887.070 2701.390 1886.530 2700.930 C1885.990 2700.460 1886.070 2698.780 1886.310 2698.020 C1886.550 2697.270 1887.030 2697.030 1887.990 2696.400 C1888.940 2695.770 1891.160 2694.520 1892.040 2694.270 C1892.910 2694.020 1892.840 2694.530 1893.230 2694.920 Z
blob	tool	M4873.090 1926.293 C4863.777 1916.041 4868.489 1879.553 4875.344 1858.862 C4882.200 1838.170 4897.208 1811.509 4914.224 1802.143 C4931.239 1792.777 4964.141 1795.380 4977.435 1802.668 C4990.729 1809.956 4996.674 1832.117 4993.987 1845.871 C4991.300 1859.626 4971.775 1872.778 4961.314 1885.194 C4950.853 1897.610 4945.925 1913.519 4931.221 1920.368 C4916.517 1927.218 4882.403 1936.544 4873.090 1926.293 Z
blob	svg	M3998.650 3974.760 C4008.350 3976.910 4026.300 3988.690 4028.110 4001.580 C4029.920 4014.470 4019.450 4046.490 4009.500 4052.090 C3999.550 4057.690 3975.020 4045.750 3968.410 4035.180 C3961.800 4024.620 3964.810 3998.750 3969.850 3988.680 C3974.890 3978.610 3988.940 3972.610 3998.650 3974.760 Z
blob	tool	M743.706 1284.860 C745.403 1273.299 744.091 1252.626 754.286 1240.490 C764.480 1228.353 781.707 1211.460 804.871 1212.040 C828.036 1212.621 871.987 1231.550 893.272 1243.972 C914.557 1256.395 932.782 1271.814 932.581 1286.576 C932.379 1301.338 907.248 1320.956 892.064 1332.545 C876.880 1344.133 861.769 1353.951 841.476 1356.108 C821.183 1358.265 786.535 1353.196 770.306 1345.488 C754.076 1337.780 748.534 1319.965 744.101 1309.860 C739.667 1299.756 742.008 1296.422 743.706 1284.860 Z
blob	svg	M2916.340 4109.980 C2914.720 4096.630 2919.660 4071.250 2933.220 4062.990 C2946.770 4054.730 2968.630 4053.640 2997.680 4060.430 C3026.720 4067.230 3108.730 4089.190 3107.500 4103.760 C3106.270 4118.330 3017.740 4141.280 2990.310 4147.830 C2962.880 4154.390 2955.250 4149.390 2942.930 4143.080 C2930.600 4136.770 2917.950 4123.320 2916.340 4109.980 Z
blob	tool	M4558.084 1009.987 C4562.934 1009.927 4573.833 1004.119 4575.485 1009.465 C4577.138 1014.811 4571.945 1037.005 4568.001 1042.065 C4564.056 1047.124 4556.963 1040.954 4551.817 1039.822 C4546.670 1038.690 4538.025 1040.272 4537.120 1035.272 C4536.215 1030.272 4542.894 1014.037 4546.388 1009.823 C4549.882 1005.609 4553.235 1010.047 4558.084 1009.987 Z
blob	svg	M4333.020 1174.210 C4335.390 1173.920 4336.560 1174.900 4338.630 1177.030 C4340.710 1179.150 4345.980 1184.300 4345.460 1186.960 C4344.940 1189.610 4338.600 1192.670 4335.530 1192.950 C4332.460 1193.220 4328.880 1190.990 4327.030 1188.620 C4325.170 1186.260 4323.400 1181.150 4324.400 1178.750 C4325.390 1176.350 4330.640 1174.500 4333.020 1174.210 Z
blob	tool	M1938.064 3065.714 C1944.302 3050.391 1989.487 3065.575 2015.880 3065.091 C2042.273 3064.607 2079.165 3052.362 2096.423 3062.810 C2113.682 3073.258 2105.871 3111.667 2119.430 3127.781 C2132.989 3143.894 2180.119 3146.227 2177.777 3159.490 C2175.436 3172.752 2123.514 3198.850 2105.382 3207.357 C2087.251 3215.863 2080.477 3211.829 2068.989 3210.530 C2057.500 3209.232 2046.413 3204.456 2036.454 3199.567 C2026.495 3194.677 2018.902 3188.284 2009.234 3181.195 C1999.567 3174.105 1990.313 3176.276 1978.451 3157.030 C1966.590 3137.783 1931.826 3081.037 1938.064 3065.714 Z
blob	svg	M4901.810 893.920 C4901.060 892.940 4904.770 889.000 4905.560 887.320 C4906.360 885.640 4905.230 885.030 4906.590 883.840 C4907.950 882.660 4911.900 880.020 4913.710 880.220 C4915.530 880.430 4916.300 883.940 4917.480 885.060 C4918.650 886.180 4919.800 885.940 4920.740 886.930 C4921.680 887.920 4923.620 889.820 4923.130 890.990 C4922.630 892.160 4919.630 893.160 4917.790 893.940 C4915.950 894.710 4913.390 895.780 4912.100 895.660 C4910.820 895.540 4911.790 893.500 4910.080 893.210 C4908.360 892.920 4902.570 894.900 4901.810 893.920 Z
blob	tool	M4070.678 2612.046 C4071.275 2610.597 4072.644 2605.461 4073.627 2605.029 C4074.610 2604.598 4074.894 2608.449 4076.576 2609.458 C4078.258 2610.467 4082.715 2609.459 4083.719 2611.083 C4084.723 2612.707 4083.384 2617.425 4082.601 2619.202 C4081.817 2620.978 4080.518 2621.488 4079.016 2621.742 C4077.513 2621.996 4075.249 2620.445 4073.586 2620.727 C4071.922 2621.009 4070.353 2623.780 4069.035 2623.432 C4067.716 2623.084 4065.504 2620.256 4065.672 2618.638 C4065.841 2617.020 4069.212 2614.821 4070.046 2613.722 C4070.881 2612.623 4070.081 2613.495 4070.678 2612.046 Z
blob	svg	M2643.140 2630.000 C2650.320 2625.850 2666.990 2622.330 2674.370 2627.260 C2681.750 2632.200 2682.760 2646.130 2687.440 2659.620 C2692.120 2673.100 2704.630 2698.000 2702.460 2708.180 C2700.280 2718.360 2681.920 2719.670 2674.390 2720.690 C2666.860 2721.710 2664.720 2719.970 2657.290 2714.320 C2649.850 2708.660 2634.090 2697.100 2629.760 2686.740 C2625.420 2676.380 2629.050 2661.610 2631.280 2652.150 C2633.510 2642.700 2635.960 2634.150 2643.140 2630.000 Z
blob	tool	M501.431 546.837 C496.691 551.135 478.714 549.042 469.969 547.108 C461.224 545.174 454.563 542.202 448.960 535.233 C443.358 528.264 437.031 513.735 436.354 505.295 C435.676 496.854 437.157 484.106 444.897 484.589 C452.637 485.073 473.874 502.075 482.793 508.196 C491.712 514.317 495.303 514.877 498.410 521.317 C501.516 527.757 506.172 542.538 501.431 546.837 Z
blob	svg	M2022.400 4035.140 C2011.740 4028.840 2019.870 3989.640 2027.740 3971.940 C2035.620 3954.230 2055.490 3939.300 2069.670 3928.900 C2083.860 3918.500 2105.640 3905.130 2112.850 3909.520 C2120.060 3913.910 2116.450 3938.530 2112.920 3955.230 C2109.400 3971.940 2106.790 3996.430 2091.700 4009.740 C2076.610 4023.060 2033.060 4041.440 2022.400 4035.140 Z
blob	tool	M4253.628 4542.858 C4235.319 4546.639 4196.910 4522.196 4184.918 4511.269 C4172.927 4500.342 4194.170 4494.698 4181.681 4477.296 C4169.193 4459.894 4116.832 4426.509 4109.987 4406.859 C4103.141 4387.208 4125.617 4369.087 4140.607 4359.395 C4155.597 4349.703 4186.826 4352.150 4199.926 4348.707 C4213.026 4345.264 4204.152 4337.062 4219.206 4338.737 C4234.261 4340.412 4278.469 4344.581 4290.254 4358.755 C4302.038 4372.929 4289.162 4402.141 4289.915 4423.780 C4290.668 4445.419 4300.820 4468.743 4294.773 4488.589 C4288.725 4508.435 4271.937 4539.078 4253.628 4542.858 Z
blob	svg	M4403.460 4747.760 C4423.520 4758.410 4435.780 4782.540 4437.470 4807.250 C4439.150 4831.960 4432.930 4866.740 4413.580 4896.040 C4394.220 4925.340 4342.840 4989.120 4321.350 4983.080 C4299.850 4977.040 4285.300 4899.750 4284.600 4859.790 C4283.890 4819.830 4297.300 4762.000 4317.110 4743.330 C4336.920 4724.660 4383.400 4737.100 4403.460 4747.760 Z
blob	tool	M3470.444 4543.258 C3470.992 4543.891 3468.373 4546.047 3467.961 4547.213 C3467.549 4548.379 3468.699 4549.216 3467.973 4550.255 C3467.247 4551.294 3465.141 4552.767 3463.606 4553.445 C3462.070 4554.124 3459.747 4554.587 3458.760 4554.326 C3457.774 4554.065 3458.053 4553.004 3457.687 4551.880 C3457.320 4550.757 3456.033 4549.392 3456.560 4547.585 C3457.086 4545.778 3459.494 4541.733 3460.846 4541.037 C3462.198 4540.342 3463.070 4543.042 3464.670 4543.412 C3466.270 4543.783 3469.895 4542.625 3470.444 4543.258 Z
blob	svg	M1861.190 78.700 C1861.990 78.230 1862.690 79.090 1863.780 79.560 C1864.870 80.040 1866.980 80.390 1867.720 81.550 C1868.460 82.710 1867.890 85.190 1868.210 86.500 C1868.540 87.810 1869.890 88.660 1869.690 89.390 C1869.500 90.120 1868.270 90.890 1867.030 90.880 C1865.790 90.860 1863.220 90.000 1862.240 89.300 C1861.270 88.590 1861.730 87.820 1861.190 86.660 C1860.640 85.500 1858.970 83.680 1858.970 82.350 C1858.970 81.020 1860.390 79.160 1861.190 78.700 Z
blob	tool	M3285.491 2236.888 C3306.225 2224.779 3322.799 2196.347 3358.142 2208.076 C3393.484 2219.805 3472.949 2275.961 3497.547 2307.261 C3522.145 2338.562 3513.159 2356.998 3505.728 2395.880 C3498.297 2434.762 3487.777 2522.790 3452.962 2540.551 C3418.148 2558.312 3330.667 2524.719 3296.841 2502.447 C3263.014 2480.176 3260.521 2443.875 3250.003 2406.922 C3239.486 2369.969 3227.823 2309.069 3233.737 2280.730 C3239.652 2252.391 3264.757 2248.997 3285.491 2236.888 Z
blob	svg	M1595.000 993.920 C1591.670 1000.800 1592.200 1004.720 1587.230 1011.870 C1582.260 1019.030 1574.400 1035.060 1565.170 1036.860 C1555.950 1038.650 1548.990 1030.520 1531.910 1022.640 C1514.820 1014.770 1471.960 999.190 1462.660 989.600 C1453.360 980.010 1465.590 975.230 1476.090 965.110 C1486.580 954.990 1510.180 929.980 1525.640 928.900 C1541.090 927.820 1555.240 951.670 1568.840 958.630 C1582.440 965.580 1602.870 964.740 1607.230 970.620 C1611.590 976.500 1598.330 987.050 1595.000 993.920 Z
blob	tool	M2384.297 508.703 C2382.328 510.592 2375.433 508.654 2368.761 506.054 C2362.089 503.455 2346.274 498.286 2344.265 493.106 C2342.257 487.926 2350.658 474.704 2356.709 474.974 C2362.761 475.243 2375.976 489.100 2380.574 494.722 C2385.172 500.344 2386.266 506.814 2384.297 508.703 Z
blob	svg	M2151.330 3489.170 C2150.020 3489.970 2148.200 3490.440 2146.880 3490.000 C2145.550 3489.560 2144.400 3487.700 2143.380 3486.550 C2142.360 3485.400 2141.550 3484.430 2140.760 3483.100 C2139.960 3481.760 2138.300 3479.990 2138.610 3478.530 C2138.930 3477.080 2141.510 3474.880 2142.660 3474.360 C2143.810 3473.850 2144.180 3475.010 2145.540 3475.440 C2146.900 3475.880 2149.820 3476.330 2150.810 3477.000 C2151.790 3477.660 2150.770 3478.060 2151.430 3479.430 C2152.080 3480.800 2154.740 3483.610 2154.720 3485.230 C2154.700 3486.850 2152.640 3488.380 2151.330 3489.170 Z
blob	tool	M2126.684 719.620 C2125.718 719.649 2124.255 721.058 2123.805 720.518 C2123.354 719.979 2123.917 717.614 2123.979 716.384 C2124.042 715.153 2123.783 713.837 2124.181 713.135 C2124.579 712.432 2125.700 712.111 2126.369 712.169 C2127.039 712.227 2127.508 713.020 2128.198 713.483 C2128.887 713.945 2130.272 713.801 2130.506 714.944 C2130.739 716.087 2130.238 719.562 2129.601 720.341 C2128.964 721.121 2127.650 719.591 2126.684 719.620 Z
blob	svg	M2183.200 2726.420 C2183.120 2724.980 2186.190 2722.050 2187.940 2721.250 C2189.680 2720.450 2192.430 2720.860 2193.660 2721.620 C2194.900 2722.390 2196.230 2724.470 2195.360 2725.840 C2194.480 2727.220 2190.430 2729.770 2188.400 2729.860 C2186.380 2729.960 2183.280 2727.850 2183.200 2726.420 Z
blob	tool	M4133.442 68.672 C4141.391 69.812 4159.200 75.721 4164.808 83.683 C4170.416 91.644 4166.815 103.520 4167.089 116.442 C4167.364 129.363 4170.819 157.879 4166.455 161.213 C4162.091 164.546 4148.564 143.113 4140.904 136.443 C4133.243 129.773 4124.457 131.126 4120.492 121.193 C4116.527 111.260 4114.956 85.600 4117.114 76.846 C4119.273 68.093 4125.493 67.533 4133.442 68.672 Z
blob	svg	M2644.900 1580.430 C2656.520 1570.890 2669.450 1555.840 2681.030 1559.270 C2692.600 1562.700 2705.400 1584.360 2714.350 1601.010 C2723.300 1617.660 2740.100 1645.000 2734.750 1659.170 C2729.390 1673.340 2697.100 1684.630 2682.230 1686.030 C2667.370 1687.430 2657.380 1679.150 2645.560 1667.570 C2633.750 1655.980 2611.450 1631.040 2611.340 1616.520 C2611.230 1602.000 2633.290 1589.970 2644.900 1580.430 Z
blob	tool	M2992.543 3613.226 C3053.502 3628.595 3117.096 3702.180 3132.999 3745.072 C3148.903 3787.964 3094.944 3803.594 3087.965 3870.580 C3080.986 3937.567 3119.571 4126.482 3091.125 4146.993 C3062.680 4167.504 2961.122 4020.894 2917.292 3993.646 C2873.463 3966.398 2856.145 4001.867 2828.151 3983.506 C2800.156 3965.145 2759.477 3938.588 2749.326 3883.480 C2739.175 3828.372 2726.709 3697.900 2767.245 3652.858 C2807.781 3607.816 2931.584 3597.857 2992.543 3613.226 Z
blob	svg	M621.150 723.350 C619.770 722.890 618.780 718.680 618.320 716.240 C617.860 713.800 617.470 711.110 618.380 708.730 C619.300 706.360 622.370 701.920 623.820 701.990 C625.280 702.050 626.660 706.300 627.120 709.130 C627.580 711.970 627.590 716.610 626.600 718.970 C625.600 721.340 622.530 723.810 621.150 723.350 Z
blob	tool	M4217.186 4187.802 C4228.681 4187.795 4237.232 4224.034 4249.611 4234.215 C4261.990 4244.396 4284.035 4234.921 4291.460 4248.887 C4298.886 4262.853 4295.103 4295.885 4294.164 4318.012 C4293.224 4340.139 4295.096 4371.426 4285.823 4381.649 C4276.549 4391.873 4252.003 4379.555 4238.523 4379.353 C4225.042 4379.152 4220.322 4390.417 4204.940 4380.440 C4189.559 4370.463 4152.462 4334.238 4146.236 4319.492 C4140.010 4304.746 4161.851 4306.170 4167.585 4291.965 C4173.319 4277.759 4172.372 4251.620 4180.639 4234.259 C4188.906 4216.899 4205.690 4187.810 4217.186 4187.802 Z
blob	svg	M1956.420 140.950 C1937.530 123.800 1905.920 116.550 1925.020 88.370 C1944.130 60.190 2016.600 0.960 2071.030 -28.150 C2125.460 -57.250 2214.480 -84.400 2251.590 -86.270 C2288.690 -88.150 2305.830 -72.390 2293.660 -39.380 C2281.490 -6.370 2221.120 73.350 2178.570 111.790 C2136.020 150.220 2075.390 186.350 2038.360 191.210 C2001.340 196.070 1975.310 158.090 1956.420 140.950 Z
blob	tool	M-86.977 3308.400 C-79.886 3277.171 -16.618 3231.755 13.622 3234.964 C43.861 3238.173 82.940 3296.681 94.461 3327.654 C105.982 3358.627 103.312 3405.021 82.748 3420.802 C62.184 3436.582 -0.636 3441.072 -28.923 3422.338 C-57.211 3403.605 -94.068 3339.629 -86.977 3308.400 Z
blob	svg	M4476.850 2347.290 C4476.410 2350.410 4472.230 2355.430 4469.960 2358.270 C4467.680 2361.100 4467.940 2364.650 4463.200 2364.300 C4458.460 2363.960 4446.730 2358.560 4441.500 2356.210 C4436.270 2353.860 4433.040 2352.230 4431.820 2350.190 C4430.610 2348.140 4432.670 2346.250 4434.190 2343.930 C4435.720 2341.600 4437.680 2338.620 4440.990 2336.230 C4444.290 2333.840 4448.750 2329.040 4454.020 2329.600 C4459.290 2330.160 4468.800 2336.630 4472.610 2339.580 C4476.410 2342.530 4477.290 2344.180 4476.850 2347.290 Z
blob	tool	M3371.418 2654.205 C3369.735 2657.494 3356.663 2656.464 3351.748 2657.707 C3346.833 2658.949 3344.756 2662.222 3341.928 2661.660 C3339.101 2661.097 3337.372 2657.264 3334.784 2654.330 C3332.197 2651.397 3327.198 2647.454 3326.402 2644.060 C3325.606 2640.667 3327.469 2637.531 3330.008 2633.970 C3332.547 2630.409 3336.970 2623.446 3341.637 2622.693 C3346.304 2621.941 3354.640 2626.909 3358.008 2629.456 C3361.377 2632.003 3359.614 2633.848 3361.849 2637.973 C3364.084 2642.098 3373.102 2650.916 3371.418 2654.205 Z
blob	svg	M1182.970 2618.520 C1181.830 2617.680 1184.370 2612.400 1185.090 2610.130 C1185.820 2607.860 1186.500 2607.250 1187.320 2604.910 C1188.130 2602.570 1188.620 2598.110 1189.980 2596.080 C1191.330 2594.060 1193.550 2592.980 1195.460 2592.760 C1197.370 2592.530 1200.840 2593.470 1201.430 2594.750 C1202.030 2596.030 1199.200 2598.620 1199.040 2600.440 C1198.880 2602.270 1201.330 2603.660 1200.500 2605.680 C1199.660 2607.710 1195.470 2611.010 1194.040 2612.600 C1192.610 2614.190 1193.780 2614.240 1191.940 2615.230 C1190.090 2616.220 1184.110 2619.370 1182.970 2618.520 Z
blob	tool	M44.790 4687.270 C48.741 4681.297 58.456 4671.143 65.976 4671.153 C73.497 4671.162 87.637 4679.910 89.916 4687.327 C92.194 4694.744 87.587 4712.376 79.647 4715.653 C71.706 4718.930 48.082 4711.720 42.272 4706.990 C36.463 4702.259 40.840 4693.243 44.790 4687.270 Z
blob	svg	M4076.010 3309.990 C4076.800 3310.560 4076.380 3313.990 4076.530 3315.730 C4076.680 3317.470 4076.830 3318.460 4076.890 3320.440 C4076.940 3322.420 4077.400 3325.680 4076.850 3327.610 C4076.300 3329.540 4074.710 3331.670 4073.570 3331.990 C4072.430 3332.320 4071.260 3330.770 4070.020 3329.560 C4068.780 3328.350 4066.400 3326.330 4066.140 3324.740 C4065.870 3323.140 4067.480 3322.070 4068.420 3319.990 C4069.360 3317.910 4070.510 3313.940 4071.770 3312.280 C4073.040 3310.610 4075.220 3309.410 4076.010 3309.990 Z
blob	tool	M1937.946 97.098 C1966.275 104.427 1970.500 139.050 1977.172 176.205 C1983.845 213.360 1983.557 271.648 1977.982 320.029 C1972.408 368.411 1965.216 437.950 1943.727 466.492 C1922.239 495.035 1878.326 499.352 1849.051 491.282 C1819.776 483.212 1780.522 453.711 1768.078 418.073 C1755.635 382.435 1767.869 325.093 1774.389 277.452 C1780.909 229.811 1779.940 162.287 1807.200 132.228 C1834.459 102.169 1909.618 89.768 1937.946 97.098 Z
blob	svg	M2985.570 2900.570 C2980.750 2942.270 2860.790 3036.620 2802.490 3050.440 C2744.200 3064.260 2665.290 3014.330 2635.800 2983.500 C2606.320 2952.670 2592.970 2895.970 2625.580 2865.430 C2658.180 2834.900 2771.440 2794.410 2831.430 2800.260 C2891.430 2806.120 2990.400 2858.880 2985.570 2900.570 Z
blob	tool	M4676.675 1116.856 C4675.543 1117.522 4672.682 1117.432 4671.652 1116.958 C4670.623 1116.485 4671.142 1114.860 4670.500 1114.014 C4669.858 1113.167 4667.800 1112.988 4667.800 1111.879 C4667.800 1110.770 4669.658 1108.275 4670.501 1107.359 C4671.344 1106.442 4671.887 1106.440 4672.856 1106.382 C4673.825 1106.324 4675.283 1106.431 4676.316 1107.013 C4677.348 1107.594 4678.696 1108.881 4679.051 1109.872 C4679.405 1110.863 4678.839 1111.796 4678.443 1112.960 C4678.047 1114.124 4677.807 1116.190 4676.675 1116.856 Z
blob	svg	M919.820 1751.420 C918.660 1752.870 910.680 1752.600 907.960 1753.820 C905.240 1755.040 905.610 1758.440 903.510 1758.750 C901.400 1759.060 896.260 1756.890 895.330 1755.690 C894.400 1754.490 897.400 1752.710 897.940 1751.570 C898.490 1750.440 897.240 1750.050 898.600 1748.880 C899.960 1747.720 903.380 1745.210 906.100 1744.590 C908.810 1743.960 912.600 1743.990 914.890 1745.130 C917.180 1746.260 920.970 1749.970 919.820 1751.420 Z
blob	tool	M1295.774 3730.067 C1309.012 3732.945 1324.843 3717.583 1330.960 3725.278 C1337.077 3732.973 1333.075 3761.886 1332.474 3776.239 C1331.872 3790.592 1330.858 3798.816 1327.350 3811.397 C1323.843 3823.978 1320.116 3848.517 1311.427 3851.725 C1302.739 3854.932 1285.239 3829.632 1275.222 3830.642 C1265.204 3831.652 1263.104 3863.498 1251.322 3857.785 C1239.541 3852.073 1209.748 3812.405 1204.533 3796.368 C1199.319 3780.331 1212.202 3776.289 1220.036 3761.563 C1227.870 3746.838 1238.914 3713.263 1251.537 3708.014 C1264.160 3702.764 1282.537 3727.190 1295.774 3730.067 Z
blob	svg	M2135.490 4022.450 C2132.030 4023.540 2128.170 4017.630 2126.470 4013.770 C2124.780 4009.910 2123.810 4003.220 2125.320 3999.290 C2126.820 3995.360 2131.850 3988.870 2135.500 3990.200 C2139.160 3991.520 2147.250 4001.850 2147.250 4007.230 C2147.250 4012.600 2138.960 4021.360 2135.490 4022.450 Z
blob	tool	M2893.604 1603.887 C2892.237 1602.942 2892.387 1599.555 2892.070 1596.592 C2891.753 1593.629 2890.094 1589.154 2891.701 1586.110 C2893.309 1583.066 2898.781 1579.143 2901.716 1578.330 C2904.651 1577.516 2906.998 1579.856 2909.312 1581.228 C2911.626 1582.601 2914.223 1585.265 2915.600 1586.567 C2916.976 1587.869 2917.634 1587.112 2917.571 1589.042 C2917.507 1590.971 2916.691 1596.331 2915.219 1598.143 C2913.747 1599.955 2911.229 1599.228 2908.738 1599.915 C2906.247 1600.602 2902.796 1601.604 2900.274 1602.266 C2897.752 1602.928 2894.972 1604.833 2893.604 1603.887 Z
blob	svg	M1470.490 3783.620 C1462.630 3804.030 1448.480 3879.930 1439.020 3878.620 C1429.570 3877.320 1425.090 3804.760 1413.760 3775.780 C1402.430 3746.800 1377.160 3733.000 1371.020 3704.760 C1364.880 3676.510 1369.480 3625.560 1376.910 3606.330 C1384.330 3587.090 1403.300 3580.470 1415.550 3589.370 C1427.790 3598.270 1434.990 3648.320 1450.370 3659.730 C1465.750 3671.150 1489.640 3638.360 1507.830 3657.860 C1526.020 3677.360 1563.140 3760.350 1559.540 3776.740 C1555.930 3793.130 1501.010 3755.050 1486.170 3756.200 C1471.330 3757.350 1478.350 3763.220 1470.490 3783.620 Z
blob	tool	M4712.917 4828.327 C4714.226 4827.767 4715.528 4826.873 4717.464 4827.981 C4719.401 4829.089 4724.234 4833.208 4724.534 4834.977 C4724.834 4836.746 4721.751 4839.200 4719.265 4838.594 C4716.778 4837.988 4710.671 4833.053 4709.613 4831.342 C4708.555 4829.630 4711.609 4828.887 4712.917 4828.327 Z
blob	svg	M4645.190 226.420 C4647.390 215.190 4649.820 207.420 4659.980 202.530 C4670.150 197.640 4693.160 194.390 4706.160 197.100 C4719.170 199.800 4734.460 209.230 4738.020 218.760 C4741.580 228.280 4732.850 244.640 4727.540 254.270 C4722.220 263.900 4719.590 273.930 4706.140 276.540 C4692.690 279.150 4656.960 278.270 4646.810 269.920 C4636.650 261.560 4643.000 237.650 4645.190 226.420 Z
blob	tool	M2015.933 732.955 C1945.708 733.317 1799.054 673.323 1761.133 595.879 C1723.212 518.434 1756.631 329.118 1788.406 268.289 C1820.182 207.460 1903.257 240.253 1951.786 230.903 C2000.316 221.553 2041.133 151.720 2079.583 212.187 C2118.032 272.655 2193.093 506.915 2182.485 593.709 C2171.877 680.504 2086.158 732.593 2015.933 732.955 Z
blob	svg	M1148.470 4710.180 C1147.570 4708.790 1149.350 4706.570 1149.990 4705.160 C1150.630 4703.750 1151.200 4702.700 1152.320 4701.740 C1153.450 4700.780 1154.890 4699.850 1156.750 4699.390 C1158.600 4698.930 1162.890 4697.380 1163.440 4698.970 C1164.000 4700.560 1161.440 4706.490 1160.090 4708.920 C1158.750 4711.350 1157.310 4713.320 1155.370 4713.530 C1153.440 4713.740 1149.370 4711.580 1148.470 4710.180 Z
blob	tool	M4473.911 1814.531 C4473.977 1808.043 4476.979 1798.746 4480.965 1796.215 C4484.952 1793.685 4492.695 1798.711 4497.830 1799.349 C4502.965 1799.986 4508.769 1798.624 4511.775 1800.041 C4514.780 1801.457 4515.014 1805.018 4515.864 1807.850 C4516.714 1810.682 4517.465 1812.003 4516.874 1817.032 C4516.284 1822.061 4515.246 1835.917 4512.322 1838.022 C4509.398 1840.126 4504.622 1830.139 4499.330 1829.659 C4494.038 1829.179 4484.806 1837.662 4480.569 1835.141 C4476.333 1832.619 4473.845 1821.018 4473.911 1814.531 Z
blob	svg	M1975.630 1391.470 C1975.460 1392.150 1973.760 1392.150 1972.320 1392.240 C1970.880 1392.320 1968.020 1392.500 1966.990 1391.980 C1965.960 1391.460 1965.820 1389.880 1966.130 1389.130 C1966.450 1388.380 1967.690 1387.650 1968.890 1387.490 C1970.100 1387.330 1972.260 1387.510 1973.380 1388.180 C1974.500 1388.840 1975.810 1390.800 1975.630 1391.470 Z
blob	tool	M35.730 4422.444 C30.666 4422.080 23.165 4406.869 16.427 4400.157 C9.690 4393.446 -3.927 4388.591 -4.693 4382.173 C-5.459 4375.755 8.712 4369.956 11.831 4361.650 C14.950 4353.345 9.531 4333.604 14.020 4332.341 C18.508 4331.078 33.012 4346.867 38.762 4354.071 C44.511 4361.275 47.173 4367.520 48.515 4375.566 C49.856 4383.611 48.941 4394.531 46.811 4402.344 C44.680 4410.157 40.794 4422.808 35.730 4422.444 Z
blob	svg	M4787.220 1606.520 C4792.870 1607.230 4801.090 1611.080 4806.900 1616.540 C4812.700 1622.000 4820.500 1630.690 4822.060 1639.280 C4823.620 1647.870 4819.460 1662.880 4816.230 1668.090 C4813.000 1673.290 4806.160 1668.180 4802.680 1670.500 C4799.190 1672.810 4798.690 1683.300 4795.300 1681.960 C4791.920 1680.620 4786.920 1669.160 4782.370 1662.460 C4777.820 1655.770 4769.590 1650.170 4768.020 1641.810 C4766.460 1633.450 4769.780 1618.170 4772.980 1612.290 C4776.180 1606.410 4781.570 1605.810 4787.220 1606.520 Z
blob	tool	M1941.855 2317.828 C1938.264 2337.888 1978.941 2373.418 1963.849 2381.930 C1948.757 2390.442 1881.475 2376.310 1851.303 2368.899 C1821.132 2361.489 1793.859 2354.855 1782.821 2337.467 C1771.784 2320.078 1778.310 2281.100 1785.077 2264.569 C1791.845 2248.038 1810.195 2251.596 1823.428 2238.281 C1836.660 2224.967 1846.293 2184.942 1864.472 2184.682 C1882.651 2184.422 1912.346 2223.907 1932.500 2236.722 C1952.654 2249.537 1983.837 2248.055 1985.396 2261.573 C1986.955 2275.090 1945.446 2297.768 1941.855 2317.828 Z
blob	svg	M2362.540 699.360 C2391.620 723.340 2416.580 821.910 2389.880 875.280 C2363.170 928.640 2260.990 1002.120 2202.300 1019.550 C2143.610 1036.980 2035.560 1027.860 2037.740 979.840 C2039.920 931.820 2161.240 778.170 2215.380 731.420 C2269.510 684.680 2333.450 675.390 2362.540 699.360 Z
blob	tool	M3870.508 490.876 C3868.447 488.881 3869.801 485.887 3868.555 483.448 C3867.310 481.009 3862.853 478.910 3863.034 476.241 C3863.215 473.571 3866.869 470.256 3869.643 467.431 C3872.417 464.606 3877.051 460.084 3879.678 459.291 C3882.304 458.497 3883.231 462.216 3885.400 462.670 C3887.569 463.123 3891.668 459.963 3892.692 462.012 C3893.715 464.060 3892.174 471.206 3891.543 474.961 C3890.911 478.716 3890.674 481.132 3888.904 484.542 C3887.134 487.952 3883.987 494.364 3880.921 495.420 C3877.855 496.476 3872.569 492.872 3870.508 490.876 Z
blob	svg	M2157.170 3914.840 C2121.890 3911.090 2171.690 3793.040 2151.030 3731.480 C2130.380 3669.920 2027.500 3597.090 2033.210 3545.490 C2038.930 3493.900 2133.290 3418.930 2185.300 3421.890 C2237.300 3424.850 2312.710 3526.970 2345.240 3563.260 C2377.770 3599.550 2377.550 3607.840 2380.460 3639.630 C2383.360 3671.410 2399.900 3708.130 2362.690 3754.000 C2325.480 3799.870 2192.440 3918.590 2157.170 3914.840 Z
blob	tool	M4482.199 4085.568 C4481.549 4085.299 4480.367 4083.597 4479.794 4082.710 C4479.221 4081.823 4478.753 4080.862 4478.760 4080.245 C4478.768 4079.629 4479.403 4079.541 4479.836 4079.012 C4480.269 4078.482 4480.773 4077.066 4481.357 4077.066 C4481.941 4077.067 4482.918 4078.310 4483.342 4079.014 C4483.765 4079.718 4483.840 4080.406 4483.899 4081.291 C4483.958 4082.177 4483.978 4083.612 4483.695 4084.325 C4483.412 4085.038 4482.849 4085.837 4482.199 4085.568 Z
blob	svg	M2179.980 1065.120 C2184.390 1066.810 2188.990 1067.060 2191.850 1068.440 C2194.720 1069.810 2197.180 1070.040 2197.170 1073.390 C2197.170 1076.730 2194.070 1084.550 2191.820 1088.490 C2189.570 1092.440 2185.970 1094.510 2183.680 1097.060 C2181.380 1099.610 2180.640 1103.900 2178.070 1103.790 C2175.500 1103.680 2171.570 1099.350 2168.260 1096.380 C2164.950 1093.400 2158.340 1089.520 2158.200 1085.930 C2158.060 1082.330 2166.210 1079.400 2167.410 1074.800 C2168.600 1070.200 2163.280 1059.920 2165.370 1058.310 C2167.470 1056.700 2175.560 1063.440 2179.980 1065.120 Z
blob	tool	M1180.258 74.216 C1184.801 156.329 1113.756 281.210 1036.720 300.011 C959.684 318.813 784.022 237.229 718.043 187.025 C652.063 136.822 633.194 57.680 640.843 -1.210 C648.492 -60.099 702.500 -134.400 763.937 -166.311 C825.374 -198.221 940.077 -232.759 1009.464 -192.671 C1078.851 -152.583 1175.716 -7.898 1180.258 74.216 Z
blob	svg	M2233.280 1930.470 C2234.710 1917.820 2274.320 1903.230 2300.990 1907.370 C2327.670 1911.520 2377.130 1939.070 2393.330 1955.310 C2409.530 1971.550 2406.400 1994.960 2398.180 2004.810 C2389.950 2014.670 2361.610 2018.060 2343.970 2014.470 C2326.340 2010.870 2310.820 1997.250 2292.370 1983.250 C2273.920 1969.250 2231.840 1943.110 2233.280 1930.470 Z
blob	tool	M3697.526 2982.165 C3721.745 2975.176 3782.038 3006.278 3799.032 3039.443 C3816.025 3072.609 3812.021 3148.195 3799.487 3181.159 C3786.952 3214.123 3748.120 3253.856 3723.825 3237.226 C3699.531 3220.595 3658.101 3123.884 3653.718 3081.374 C3649.334 3038.864 3673.307 2989.153 3697.526 2982.165 Z
blob	svg	M2899.920 2325.520 C2906.030 2316.870 2921.390 2300.650 2939.490 2304.910 C2957.580 2309.170 2993.790 2333.960 3008.480 2351.100 C3023.170 2368.230 3024.140 2391.430 3027.630 2407.730 C3031.130 2424.030 3043.000 2447.980 3029.440 2448.900 C3015.880 2449.810 2967.380 2428.560 2946.280 2413.200 C2925.180 2397.850 2910.550 2371.370 2902.820 2356.750 C2895.100 2342.140 2893.810 2334.160 2899.920 2325.520 Z
blob	tool	M198.531 1091.220 C198.051 1092.676 192.639 1094.964 190.558 1096.483 C188.476 1098.002 187.908 1099.148 186.043 1100.333 C184.177 1101.519 180.877 1104.122 179.364 1103.596 C177.852 1103.071 176.584 1098.858 176.967 1097.180 C177.349 1095.502 180.120 1094.595 181.661 1093.530 C183.202 1092.464 184.248 1091.752 186.211 1090.787 C188.173 1089.823 191.383 1087.673 193.436 1087.745 C195.489 1087.817 199.010 1089.764 198.531 1091.220 Z
blob	svg	M2476.800 4671.610 C2478.330 4656.490 2498.270 4627.880 2509.770 4624.220 C2521.270 4620.560 2536.300 4641.000 2545.820 4649.650 C2555.350 4658.310 2566.800 4664.590 2566.920 4676.130 C2567.040 4687.680 2557.600 4712.460 2546.540 4718.920 C2535.490 4725.390 2512.230 4722.790 2500.600 4714.900 C2488.980 4707.010 2475.270 4686.720 2476.800 4671.610 Z
blob	tool	M1471.323 3194.344 C1468.928 3198.589 1458.907 3199.068 1451.333 3196.404 C1443.760 3193.741 1427.560 3183.211 1425.881 3178.364 C1424.202 3173.518 1434.622 3168.562 1441.258 3167.323 C1447.895 3166.084 1460.688 3166.427 1465.699 3170.930 C1470.710 3175.434 1473.717 3190.098 1471.323 3194.344 Z
blob	svg	M2834.210 2025.390 C2833.940 2025.590 2833.200 2023.790 2832.670 2023.330 C2832.150 2022.870 2831.340 2023.240 2831.040 2022.650 C2830.740 2022.050 2830.760 2020.690 2830.870 2019.760 C2830.970 2018.840 2831.310 2017.880 2831.670 2017.080 C2832.030 2016.280 2832.640 2015.070 2833.010 2014.950 C2833.370 2014.820 2833.510 2015.630 2833.860 2016.330 C2834.220 2017.030 2834.740 2018.320 2835.150 2019.140 C2835.560 2019.960 2836.480 2020.740 2836.330 2021.250 C2836.180 2021.760 2834.610 2021.490 2834.260 2022.180 C2833.900 2022.870 2834.470 2025.200 2834.210 2025.390 Z
blob	tool	M1241.614 4743.325 C1241.927 4742.449 1242.567 4742.282 1243.780 4742.301 C1244.992 4742.321 1247.477 4743.486 1248.892 4743.443 C1250.307 4743.400 1251.441 4741.580 1252.268 4742.045 C1253.096 4742.510 1253.502 4744.976 1253.855 4746.233 C1254.208 4747.490 1254.901 4749.036 1254.386 4749.587 C1253.871 4750.137 1251.497 4749.098 1250.766 4749.533 C1250.035 4749.969 1250.482 4752.239 1250.002 4752.198 C1249.521 4752.157 1249.231 4750.062 1247.881 4749.288 C1246.531 4748.515 1242.947 4748.551 1241.903 4747.558 C1240.858 4746.564 1241.301 4744.201 1241.614 4743.325 Z
blob	svg	M4737.090 1021.330 C4735.190 1024.290 4739.470 1028.540 4735.480 1029.140 C4731.500 1029.740 4718.220 1027.020 4713.180 1024.940 C4708.130 1022.860 4707.870 1021.090 4705.230 1016.650 C4702.590 1012.210 4699.580 1003.540 4697.320 998.280 C4695.060 993.030 4690.530 987.420 4691.680 985.120 C4692.830 982.830 4699.150 983.240 4704.230 984.530 C4709.320 985.820 4717.140 989.700 4722.200 992.850 C4727.260 996.000 4730.460 1000.340 4734.570 1003.430 C4738.680 1006.510 4746.420 1008.380 4746.840 1011.370 C4747.260 1014.350 4738.980 1018.370 4737.090 1021.330 Z
blob	tool	M796.742 598.218 C801.618 598.603 808.156 599.634 810.327 602.139 C812.499 604.644 810.131 608.040 809.769 613.249 C809.407 618.458 811.078 631.025 808.156 633.394 C805.233 635.762 795.952 629.074 792.234 627.459 C788.516 625.844 788.528 625.960 785.847 623.704 C783.166 621.448 776.945 617.902 776.149 613.923 C775.352 609.944 777.637 602.447 781.069 599.830 C784.501 597.212 791.865 597.833 796.742 598.218 Z
blob	svg	M2011.310 435.960 C2023.820 440.270 2067.140 454.860 2066.330 464.500 C2065.520 474.130 2023.580 476.780 2006.440 493.780 C1989.300 510.770 1977.300 560.500 1963.490 566.460 C1949.690 572.420 1925.550 545.090 1923.610 529.530 C1921.670 513.970 1940.570 488.250 1951.860 473.100 C1963.140 457.950 1981.410 444.820 1991.320 438.630 C2001.230 432.440 1998.810 431.650 2011.310 435.960 Z
blob	tool	M3213.012 3453.552 C3191.214 3462.644 3149.253 3489.084 3130.928 3474.843 C3112.603 3460.602 3097.260 3400.548 3103.063 3368.104 C3108.866 3335.661 3150.896 3306.070 3165.745 3280.181 C3180.594 3254.292 3173.798 3214.268 3192.157 3212.770 C3210.515 3211.271 3264.303 3236.605 3275.896 3271.192 C3287.490 3305.779 3272.198 3389.898 3261.717 3420.291 C3251.237 3450.684 3234.811 3444.460 3213.012 3453.552 Z
blob	svg	M2389.990 396.010 C2389.530 396.220 2389.140 395.610 2388.440 395.290 C2387.740 394.970 2386.530 394.530 2385.810 394.080 C2385.100 393.630 2384.330 393.240 2384.130 392.590 C2383.940 391.930 2384.080 390.600 2384.650 390.160 C2385.220 389.720 2386.730 389.730 2387.550 389.930 C2388.370 390.130 2388.960 390.690 2389.570 391.370 C2390.180 392.050 2391.130 393.260 2391.190 394.030 C2391.260 394.800 2390.450 395.800 2389.990 396.010 Z
blob	tool	M2855.784 2197.445 C2857.320 2198.183 2859.062 2201.955 2859.141 2204.022 C2859.221 2206.089 2858.278 2209.045 2856.259 2209.848 C2854.240 2210.652 2848.083 2210.551 2847.027 2208.841 C2845.971 2207.132 2848.463 2201.490 2849.923 2199.591 C2851.382 2197.691 2854.247 2196.706 2855.784 2197.445 Z
blob	svg	M4612.160 628.750 C4599.890 617.320 4590.260 605.920 4579.510 591.460 C4568.760 577.000 4546.500 562.210 4547.660 542.000 C4548.830 521.800 4573.660 493.590 4586.520 470.230 C4599.380 446.880 4606.190 409.770 4624.800 401.880 C4643.420 393.980 4682.420 410.990 4698.210 422.880 C4714.000 434.760 4723.960 445.260 4719.540 473.190 C4715.120 501.120 4682.760 559.300 4671.690 590.430 C4660.630 621.570 4663.080 653.600 4653.160 659.990 C4643.230 666.370 4624.440 640.170 4612.160 628.750 Z
blob	tool	M1992.912 4073.384 C2007.156 4056.292 2045.656 4028.671 2067.004 4032.918 C2088.351 4037.165 2108.527 4076.018 2120.995 4098.866 C2133.463 4121.713 2148.624 4152.924 2141.809 4170.002 C2134.995 4187.080 2106.820 4207.091 2080.108 4201.336 C2053.397 4195.580 1996.073 4156.794 1981.540 4135.468 C1967.008 4114.143 1978.668 4090.476 1992.912 4073.384 Z
blob	svg	M4625.160 1555.580 C4624.250 1556.640 4623.790 1558.580 4622.300 1558.820 C4620.820 1559.050 4617.740 1558.070 4616.250 1556.990 C4614.750 1555.910 4613.700 1554.190 4613.350 1552.310 C4612.990 1550.430 4613.950 1547.990 4614.110 1545.710 C4614.270 1543.430 4612.820 1539.000 4614.300 1538.630 C4615.780 1538.250 4621.220 1542.200 4622.990 1543.460 C4624.750 1544.730 4624.100 1544.700 4624.900 1546.200 C4625.700 1547.700 4627.770 1550.900 4627.810 1552.470 C4627.850 1554.030 4626.080 1554.520 4625.160 1555.580 Z
blob	tool	M3284.393 1067.487 C3287.780 1064.524 3299.513 1071.057 3305.260 1076.463 C3311.006 1081.869 3317.428 1092.587 3318.872 1099.922 C3320.315 1107.256 3318.724 1117.910 3313.921 1120.468 C3309.118 1123.025 3294.885 1119.639 3290.055 1115.267 C3285.224 1110.896 3285.882 1102.201 3284.938 1094.238 C3283.994 1086.274 3281.006 1070.449 3284.393 1067.487 Z
blob	svg	M2856.760 1557.400 C2863.540 1554.740 2867.840 1551.010 2874.380 1551.700 C2880.920 1552.390 2888.650 1553.470 2895.990 1561.540 C2903.320 1569.610 2917.690 1590.060 2918.390 1600.150 C2919.080 1610.230 2904.740 1617.120 2900.150 1622.040 C2895.570 1626.960 2897.370 1630.630 2890.870 1629.670 C2884.370 1628.700 2869.030 1620.260 2861.150 1616.250 C2853.270 1612.240 2848.150 1613.680 2843.580 1605.590 C2839.000 1597.500 2831.510 1575.730 2833.710 1567.700 C2835.910 1559.670 2849.980 1560.070 2856.760 1557.400 Z
blob	tool	M2052.929 685.112 C2070.762 667.918 2121.007 680.275 2158.417 709.432 C2195.827 738.588 2273.469 813.431 2277.391 860.053 C2281.314 906.675 2219.614 997.072 2181.952 989.163 C2144.290 981.255 2072.921 863.275 2051.417 812.600 C2029.913 761.924 2035.095 702.307 2052.929 685.112 Z
blob	svg	M890.570 414.810 C881.570 411.980 874.590 405.380 871.550 395.410 C868.510 385.440 868.590 372.770 872.330 355.000 C876.080 337.230 886.950 298.590 894.000 288.780 C901.050 278.970 906.210 302.060 914.650 296.160 C923.090 290.260 939.720 250.870 944.640 253.370 C949.560 255.880 942.050 297.180 944.150 311.200 C946.250 325.210 958.430 327.980 957.240 337.460 C956.060 346.950 942.340 355.630 937.050 368.120 C931.770 380.600 933.280 404.600 925.530 412.380 C917.790 420.170 899.560 417.640 890.570 414.810 Z
blob	tool	M1472.829 1903.040 C1470.005 1902.410 1472.537 1892.009 1469.603 1888.690 C1466.669 1885.371 1455.089 1885.931 1455.224 1883.126 C1455.359 1880.321 1467.383 1875.790 1470.413 1871.858 C1473.443 1867.926 1471.792 1859.907 1473.403 1859.534 C1475.014 1859.160 1477.899 1867.829 1480.079 1869.617 C1482.259 1871.406 1483.782 1867.865 1486.481 1870.264 C1489.181 1872.663 1496.266 1880.310 1496.278 1884.011 C1496.289 1887.711 1490.457 1889.295 1486.549 1892.467 C1482.641 1895.638 1475.653 1903.669 1472.829 1903.040 Z
blob	svg	M4100.790 1509.840 C4092.360 1516.970 4071.400 1502.300 4062.690 1486.850 C4053.980 1471.390 4049.020 1437.470 4048.530 1417.120 C4048.040 1396.780 4051.770 1373.050 4059.770 1364.780 C4067.770 1356.500 4087.130 1360.710 4096.530 1367.450 C4105.930 1374.200 4113.370 1392.470 4116.160 1405.230 C4118.950 1418.000 4115.860 1426.620 4113.300 1444.050 C4110.740 1461.490 4109.230 1502.700 4100.790 1509.840 Z
blob	tool	M4300.576 170.021 C4329.221 149.038 4382.701 146.847 4444.996 157.245 C4507.291 167.642 4638.946 184.583 4674.347 232.408 C4709.748 280.233 4683.941 406.220 4657.401 444.194 C4630.861 482.169 4567.318 457.614 4515.107 460.255 C4462.895 462.896 4384.461 489.559 4344.131 460.040 C4303.801 430.521 4280.387 331.477 4273.127 283.141 C4265.868 234.804 4271.931 191.004 4300.576 170.021 Z
blob	svg	M648.180 -178.190 C678.680 -170.930 732.330 -170.820 751.060 -132.520 C769.790 -94.210 762.280 -4.370 760.580 51.630 C758.890 107.630 766.750 161.110 740.890 203.510 C715.020 245.910 643.520 302.020 605.400 306.020 C567.290 310.030 521.040 282.890 512.190 227.560 C503.330 172.230 542.970 41.320 552.280 -25.950 C561.580 -93.220 552.040 -150.680 568.020 -176.060 C584.010 -201.430 617.670 -185.450 648.180 -178.190 Z
blob	tool	M4057.558 298.290 C4057.039 307.993 4050.338 328.960 4040.931 330.377 C4031.525 331.794 4012.982 314.648 4001.117 306.793 C3989.252 298.939 3977.046 295.283 3969.744 283.251 C3962.442 271.219 3950.820 242.574 3957.306 234.600 C3963.793 226.625 3994.208 229.143 4008.664 235.404 C4023.120 241.664 4035.893 261.681 4044.042 272.162 C4052.191 282.643 4058.076 288.588 4057.558 298.290 Z
blob	svg	M3687.630 4352.910 C3681.700 4332.560 3714.080 4272.280 3739.910 4249.610 C3765.730 4226.930 3818.070 4210.650 3842.590 4216.850 C3867.110 4223.050 3898.200 4261.010 3887.020 4286.820 C3875.840 4312.630 3808.740 4360.680 3775.510 4371.690 C3742.270 4382.710 3693.570 4373.250 3687.630 4352.910 Z
blob	tool	M3991.837 1521.518 C3997.085 1520.807 4009.490 1524.198 4011.735 1530.997 C4013.980 1537.796 4008.745 1554.963 4005.307 1562.309 C4001.868 1569.656 3996.644 1574.789 3991.104 1575.075 C3985.565 1575.360 3973.878 1570.658 3972.068 1564.023 C3970.259 1557.387 3976.952 1542.345 3980.247 1535.261 C3983.542 1528.176 3986.589 1522.228 3991.837 1521.518 Z
blob	svg	M950.910 255.060 C943.570 252.260 936.390 239.080 934.580 231.580 C932.770 224.080 934.510 219.630 940.050 210.070 C945.580 200.510 959.300 181.250 967.790 174.190 C976.270 167.130 983.170 167.780 990.940 167.730 C998.720 167.680 1007.190 168.830 1014.430 173.900 C1021.670 178.970 1037.050 187.950 1034.370 198.150 C1031.700 208.350 1007.680 226.730 998.390 235.100 C989.100 243.480 986.550 245.080 978.640 248.410 C970.720 251.730 958.260 257.870 950.910 255.060 Z
blob	tool	M2110.383 925.955 C2110.768 924.901 2112.364 924.985 2113.272 924.613 C2114.180 924.242 2115.063 923.856 2115.832 923.725 C2116.601 923.594 2117.064 923.104 2117.886 923.825 C2118.707 924.545 2120.674 926.863 2120.760 928.049 C2120.847 929.235 2119.368 930.448 2118.404 930.941 C2117.440 931.434 2116.216 931.007 2114.976 931.006 C2113.736 931.006 2111.728 931.780 2110.962 930.938 C2110.197 930.096 2109.998 927.009 2110.383 925.955 Z
blob	svg	M1210.760 3011.140 C1245.660 3019.030 1266.180 3036.260 1281.900 3071.820 C1297.620 3107.380 1305.720 3191.080 1305.060 3224.480 C1304.400 3257.880 1297.540 3247.060 1277.950 3272.220 C1258.360 3297.370 1225.060 3367.260 1187.540 3375.420 C1150.020 3383.570 1077.300 3350.350 1052.820 3321.180 C1028.330 3292.000 1051.440 3240.840 1040.620 3200.370 C1029.810 3159.890 982.620 3107.640 987.930 3078.330 C993.240 3049.010 1035.370 3035.650 1072.510 3024.450 C1109.650 3013.250 1175.860 3003.240 1210.760 3011.140 Z
blob	tool	M627.965 679.080 C624.501 658.627 633.015 629.236 652.724 619.954 C672.432 610.671 718.394 624.972 746.216 623.385 C774.038 621.797 807.879 601.177 819.656 610.427 C831.434 619.676 827.183 662.919 816.880 678.882 C806.578 694.846 781.736 695.576 757.841 706.208 C733.947 716.840 695.158 747.196 673.512 742.674 C651.866 738.153 631.430 699.534 627.965 679.080 Z
blob	svg	M3002.600 4110.600 C3001.900 4110.960 3000.280 4110.300 2999.230 4109.780 C2998.190 4109.260 2996.690 4108.400 2996.350 4107.470 C2996.000 4106.550 2996.820 4104.960 2997.170 4104.230 C2997.520 4103.490 2997.880 4103.370 2998.460 4103.070 C2999.040 4102.770 2999.900 4102.710 3000.660 4102.430 C3001.430 4102.160 3002.630 4100.830 3003.040 4101.420 C3003.450 4102.020 3003.080 4104.960 3003.140 4106.000 C3003.200 4107.040 3003.510 4106.900 3003.420 4107.670 C3003.320 4108.440 3003.290 4110.250 3002.600 4110.600 Z
blob	tool	M1358.820 4853.178 C1358.620 4853.591 1357.526 4853.632 1357.107 4854.090 C1356.689 4854.549 1356.792 4855.836 1356.307 4855.929 C1355.823 4856.022 1354.979 4854.886 1354.198 4854.648 C1353.416 4854.411 1352.305 4855.049 1351.618 4854.505 C1350.931 4853.961 1350.015 4852.026 1350.074 4851.384 C1350.134 4850.741 1351.237 4850.733 1351.975 4850.650 C1352.714 4850.567 1353.631 4850.844 1354.505 4850.884 C1355.379 4850.924 1356.586 4850.771 1357.219 4850.893 C1357.852 4851.014 1358.036 4851.232 1358.303 4851.613 C1358.569 4851.994 1359.019 4852.765 1358.820 4853.178 Z
blob	svg	M2197.700 3972.900 C2192.340 3954.120 2212.040 3940.350 2229.980 3923.950 C2247.910 3907.560 2274.860 3879.610 2305.320 3874.540 C2335.790 3869.480 2367.400 3889.470 2412.760 3893.560 C2458.120 3897.650 2563.720 3877.030 2577.470 3899.080 C2591.230 3921.130 2496.530 3992.290 2495.270 4025.860 C2494.010 4059.440 2585.300 4074.300 2569.910 4100.530 C2554.520 4126.760 2450.080 4177.030 2402.930 4183.230 C2355.780 4189.430 2310.480 4162.170 2287.010 4137.730 C2263.540 4113.300 2277.010 4064.120 2262.120 4036.640 C2247.240 4009.170 2203.060 3991.680 2197.700 3972.900 Z
blob	tool	M3923.962 3451.782 C3925.987 3448.167 3932.465 3443.299 3936.251 3441.044 C3940.037 3438.789 3942.510 3438.834 3946.678 3438.254 C3950.847 3437.674 3958.816 3435.319 3961.260 3437.563 C3963.704 3439.807 3962.194 3447.922 3961.342 3451.718 C3960.491 3455.514 3956.561 3456.794 3956.150 3460.338 C3955.739 3463.882 3961.659 3469.955 3958.877 3472.981 C3956.096 3476.008 3945.256 3480.206 3939.460 3478.497 C3933.665 3476.789 3926.687 3467.184 3924.104 3462.732 C3921.521 3458.279 3921.938 3455.397 3923.962 3451.782 Z
blob	svg	M4721.810 3435.880 C4725.090 3429.060 4743.510 3431.400 4757.710 3435.260 C4771.910 3439.130 4802.300 3447.780 4807.020 3459.070 C4811.750 3470.360 4795.010 3492.090 4786.060 3503.010 C4777.110 3513.930 4761.330 3529.060 4753.320 3524.600 C4745.320 3520.130 4743.280 3490.990 4738.030 3476.210 C4732.770 3461.420 4718.530 3442.710 4721.810 3435.880 Z
blob	tool	M3329.994 1609.087 C3329.958 1609.971 3327.091 1611.916 3325.767 1612.166 C3324.442 1612.416 3322.644 1611.208 3322.045 1610.587 C3321.446 1609.965 3321.517 1609.059 3322.173 1608.438 C3322.829 1607.817 3324.676 1606.754 3325.979 1606.862 C3327.283 1606.970 3330.029 1608.203 3329.994 1609.087 Z
blob	svg	M1282.240 4227.480 C1295.760 4234.770 1327.650 4241.170 1331.110 4253.300 C1334.580 4265.430 1316.210 4282.550 1303.020 4300.260 C1289.840 4317.970 1265.000 4357.470 1252.000 4359.570 C1239.010 4361.680 1230.900 4325.580 1225.030 4312.880 C1219.160 4300.190 1212.630 4300.600 1216.790 4283.390 C1220.960 4266.170 1239.090 4218.910 1249.990 4209.590 C1260.900 4200.270 1268.720 4220.200 1282.240 4227.480 Z
blob	tool	M4112.545 873.583 C4112.249 874.187 4110.354 873.399 4108.969 873.418 C4107.585 873.438 4105.656 874.143 4104.236 873.700 C4102.817 873.257 4100.652 871.783 4100.454 870.762 C4100.255 869.740 4102.530 868.494 4103.044 867.573 C4103.558 866.652 4102.687 865.450 4103.539 865.236 C4104.391 865.021 4106.956 865.526 4108.156 866.286 C4109.357 867.045 4110.010 868.577 4110.741 869.794 C4111.473 871.010 4112.840 872.979 4112.545 873.583 Z
blob	svg	M716.490 2368.150 C733.050 2375.320 770.130 2332.180 778.290 2349.450 C786.450 2366.720 780.450 2444.450 765.440 2471.780 C750.440 2499.110 705.250 2516.560 688.260 2513.460 C671.270 2510.350 676.040 2468.450 663.490 2453.140 C650.950 2437.830 610.400 2446.040 612.970 2421.590 C615.540 2397.130 661.680 2315.330 678.930 2306.420 C696.180 2297.520 699.930 2360.980 716.490 2368.150 Z
blob	tool	M4918.558 939.968 C4918.535 938.294 4919.865 937.017 4921.442 936.384 C4923.020 935.750 4926.349 936.157 4928.023 936.166 C4929.697 936.175 4930.002 935.987 4931.489 936.439 C4932.975 936.892 4936.536 937.992 4936.940 938.882 C4937.344 939.772 4934.360 940.522 4933.912 941.780 C4933.464 943.037 4934.675 945.226 4934.251 946.426 C4933.826 947.625 4932.575 948.318 4931.364 948.977 C4930.153 949.636 4928.615 950.803 4926.985 950.378 C4925.355 949.953 4922.987 948.160 4921.583 946.425 C4920.178 944.690 4918.581 941.641 4918.558 939.968 Z
blob	svg	M3954.340 3593.760 C3953.240 3574.980 4013.710 3567.150 4039.240 3552.690 C4064.770 3538.220 4084.810 3521.970 4107.500 3506.970 C4130.180 3491.960 4153.990 3462.990 4175.340 3462.670 C4196.700 3462.350 4211.880 3489.030 4235.630 3505.040 C4259.380 3521.050 4313.590 3544.400 4317.840 3558.750 C4322.090 3573.090 4273.920 3571.080 4261.120 3591.090 C4248.310 3611.090 4268.210 3663.680 4241.000 3678.770 C4213.780 3693.870 4130.360 3683.880 4097.840 3681.640 C4065.310 3679.410 4069.780 3680.000 4045.860 3665.360 C4021.940 3650.710 3955.440 3612.540 3954.340 3593.760 Z
blob	tool	M2255.394 3810.527 C2255.344 3808.824 2254.286 3806.155 2256.176 3804.595 C2258.066 3803.036 2263.791 3800.810 2266.736 3801.169 C2269.681 3801.529 2273.413 3804.610 2273.846 3806.754 C2274.278 3808.898 2272.225 3812.691 2269.331 3814.034 C2266.437 3815.377 2258.803 3815.398 2256.480 3814.813 C2254.157 3814.229 2255.445 3812.230 2255.394 3810.527 Z
blob	svg	M1426.150 4167.400 C1426.530 4165.710 1429.760 4164.120 1432.110 4162.550 C1434.470 4160.980 1437.870 4158.640 1440.260 4157.980 C1442.640 4157.330 1444.000 4158.080 1446.430 4158.590 C1448.860 4159.110 1453.730 4159.870 1454.850 4161.070 C1455.970 4162.280 1453.600 4164.570 1453.160 4165.830 C1452.720 4167.100 1454.450 4167.160 1452.210 4168.680 C1449.970 4170.210 1443.470 4174.310 1439.730 4174.970 C1436.000 4175.640 1432.080 4173.950 1429.810 4172.680 C1427.550 4171.420 1425.770 4169.090 1426.150 4167.400 Z
blob	tool	M3630.189 4755.954 C3631.414 4757.821 3634.156 4763.221 3631.999 4764.631 C3629.842 4766.042 3620.535 4765.245 3617.248 4764.419 C3613.960 4763.594 3612.207 4761.172 3612.275 4759.680 C3612.344 4758.187 3615.595 4756.508 3617.657 4755.467 C3619.720 4754.426 3622.560 4753.353 3624.649 4753.434 C3626.737 4753.515 3628.964 4754.088 3630.189 4755.954 Z
blob	svg	M1358.950 2473.460 C1356.230 2472.710 1352.860 2466.430 1351.740 2463.460 C1350.620 2460.500 1350.810 2458.050 1352.250 2455.660 C1353.690 2453.280 1357.800 2449.200 1360.390 2449.160 C1362.990 2449.110 1366.540 2452.270 1367.820 2455.400 C1369.100 2458.530 1369.550 2464.940 1368.070 2467.940 C1366.600 2470.950 1361.670 2474.200 1358.950 2473.460 Z
blob	tool	M1300.241 379.674 C1295.155 377.778 1295.515 381.775 1291.216 380.582 C1286.917 379.390 1276.055 379.109 1274.447 372.518 C1272.839 365.927 1277.690 348.699 1281.569 341.038 C1285.449 333.377 1293.168 326.062 1297.723 326.555 C1302.278 327.047 1306.001 341.185 1308.900 343.994 C1311.799 346.802 1311.622 340.244 1315.117 343.405 C1318.611 346.567 1328.763 354.870 1329.865 362.963 C1330.967 371.055 1326.666 389.174 1321.729 391.959 C1316.791 394.744 1305.326 381.570 1300.241 379.674 Z
blob	svg	M1841.550 3244.360 C1825.780 3217.920 1840.390 3178.910 1855.400 3152.720 C1870.400 3126.530 1906.900 3096.830 1931.570 3087.210 C1956.230 3077.600 1976.580 3079.130 2003.390 3095.020 C2030.210 3110.920 2101.330 3146.530 2092.440 3182.580 C2083.550 3218.640 1991.860 3301.070 1950.050 3311.370 C1908.230 3321.670 1857.330 3270.800 1841.550 3244.360 Z
blob	tool	M4075.778 4823.637 C4062.401 4831.917 4025.811 4816.502 3996.418 4813.691 C3967.025 4810.881 3921.772 4813.798 3899.420 4806.776 C3877.068 4799.754 3870.202 4794.158 3862.305 4771.561 C3854.408 4748.963 3853.600 4703.215 3852.036 4671.189 C3850.471 4639.163 3839.501 4597.691 3852.917 4579.402 C3866.334 4561.114 3912.039 4555.272 3932.536 4561.456 C3953.033 4567.640 3963.305 4595.096 3975.899 4616.507 C3988.492 4637.918 3991.300 4665.337 4008.097 4689.922 C4024.894 4714.506 4065.402 4741.726 4076.682 4764.012 C4087.962 4786.298 4089.155 4815.357 4075.778 4823.637 Z
blob	svg	M4795.000 3045.730 C4798.750 3046.480 4798.930 3048.910 4802.900 3050.770 C4806.870 3052.640 4818.020 3053.330 4818.840 3056.910 C4819.670 3060.500 4810.590 3068.680 4807.850 3072.310 C4805.110 3075.940 4805.220 3073.110 4802.390 3078.690 C4799.550 3084.270 4794.140 3103.530 4790.840 3105.780 C4787.540 3108.030 4784.220 3097.390 4782.590 3092.200 C4780.960 3087.000 4782.270 3078.920 4781.070 3074.590 C4779.860 3070.270 4775.480 3070.950 4775.370 3066.230 C4775.260 3061.510 4777.150 3049.700 4780.430 3046.280 C4783.700 3042.860 4791.260 3044.990 4795.000 3045.730 Z
blob	tool	M4077.742 4384.048 C4082.026 4384.185 4084.682 4388.885 4090.231 4392.831 C4095.779 4396.778 4108.361 4401.120 4111.032 4407.728 C4113.702 4414.336 4110.797 4427.181 4106.254 4432.482 C4101.712 4437.782 4090.119 4441.091 4083.778 4439.530 C4077.437 4437.970 4072.017 4427.028 4068.207 4423.117 C4064.397 4419.207 4061.532 4421.253 4060.919 4416.069 C4060.306 4410.884 4061.725 4397.346 4064.529 4392.009 C4067.333 4386.672 4073.458 4383.911 4077.742 4384.048 Z
blob	svg	M595.190 18.850 C594.590 19.630 591.170 19.150 589.750 18.260 C588.320 17.370 587.100 14.640 586.620 13.500 C586.140 12.370 587.040 12.480 586.880 11.440 C586.720 10.400 585.070 7.340 585.640 7.270 C586.210 7.200 589.020 9.940 590.300 11.000 C591.580 12.050 592.510 12.310 593.330 13.620 C594.140 14.930 595.780 18.080 595.190 18.850 Z
blob	tool	M1683.165 2822.735 C1666.638 2801.236 1660.654 2801.720 1654.540 2781.933 C1648.426 2762.147 1631.267 2719.701 1646.482 2704.019 C1661.697 2688.336 1709.547 2694.535 1745.832 2687.839 C1782.117 2681.144 1835.750 2650.083 1864.190 2663.844 C1892.631 2677.605 1926.282 2741.413 1916.474 2770.406 C1906.667 2799.399 1832.473 2814.383 1805.345 2837.804 C1778.216 2861.225 1774.066 2913.443 1753.703 2910.932 C1733.340 2908.421 1699.692 2844.235 1683.165 2822.735 Z
blob	svg	M3390.720 1770.780 C3383.670 1765.510 3395.500 1725.900 3402.070 1704.310 C3408.650 1682.710 3415.990 1647.520 3430.170 1641.210 C3444.350 1634.900 3484.790 1650.660 3487.160 1666.440 C3489.530 1682.220 3460.450 1718.520 3444.380 1735.910 C3428.310 1753.300 3397.770 1776.040 3390.720 1770.780 Z
blob	tool	M3407.834 3567.350 C3399.803 3565.318 3403.062 3548.728 3398.953 3538.694 C3394.844 3528.661 3385.974 3520.282 3383.180 3507.149 C3380.387 3494.016 3379.822 3476.575 3382.194 3459.898 C3384.567 3443.221 3388.416 3413.755 3397.413 3407.085 C3406.410 3400.414 3427.877 3410.001 3436.177 3419.876 C3444.477 3429.751 3442.100 3452.283 3447.212 3466.336 C3452.324 3480.389 3466.860 3490.103 3466.848 3504.194 C3466.835 3518.285 3456.973 3540.357 3447.137 3550.883 C3437.302 3561.409 3415.865 3569.381 3407.834 3567.350 Z
blob	svg	M2183.500 3419.560 C2181.100 3394.690 2253.790 3374.590 2286.710 3375.880 C2319.620 3377.160 2343.380 3414.060 2380.980 3427.270 C2418.570 3440.480 2495.780 3429.990 2512.280 3455.130 C2528.790 3480.270 2508.130 3546.890 2480.000 3578.100 C2451.860 3609.320 2373.270 3651.240 2343.450 3642.410 C2313.640 3633.570 2327.740 3562.260 2301.080 3525.120 C2274.420 3487.980 2185.890 3444.440 2183.500 3419.560 Z
blob	tool	M2097.010 4455.349 C2082.520 4461.989 2073.654 4494.243 2059.918 4491.378 C2046.182 4488.513 2036.813 4458.239 2014.596 4438.159 C1992.380 4418.078 1940.423 4392.347 1926.620 4370.896 C1912.818 4349.445 1917.225 4329.442 1931.781 4309.451 C1946.336 4289.460 1991.072 4239.048 2013.952 4250.948 C2036.833 4262.848 2046.913 4347.420 2069.064 4380.851 C2091.215 4414.283 2142.203 4439.121 2146.860 4451.537 C2151.518 4463.954 2111.501 4448.709 2097.010 4455.349 Z
blob	svg	M2537.720 3652.150 C2537.110 3653.890 2534.440 3656.530 2531.680 3656.020 C2528.930 3655.520 2522.620 3651.020 2521.180 3649.110 C2519.750 3647.210 2520.700 3645.180 2523.050 3644.590 C2525.410 3643.990 2532.860 3644.290 2535.300 3645.550 C2537.750 3646.810 2538.320 3650.400 2537.720 3652.150 Z
